start_wh_document_id,end_wh_document_id,jarak_km,waktu_tempuh_menit
GDS,GDS,0,0
GDS,CRD,29.21,29.1
GDS,KJT,43.46,34.6
GDS,BKS,55.68,45
GDS,CBR,47.98,44
GDS,MPG,36.46,30.7
GDS,RWG,41.65,37.3
GDS,KBG,21.68,22.4
GDS,BSD,13.99,16.2
GDS,STB,34.32,29.8
GDS,MBS,32.28,28.2
GDS,DMT,18.92,19.1
GDS,DMG,17.34,17.9
GDS,KL_CKG,23.12,21.7
GDS,KL_KJ,48.77,41.5
GDS,ASTR-ASTR,52.21,43.6
GDS,BRW-BRW,38.1,31.7
GDS,MGL-MGL,30.43,26.5
GDS,WSI-ANCB,30.22,26.9
GDS,WSI-BTS,30.22,26.9
GDS,WSI-PIK,31.36,32.1
GDS,WSI-BSD,7.51,9
GDS,WSI-ANC,36.2,32.2
GDS,BKB-BKB,18.92,20.6
GDS,RFS-HANG,31.35,28.3
GDS,RFS-WOLT,34.36,30.4
GDS,MBL-MBL,36.81,31.3
GDS,ADS-ADS,32.9,28.1
GDS,LML-LML,18.43,20
GDS,HYP-HYP,34.6,30
GDS,SDJ-CNRE,28.53,28.6
GDS,SDJ-SDJE,33.46,33.8
GDS,SDJ-PSBC,30.76,26.6
GDS,SDJ-SCBD,32.75,27.5
GDS,SDJ-BNTR,18.91,20.1
GDS,SDJ-CJTA,43.14,36.2
GDS,SDJ-PJTN,33.73,34
GDS,SDJ-CBLH,18.69,19.7
GDS,SDJ-KTBT,51.04,42
GDS,SDJ-ODSS,33,27.8
GDS,SDJ-SOET,18.69,19.7
GDS,SDJ-SMB,56.93,48.4
GDS,SDJ-CBS,30.89,30.5
GDS,SDJ-PIM,27.32,29.2
GDS,SDJ-CBN,18.69,19.7
GDS,SDJ-BLV,25.94,27.5
GDS,BFL-BFL,36.48,32
GDS,BFL-KBY,34.89,29.9
GDS,DCGL-BAR,17.46,17.3
GDS,DCGS-BAR,1.91,3
GDS,DCGL-KITC,17.46,17.3
GDS,DCGS-KITC,17.46,17.3
GDS,DCBM-BAR,35.33,29.7
GDS,DCBM-KITC,35.33,29.7
GDS,MXW-PGJ,33.68,29.9
GDS,MXW-KGD,41.47,36.5
GDS,PPY-MTG,31.39,27.1
GDS,PPY-CTW,31.84,27.8
GDS,PPY-PI,26.93,28.1
GDS,PPY-GDS,0.23,0.6
GDS,TRF-TRF,30.75,29.9
GDS,TRF-CNRE,27.98,27.7
GDS,JOEL-JOEL,34.1,29.9
GDS,HMD-HMD,18.69,19.7
GDS,GO_PPL,36.16,30.5
GDS,GO_TBT,38.73,32.4
GDS,MDV-KBY,35.04,30.1
GDS,MDV-KGD,41.15,37.6
GDS,MDV-PURI,20.31,19.9
GDS,MDV-PDI,25.61,26.7
GDS,MDV-BNTR,20.83,21.6
GDS,MDV-PDHB,38.22,35.8
GDS,MDV-GRVY,27.5,28.6
GDS,SPHS-SPHS,29.17,24.7
GDS,DRSR-DRSR,32.33,28.7
GDS,EXP-EXP,31.67,27.2
GDS,EXP-AEON,6.28,9
GDS,HHP-HHP,33.27,28.5
GDS,GDL-BSD,3.4,4.7
GDS,GDL-PIK,30.55,30.5
GDS,GDL-MOI,41.01,39
GDS,GDL-KHI,49.5,42.3
GDS,GDL-RDL,28.53,29.6
GDS,GDL-PRGN,31.22,27.3
GDS,GDL-CNRE,28.96,28.1
GDS,GDL-PURI,19.66,18.8
GDS,GDL-ANC,38.89,33.8
GDS,GDL-GLC,17.02,17.7
GDS,GDL-SCBD,32.75,27.4
GDS,DDF-DDF,16.66,19.6
GDS,FDMX-VDLM,31.16,30.2
GDS,JIN-RST,41.45,36.3
GDS,JIN-CKC,33.68,29.9
GDS,PDLM-PDLM,33.17,27.8
GDS,GOF-GD,25.12,26.2
GDS,SMI-SMI,32.82,28.1
GDS,CST-RTIW,32.52,30
GDS,GRMK-PSQ,30.39,29.3
GDS,GRMK-CBN,45.64,37.8
GDS,GRMK-JUN,56.85,45.9
GDS,GRMK-KMY,31.86,28
GDS,GRMK-TJD,26.48,24.6
GDS,GRMK-VTR,21.65,22.3
GDS,GRMK-STBD,33.72,29.9
GDS,GRMK-FTM,29.59,28.9
GDS,GRMK-MRY,22.9,22.1
GDS,GRMK-DWS,34.48,32
GDS,GRMK-CBR,42.31,38.7
GDS,GRMK-EMP,32.55,27.4
GDS,GRMK-CMP,39.65,35.9
GDS,GRMK-LRT,42.76,38.7
GDS,GRMK-BSD,9.49,10.4
GDS,GRMK-GRH,13.85,15.1
GDS,GRMK-CPNG,39.08,35.3
GDS,GRMK-PLM,30.79,26.7
GDS,GRMK-DTA,37.96,31.3
GDS,GRMK-SOQ,27.5,27.4
GDS,GRMK-XML,48.4,39.8
GDS,GRMK-DMT,24.04,22.5
GDS,BRIK-STR,39.73,34.5
GDS,BRIK-ALS,8.53,9.8
GDS,BRIK-GDB,183.15,143.9
GDS,BRIK-CKR,76.11,63.4
GDS,BRIK-NRG,58.13,47.1
GDS,BRIK-LGK,5.6,7.3
GDS,BRIK-BLR,33.8,28
GDS,BRIK-STL,58.15,48.4
GDS,BRIK-KRW,97.28,76.5
GDS,BRIK-MTL,16.75,17.2
GDS,YMY-BTB,20.88,21.3
GDS,GLLR-GLLR,9.78,13.4
GDS,CSRR-CSRR,33.7,28.5
GDS,MTSJ-MTSJ,31.92,27.5
GDS,CST-GLN,27.64,29.1
GDS,MBG-MBG,34.7,34.6
GDS,CST-MBG,51.29,44.7
GDS,GDK-KGD,42.1,37.4
GDS,GDK-SCBD,32.41,27
GDS,CST-AYM,32.81,32.8
GDS,WTC-WTC,36.02,31.9
GDS,FYN-FYN,31.67,28.7
GDS,CST-FDC,31.77,29
GDS,MDS-MDS,32.76,28.4
GDS,MDS-SCBD,33.15,28.1
GDS,HKN-HKN,54.3,46.3
CRD,GDS,29.19,29.1
CRD,CRD,0,0
CRD,KJT,15.69,12.7
CRD,BKS,28.41,24.6
CRD,CBR,24.77,23.9
CRD,MPG,11.24,10.7
CRD,RWG,29.33,23.6
CRD,KBG,18.19,19.7
CRD,BSD,20.65,20
CRD,STB,18.64,16.5
CRD,MBS,22.21,19.2
CRD,DMT,25.99,23.7
CRD,DMG,26.03,23.5
CRD,KL_CKG,20.61,19.9
CRD,KL_KJ,39.21,31.6
CRD,ASTR-ASTR,36.38,32.6
CRD,BRW-BRW,13.53,13.3
CRD,MGL-MGL,20.36,17.5
CRD,WSI-ANCB,20.15,17.9
CRD,WSI-BTS,20.15,17.9
CRD,WSI-PIK,27.44,28.7
CRD,WSI-BSD,25.17,21.6
CRD,WSI-ANC,26.21,23.2
CRD,BKB-BKB,12.67,14.3
CRD,RFS-HANG,10.26,8.8
CRD,RFS-WOLT,11.15,12.9
CRD,MBL-MBL,11.25,10.8
CRD,ADS-ADS,14.3,13.2
CRD,LML-LML,12.18,13.6
CRD,HYP-HYP,16.41,15.5
CRD,SDJ-CNRE,7.83,9.9
CRD,SDJ-SDJE,9.1,10.1
CRD,SDJ-PSBC,20.69,17.6
CRD,SDJ-SCBD,14.34,13.1
CRD,SDJ-BNTR,10.84,11.4
CRD,SDJ-CJTA,14.34,13.2
CRD,SDJ-PJTN,9.37,10.4
CRD,SDJ-CBLH,10.63,11.1
CRD,SDJ-KTBT,29.59,24.6
CRD,SDJ-ODSS,11.37,12.1
CRD,SDJ-SOET,10.63,11.1
CRD,SDJ-SMB,34.61,32.5
CRD,SDJ-CBS,6.53,6.9
CRD,SDJ-PIM,5.77,6.3
CRD,SDJ-CBN,10.63,11.1
CRD,SDJ-BLV,1.33,2.8
CRD,BFL-BFL,20.66,20.9
CRD,BFL-KBY,10.25,10.8
CRD,DCGL-BAR,20.32,20.4
CRD,DCGS-BAR,27.55,26.9
CRD,DCGL-KITC,20.32,20.4
CRD,DCGS-KITC,20.32,20.4
CRD,DCBM-BAR,9.29,9.4
CRD,DCBM-KITC,9.29,9.4
CRD,MXW-PGJ,23.61,21
CRD,MXW-KGD,33.01,25.8
CRD,PPY-MTG,17.19,16.5
CRD,PPY-CTW,14.35,13.6
CRD,PPY-PI,5.37,5.2
CRD,PPY-GDS,29.43,29
CRD,TRF-TRF,1.81,2.5
CRD,TRF-CNRE,6.84,8.8
CRD,JOEL-JOEL,12.13,13.5
CRD,HMD-HMD,10.63,11.1
CRD,GO_PPL,8.62,8.2
CRD,GO_TBT,17.78,17.8
CRD,MDV-KBY,10.1,10.6
CRD,MDV-KGD,32.67,27
CRD,MDV-PURI,16.73,16.9
CRD,MDV-PDI,3.31,3.4
CRD,MDV-BNTR,8.42,9.5
CRD,MDV-PDHB,28.15,26.9
CRD,MDV-GRVY,5.95,5.7
CRD,SPHS-SPHS,14.51,12.6
CRD,DRSR-DRSR,18.3,17.5
CRD,EXP-EXP,13.08,12.2
CRD,EXP-AEON,25.52,23.7
CRD,HHP-HHP,11.64,12.8
CRD,GDL-BSD,26.53,26.7
CRD,GDL-PIK,26.63,27.1
CRD,GDL-MOI,32.55,28.3
CRD,GDL-KHI,38.87,31.3
CRD,GDL-RDL,6.97,6.7
CRD,GDL-PRGN,21.15,18.3
CRD,GDL-CNRE,4.93,6
CRD,GDL-PURI,17.28,17.3
CRD,GDL-ANC,28.91,24.6
CRD,GDL-GLC,19.87,20.8
CRD,GDL-SCBD,14.34,13.1
CRD,DDF-DDF,12.96,13.9
CRD,FDMX-VDLM,2.44,3
CRD,JIN-RST,32.99,25.6
CRD,JIN-CKC,23.61,21
CRD,PDLM-PDLM,14.76,13.4
CRD,GOF-GD,37.65,31.3
CRD,SMI-SMI,14.22,13.2
CRD,CST-RTIW,15.81,18.1
CRD,GRMK-PSQ,2.2,2.7
CRD,GRMK-CBN,29.81,26.8
CRD,GRMK-JUN,33.82,29
CRD,GRMK-KMY,21.79,19
CRD,GRMK-TJD,18.57,16
CRD,GRMK-VTR,5.94,6.6
CRD,GRMK-STBD,18.05,16.5
CRD,GRMK-FTM,5.22,5.2
CRD,GRMK-MRY,17.48,15.6
CRD,GRMK-DWS,17.78,20.2
CRD,GRMK-CBR,23.52,21.8
CRD,GRMK-EMP,22.56,18.4
CRD,GRMK-CMP,28.71,23.1
CRD,GRMK-LRT,34.27,28.1
CRD,GRMK-BSD,23.53,22.5
CRD,GRMK-GRH,19.21,19
CRD,GRMK-CPNG,24.17,19.7
CRD,GRMK-PLM,13.42,12
CRD,GRMK-DTA,12.95,12.8
CRD,GRMK-SOQ,3.14,3.8
CRD,GRMK-XML,28.77,24.1
CRD,GRMK-DMT,20.15,19.4
CRD,BRIK-STR,31.27,23.8
CRD,BRIK-ALS,28.1,25.5
CRD,BRIK-GDB,177.03,133.3
CRD,BRIK-CKR,54.89,47.6
CRD,BRIK-NRG,27.99,24.4
CRD,BRIK-LGK,34.9,31
CRD,BRIK-BLR,55.17,43.3
CRD,BRIK-STL,42.32,37.3
CRD,BRIK-KRW,76.06,60.8
CRD,BRIK-MTL,19.61,20.3
CRD,YMY-BTB,20.43,20.4
CRD,GLLR-GLLR,25.09,24.8
CRD,CSRR-CSRR,23.71,19.5
CRD,MTSJ-MTSJ,14.28,13.6
CRD,CST-GLN,6.08,6.2
CRD,MBG-MBG,10.34,11
CRD,CST-MBG,36.79,32.2
CRD,GDK-KGD,33.64,26.7
CRD,GDK-SCBD,14,12.7
CRD,CST-AYM,14.09,15.7
CRD,WTC-WTC,20.77,18.7
CRD,FYN-FYN,8.3,7.4
CRD,CST-FDC,12.23,13.3
CRD,MDS-MDS,11.79,11.4
CRD,MDS-SCBD,11.25,11.8
CRD,HKN-HKN,27,23.7
KJT,GDS,41.73,33.1
KJT,CRD,15.29,15.7
KJT,KJT,0,0
KJT,BKS,16.99,17.1
KJT,CBR,14.25,16.5
KJT,MPG,7.56,7.4
KJT,RWG,13.64,10.8
KJT,KBG,26.66,22.4
KJT,BSD,32.07,30.9
KJT,STB,13.1,11.2
KJT,MBS,17.69,17
KJT,DMT,33.13,24.3
KJT,DMG,33.17,24.1
KJT,KL_CKG,27.75,20.6
KJT,KL_KJ,23.52,18.8
KJT,ASTR-ASTR,28.88,26.8
KJT,BRW-BRW,5.31,5.1
KJT,MGL-MGL,15.87,15.1
KJT,WSI-ANCB,16.02,15.5
KJT,WSI-BTS,16.02,15.5
KJT,WSI-PIK,33.95,28.3
KJT,WSI-BSD,40.81,32.5
KJT,WSI-ANC,20.12,20.5
KJT,BKB-BKB,24.08,25.2
KJT,RFS-HANG,14.24,11.4
KJT,RFS-WOLT,11.8,10.7
KJT,MBL-MBL,13.45,11.7
KJT,ADS-ADS,14.21,11.4
KJT,LML-LML,23.6,24.6
KJT,HYP-HYP,12.07,9.6
KJT,SDJ-CNRE,18.47,21.1
KJT,SDJ-SDJE,9.54,11.3
KJT,SDJ-PSBC,14.88,14.2
KJT,SDJ-SCBD,11.98,8.9
KJT,SDJ-BNTR,22.26,22.4
KJT,SDJ-CJTA,5.57,7
KJT,SDJ-PJTN,9.36,10.8
KJT,SDJ-CBLH,22.05,22
KJT,SDJ-KTBT,14.35,13.7
KJT,SDJ-ODSS,12.48,9.6
KJT,SDJ-SOET,22.05,22
KJT,SDJ-SMB,21.67,20.6
KJT,SDJ-CBS,11.72,13.6
KJT,SDJ-PIM,17.78,16
KJT,SDJ-CBN,22.05,22
KJT,SDJ-BLV,16.47,17.8
KJT,BFL-BFL,16.82,17.5
KJT,BFL-KBY,11.47,9.6
KJT,DCGL-BAR,30.22,23.3
KJT,DCGS-BAR,42.9,33.7
KJT,DCGL-KITC,30.22,23.3
KJT,DCGS-KITC,30.22,23.3
KJT,DCBM-BAR,12.9,11
KJT,DCBM-KITC,12.9,11
KJT,MXW-PGJ,16.25,15.4
KJT,MXW-KGD,17.31,13.1
KJT,PPY-MTG,15.72,13.7
KJT,PPY-CTW,14.26,11.8
KJT,PPY-PI,18.25,15.6
KJT,PPY-GDS,41.96,33
KJT,TRF-TRF,13.98,14.3
KJT,TRF-CNRE,19.6,22.2
KJT,JOEL-JOEL,11.7,10.7
KJT,HMD-HMD,22.05,22
KJT,GO_PPL,14.16,12.2
KJT,GO_TBT,9.29,8.6
KJT,MDV-KBY,11.61,9.8
KJT,MDV-KGD,16.98,14.3
KJT,MDV-PURI,25.21,19.6
KJT,MDV-PDI,14.73,14.4
KJT,MDV-BNTR,19.83,20.5
KJT,MDV-PDHB,21.43,18.4
KJT,MDV-GRVY,15.97,14.6
KJT,SPHS-SPHS,15.01,11.5
KJT,DRSR-DRSR,15.74,13.4
KJT,EXP-EXP,12.98,10.5
KJT,EXP-AEON,36.94,34.7
KJT,HHP-HHP,12.74,10.3
KJT,GDL-BSD,44.96,36.8
KJT,GDL-PIK,33.14,26.7
KJT,GDL-MOI,16.86,15.5
KJT,GDL-KHI,23.18,18.5
KJT,GDL-RDL,14.73,13
KJT,GDL-PRGN,17.87,17.1
KJT,GDL-CNRE,17.69,19.4
KJT,GDL-PURI,25.76,20
KJT,GDL-ANC,19.35,19.3
KJT,GDL-GLC,29.77,23.7
KJT,GDL-SCBD,13,10.1
KJT,DDF-DDF,24.38,24.9
KJT,FDMX-VDLM,15.48,16.8
KJT,JIN-RST,17.3,12.9
KJT,JIN-CKC,16.24,15.4
KJT,PDLM-PDLM,11.39,9.7
KJT,GOF-GD,38.48,30.4
KJT,SMI-SMI,14.13,11.4
KJT,CST-RTIW,20.36,20.5
KJT,GRMK-PSQ,13.61,13.7
KJT,GRMK-CBN,22.31,21
KJT,GRMK-JUN,21.53,17.4
KJT,GRMK-KMY,14.36,13.8
KJT,GRMK-TJD,19.41,15.3
KJT,GRMK-VTR,17.35,17.5
KJT,GRMK-STBD,13.31,11.6
KJT,GRMK-FTM,12.87,13.4
KJT,GRMK-MRY,23.39,18.2
KJT,GRMK-DWS,19.66,20.6
KJT,GRMK-CBR,14.71,16
KJT,GRMK-EMP,23.4,17.7
KJT,GRMK-CMP,13.02,10.4
KJT,GRMK-LRT,18.58,15.4
KJT,GRMK-BSD,39.02,30.5
KJT,GRMK-GRH,29.99,27.4
KJT,GRMK-CPNG,8.48,7
KJT,GRMK-PLM,15.83,12.4
KJT,GRMK-DTA,5.64,5.3
KJT,GRMK-SOQ,14.55,14.8
KJT,GRMK-XML,13.08,11.4
KJT,GRMK-DMT,27.29,20
KJT,BRIK-STR,15.58,11.1
KJT,BRIK-ALS,38,28.4
KJT,BRIK-GDB,169.29,124.6
KJT,BRIK-CKR,40.85,35.6
KJT,BRIK-NRG,16.57,16.9
KJT,BRIK-LGK,44.8,33.9
KJT,BRIK-BLR,65.07,46.2
KJT,BRIK-STL,34.82,31.6
KJT,BRIK-KRW,62.01,48.7
KJT,BRIK-MTL,29.51,23.2
KJT,YMY-BTB,27.58,21.1
KJT,GLLR-GLLR,36.51,35.8
KJT,CSRR-CSRR,24.55,18.8
KJT,MTSJ-MTSJ,14.18,11.8
KJT,CST-GLN,15.89,14.9
KJT,MBG-MBG,8.75,10
KJT,CST-MBG,20.77,19.6
KJT,GDK-KGD,17.94,13.9
KJT,GDK-SCBD,12.66,9.7
KJT,CST-AYM,14.18,15.3
KJT,WTC-WTC,10.05,9.3
KJT,FYN-FYN,14.12,12.3
KJT,CST-FDC,14.24,13.4
KJT,MDS-MDS,15.23,12.7
KJT,MDS-SCBD,12.62,9.8
KJT,HKN-HKN,15.59,16.2
BKS,GDS,53.72,43.8
BKS,CRD,27.54,24.9
BKS,KJT,16.65,15.9
BKS,BKS,0,0
BKS,CBR,11.66,13.7
BKS,MPG,23.67,20.4
BKS,RWG,19.87,17.8
BKS,KBG,38.66,33.1
BKS,BSD,44.32,40.2
BKS,STB,25.1,21.9
BKS,MBS,29.83,26.4
BKS,DMT,45.13,35
BKS,DMG,45.17,34.8
BKS,KL_CKG,39.75,31.3
BKS,KL_KJ,23.95,20.4
BKS,ASTR-ASTR,42.11,35.9
BKS,BRW-BRW,21.67,18.8
BKS,MGL-MGL,29.11,24.9
BKS,WSI-ANCB,29.25,25.3
BKS,WSI-BTS,29.25,25.3
BKS,WSI-PIK,45.92,39
BKS,WSI-BSD,48.83,41.8
BKS,WSI-ANC,35.87,28.8
BKS,BKB-BKB,36.33,34.5
BKS,RFS-HANG,26.23,22.2
BKS,RFS-WOLT,23.8,21.4
BKS,MBL-MBL,25.45,22.4
BKS,ADS-ADS,26.2,22.1
BKS,LML-LML,35.84,33.8
BKS,HYP-HYP,24.06,20.3
BKS,SDJ-CNRE,30.72,30.4
BKS,SDJ-SDJE,24.07,23.6
BKS,SDJ-PSBC,28,24.1
BKS,SDJ-SCBD,23.98,19.6
BKS,SDJ-BNTR,34.51,31.7
BKS,SDJ-CJTA,17.77,16.7
BKS,SDJ-PJTN,25.48,23.9
BKS,SDJ-CBLH,34.29,31.3
BKS,SDJ-KTBT,8.04,9.5
BKS,SDJ-ODSS,24.47,20.3
BKS,SDJ-SOET,34.29,31.3
BKS,SDJ-SMB,6.22,8.2
BKS,SDJ-CBS,23.96,22.8
BKS,SDJ-PIM,29.43,26.5
BKS,SDJ-CBN,34.29,31.3
BKS,SDJ-BLV,28.72,27.1
BKS,BFL-BFL,30.04,26.6
BKS,BFL-KBY,23.46,20.4
BKS,DCGL-BAR,42.21,34
BKS,DCGS-BAR,54.89,44.4
BKS,DCGL-KITC,42.21,34
BKS,DCGS-KITC,42.21,34
BKS,DCBM-BAR,24.9,21.7
BKS,DCBM-KITC,24.9,21.7
BKS,MXW-PGJ,28.39,24.8
BKS,MXW-KGD,22.16,20
BKS,PPY-MTG,27.72,24.4
BKS,PPY-CTW,26.25,22.5
BKS,PPY-PI,29.04,25.5
BKS,PPY-GDS,53.96,43.7
BKS,TRF-TRF,26.23,23.5
BKS,TRF-CNRE,31.85,31.4
BKS,JOEL-JOEL,23.7,21.4
BKS,HMD-HMD,34.29,31.3
BKS,GO_PPL,26.16,22.9
BKS,GO_TBT,22.55,19.7
BKS,MDV-KBY,23.61,20.6
BKS,MDV-KGD,21.43,17.6
BKS,MDV-PURI,37.2,30.4
BKS,MDV-PDI,26.98,23.6
BKS,MDV-BNTR,32.08,29.7
BKS,MDV-PDHB,31.8,25.4
BKS,MDV-GRVY,27.96,25.3
BKS,SPHS-SPHS,27,22.2
BKS,DRSR-DRSR,27.74,24.1
BKS,EXP-EXP,24.98,21.2
BKS,EXP-AEON,49.18,43.9
BKS,HHP-HHP,24.74,21
BKS,GDL-BSD,50.2,46.9
BKS,GDL-PIK,45.11,37.4
BKS,GDL-MOI,22.35,21.4
BKS,GDL-KHI,10.99,10
BKS,GDL-RDL,26.73,23.8
BKS,GDL-PRGN,30.31,27.1
BKS,GDL-CNRE,29.94,28.6
BKS,GDL-PURI,37.75,30.7
BKS,GDL-ANC,31.49,28.7
BKS,GDL-GLC,41.77,34.4
BKS,GDL-SCBD,24.99,20.9
BKS,DDF-DDF,36.63,34.1
BKS,FDMX-VDLM,27.73,26.1
BKS,JIN-RST,22.14,19.8
BKS,JIN-CKC,28.38,24.8
BKS,PDLM-PDLM,23.39,20.4
BKS,GOF-GD,50.45,41.1
BKS,SMI-SMI,26.13,22.1
BKS,CST-RTIW,32.61,29.7
BKS,GRMK-PSQ,25.86,22.9
BKS,GRMK-CBN,35.54,30.1
BKS,GRMK-JUN,5.44,4.6
BKS,GRMK-KMY,27.05,22.8
BKS,GRMK-TJD,31.41,26
BKS,GRMK-VTR,29.6,26.8
BKS,GRMK-STBD,25.31,22.3
BKS,GRMK-FTM,25.12,22.7
BKS,GRMK-MRY,35.38,29
BKS,GRMK-DWS,31.9,29.8
BKS,GRMK-CBR,21.86,20.5
BKS,GRMK-EMP,35.39,28.4
BKS,GRMK-CMP,23.07,19.2
BKS,GRMK-LRT,21.08,19.4
BKS,GRMK-BSD,51.02,41.3
BKS,GRMK-GRH,41.99,38.2
BKS,GRMK-CPNG,18.34,17.7
BKS,GRMK-PLM,27.83,23.1
BKS,GRMK-DTA,21.52,18.4
BKS,GRMK-SOQ,26.8,24
BKS,GRMK-XML,12.76,11.1
BKS,GRMK-DMT,39.29,30.7
BKS,BRIK-STR,23.65,18.3
BKS,BRIK-ALS,49.99,39.1
BKS,BRIK-GDB,154.79,114.1
BKS,BRIK-CKR,27.06,23.6
BKS,BRIK-NRG,3.31,4.5
BKS,BRIK-LGK,56.8,44.6
BKS,BRIK-BLR,77.07,56.9
BKS,BRIK-STL,42.44,36.1
BKS,BRIK-KRW,47.51,38.3
BKS,BRIK-MTL,41.5,33.9
BKS,YMY-BTB,39.58,31.8
BKS,GLLR-GLLR,48.76,45
BKS,CSRR-CSRR,36.54,29.5
BKS,MTSJ-MTSJ,26.18,22.6
BKS,CST-GLN,27.89,25.7
BKS,MBG-MBG,25.97,23.4
BKS,CST-MBG,8.95,9.7
BKS,GDK-KGD,21.66,19.9
BKS,GDK-SCBD,24.65,20.5
BKS,CST-AYM,26.43,24.5
BKS,WTC-WTC,22.68,21.1
BKS,FYN-FYN,26.11,23
BKS,CST-FDC,26.23,24.1
BKS,MDS-MDS,27.22,23.5
BKS,MDS-SCBD,24.62,20.5
BKS,HKN-HKN,2.06,2.6
CBR,GDS,47.78,43.4
CBR,CRD,24,24.5
CBR,KJT,14.03,15.6
CBR,BKS,12.32,14.6
CBR,CBR,0,0
CBR,MPG,21.55,22.9
CBR,RWG,21.82,24.8
CBR,KBG,39.95,37.8
CBR,BSD,40.04,36.1
CBR,STB,26.38,26.6
CBR,MBS,31.73,32.6
CBR,DMT,46.41,39.7
CBR,DMG,46.45,39.5
CBR,KL_CKG,41.03,36
CBR,KL_KJ,32.73,28.1
CBR,ASTR-ASTR,28.06,26
CBR,BRW-BRW,19.34,20.7
CBR,MGL-MGL,29.91,30.7
CBR,WSI-ANCB,30.05,31.1
CBR,WSI-BTS,30.05,31.1
CBR,WSI-PIK,47.2,43.7
CBR,WSI-BSD,41.7,35.5
CBR,WSI-ANC,34.15,36.1
CBR,BKB-BKB,32.79,34
CBR,RFS-HANG,27.52,26.9
CBR,RFS-WOLT,25.09,26.1
CBR,MBL-MBL,26.74,27.1
CBR,ADS-ADS,27.49,26.8
CBR,LML-LML,32.3,33.3
CBR,HYP-HYP,25.35,25
CBR,SDJ-CNRE,27.2,26.9
CBR,SDJ-SDJE,20.53,23.1
CBR,SDJ-PSBC,28.91,29.8
CBR,SDJ-SCBD,25.26,24.3
CBR,SDJ-BNTR,30.97,31.2
CBR,SDJ-CJTA,14.23,16.2
CBR,SDJ-PJTN,21.22,24
CBR,SDJ-CBLH,30.75,30.8
CBR,SDJ-KTBT,16.05,16.2
CBR,SDJ-ODSS,25.76,25
CBR,SDJ-SOET,30.75,30.8
CBR,SDJ-SMB,18.52,22.6
CBR,SDJ-CBS,20.42,22.4
CBR,SDJ-PIM,25.89,26
CBR,SDJ-CBN,30.75,30.8
CBR,SDJ-BLV,25.18,26.6
CBR,BFL-BFL,15.99,16.8
CBR,BFL-KBY,24.75,25.1
CBR,DCGL-BAR,43.5,38.8
CBR,DCGS-BAR,46.39,40.9
CBR,DCGL-KITC,43.5,38.8
CBR,DCGS-KITC,43.5,38.8
CBR,DCBM-BAR,26.18,26.4
CBR,DCBM-KITC,26.18,26.4
CBR,MXW-PGJ,30.28,31
CBR,MXW-KGD,32.26,28.3
CBR,PPY-MTG,29,29.1
CBR,PPY-CTW,27.54,27.2
CBR,PPY-PI,25.5,25
CBR,PPY-GDS,47.64,43.1
CBR,TRF-TRF,22.68,23.1
CBR,TRF-CNRE,26.66,25.9
CBR,JOEL-JOEL,24.99,26.1
CBR,HMD-HMD,30.75,30.8
CBR,GO_PPL,24.97,25.1
CBR,GO_TBT,22.97,24.2
CBR,MDV-KBY,24.89,25.3
CBR,MDV-KGD,30.27,25.2
CBR,MDV-PURI,38.49,35.1
CBR,MDV-PDI,23.44,23.1
CBR,MDV-BNTR,28.54,29.2
CBR,MDV-PDHB,40.58,33.1
CBR,MDV-GRVY,26.07,25.4
CBR,SPHS-SPHS,28.29,26.9
CBR,DRSR-DRSR,29.02,28.8
CBR,EXP-EXP,26.27,25.9
CBR,EXP-AEON,42.05,37.6
CBR,HHP-HHP,26.03,25.7
CBR,GDL-BSD,45.35,40.7
CBR,GDL-PIK,46.4,42.1
CBR,GDL-MOI,31.18,29
CBR,GDL-KHI,25.22,23.3
CBR,GDL-RDL,27.1,26.5
CBR,GDL-PRGN,31.91,32.7
CBR,GDL-CNRE,27.64,26.4
CBR,GDL-PURI,39.04,35.4
CBR,GDL-ANC,33.38,34.9
CBR,GDL-GLC,43.05,39.1
CBR,GDL-SCBD,26.28,25.6
CBR,DDF-DDF,33.08,33.7
CBR,FDMX-VDLM,24.18,25.6
CBR,JIN-RST,32.24,28.1
CBR,JIN-CKC,30.28,31
CBR,PDLM-PDLM,24.67,25.1
CBR,GOF-GD,51.74,45.8
CBR,SMI-SMI,27.41,26.8
CBR,CST-RTIW,21.61,21.6
CBR,GRMK-PSQ,22.32,22.5
CBR,GRMK-CBN,21.49,20.2
CBR,GRMK-JUN,17.74,19
CBR,GRMK-KMY,28.39,29.4
CBR,GRMK-TJD,32.69,30.7
CBR,GRMK-VTR,26.06,26.3
CBR,GRMK-STBD,26.6,27
CBR,GRMK-FTM,21.57,22.2
CBR,GRMK-MRY,36.67,33.7
CBR,GRMK-DWS,20.91,21.7
CBR,GRMK-CBR,8,12.3
CBR,GRMK-EMP,36.68,33.1
CBR,GRMK-CMP,25.68,25.9
CBR,GRMK-LRT,29.93,27.9
CBR,GRMK-BSD,42.93,37.6
CBR,GRMK-GRH,39.34,38.7
CBR,GRMK-CPNG,21.14,22.5
CBR,GRMK-PLM,29.12,27.9
CBR,GRMK-DTA,19.67,20.9
CBR,GRMK-SOQ,23.26,23.5
CBR,GRMK-XML,20.01,21.2
CBR,GRMK-DMT,40.58,35.5
CBR,BRIK-STR,28.24,26.6
CBR,BRIK-ALS,46.8,41.5
CBR,BRIK-GDB,161.42,123.7
CBR,BRIK-CKR,39.36,38
CBR,BRIK-NRG,11.9,14.5
CBR,BRIK-LGK,52.46,46.5
CBR,BRIK-BLR,78.36,61.6
CBR,BRIK-STL,28.5,27.8
CBR,BRIK-KRW,62.51,52.3
CBR,BRIK-MTL,42.79,38.6
CBR,YMY-BTB,40.86,36.5
CBR,GLLR-GLLR,41.62,38.7
CBR,CSRR-CSRR,37.83,34.2
CBR,MTSJ-MTSJ,27.46,27.3
CBR,CST-GLN,26.2,25.9
CBR,MBG-MBG,21.83,23.8
CBR,CST-MBG,23.25,23.7
CBR,GDK-KGD,30.5,28.4
CBR,GDK-SCBD,25.94,25.2
CBR,CST-AYM,23.5,23.7
CBR,WTC-WTC,24.08,24.9
CBR,FYN-FYN,28.43,27.1
CBR,CST-FDC,27.52,28.8
CBR,MDS-MDS,28.51,28.2
CBR,MDS-SCBD,25.9,25.3
CBR,HKN-HKN,10.92,13.8
MPG,GDS,36.52,30.8
MPG,CRD,10.74,10
MPG,KJT,7.66,8.2
MPG,BKS,25.26,22
MPG,CBR,21.62,21.3
MPG,MPG,0,0
MPG,RWG,17.31,15.9
MPG,KBG,21.45,20.1
MPG,BSD,27.52,25.2
MPG,STB,9.48,10.6
MPG,MBS,17.84,16.3
MPG,DMT,27.92,22
MPG,DMG,27.96,21.8
MPG,KL_CKG,22.54,18.3
MPG,KL_KJ,27.19,23.9
MPG,ASTR-ASTR,34.65,30
MPG,BRW-BRW,2.89,4.3
MPG,MGL-MGL,15.99,14.5
MPG,WSI-ANCB,15.78,15
MPG,WSI-BTS,15.78,15
MPG,WSI-PIK,28.74,26
MPG,WSI-BSD,32.04,26.9
MPG,WSI-ANC,21.84,20.2
MPG,BKB-BKB,19.54,19.6
MPG,RFS-HANG,9.03,9.2
MPG,RFS-WOLT,6.15,7.6
MPG,MBL-MBL,4.14,5.7
MPG,ADS-ADS,9,9.1
MPG,LML-LML,19.05,18.9
MPG,HYP-HYP,6.86,7
MPG,SDJ-CNRE,13.92,15.7
MPG,SDJ-SDJE,3.71,5.1
MPG,SDJ-PSBC,13.45,13
MPG,SDJ-SCBD,6.77,6.6
MPG,SDJ-BNTR,17.71,16.7
MPG,SDJ-CJTA,11.19,10.6
MPG,SDJ-PJTN,4.4,6
MPG,SDJ-CBLH,17.5,16.3
MPG,SDJ-KTBT,18.02,18.7
MPG,SDJ-ODSS,7.27,7.3
MPG,SDJ-SOET,17.5,16.3
MPG,SDJ-SMB,25.34,25.7
MPG,SDJ-CBS,7.17,7.9
MPG,SDJ-PIM,12.64,11.6
MPG,SDJ-CBN,17.5,16.3
MPG,SDJ-BLV,11.92,12.1
MPG,BFL-BFL,18.48,17.8
MPG,BFL-KBY,5.81,6.6
MPG,DCGL-BAR,25,21
MPG,DCGS-BAR,37.69,31.4
MPG,DCGL-KITC,25,21
MPG,DCGS-KITC,25,21
MPG,DCBM-BAR,7.24,7.9
MPG,DCBM-KITC,7.24,7.9
MPG,MXW-PGJ,16.37,16.4
MPG,MXW-KGD,20.99,18.1
MPG,PPY-MTG,10.52,11
MPG,PPY-CTW,9.05,9.5
MPG,PPY-PI,12.24,10.5
MPG,PPY-GDS,36.75,30.7
MPG,TRF-TRF,9.43,8.6
MPG,TRF-CNRE,15.05,16.5
MPG,JOEL-JOEL,6.04,7.7
MPG,HMD-HMD,17.5,16.3
MPG,GO_PPL,8.5,9.1
MPG,GO_TBT,6.93,8.4
MPG,MDV-KBY,5.95,6.8
MPG,MDV-KGD,20.65,19.3
MPG,MDV-PURI,20,17.4
MPG,MDV-PDI,10.18,8.7
MPG,MDV-BNTR,15.29,14.8
MPG,MDV-PDHB,20.9,22.3
MPG,MDV-GRVY,12.82,11
MPG,SPHS-SPHS,9.8,9.2
MPG,DRSR-DRSR,10.54,10.8
MPG,EXP-EXP,7.77,8.2
MPG,EXP-AEON,32.39,29
MPG,HHP-HHP,7.53,8
MPG,GDL-BSD,33.4,32
MPG,GDL-PIK,27.93,24.4
MPG,GDL-MOI,20.53,20.6
MPG,GDL-KHI,26.85,23.6
MPG,GDL-RDL,9.07,10
MPG,GDL-PRGN,16.78,15.3
MPG,GDL-CNRE,13.14,13.7
MPG,GDL-PURI,20.54,17.7
MPG,GDL-ANC,19.47,20.2
MPG,GDL-GLC,24.56,21.4
MPG,GDL-SCBD,7.78,7.9
MPG,DDF-DDF,19.83,19.2
MPG,FDMX-VDLM,10.93,11.1
MPG,JIN-RST,20.97,17.9
MPG,JIN-CKC,16.36,16.4
MPG,PDLM-PDLM,6.19,7.1
MPG,GOF-GD,33.27,28.1
MPG,SMI-SMI,8.92,9.1
MPG,CST-RTIW,20.23,18.1
MPG,GRMK-PSQ,9.07,8
MPG,GRMK-CBN,28.08,24.2
MPG,GRMK-JUN,25.2,22.5
MPG,GRMK-KMY,14.55,14.5
MPG,GRMK-TJD,14.2,13
MPG,GRMK-VTR,12.8,11.8
MPG,GRMK-STBD,9.32,10
MPG,GRMK-FTM,8.32,7.7
MPG,GRMK-MRY,18.18,16
MPG,GRMK-DWS,19.55,19.8
MPG,GRMK-CBR,20.37,19.2
MPG,GRMK-EMP,18.19,15.4
MPG,GRMK-CMP,16.69,15.4
MPG,GRMK-LRT,22.25,20.4
MPG,GRMK-BSD,30.4,27.8
MPG,GRMK-GRH,26.08,24.3
MPG,GRMK-CPNG,12.15,12
MPG,GRMK-PLM,10.62,10.1
MPG,GRMK-DTA,1.94,3.2
MPG,GRMK-SOQ,10.01,9.1
MPG,GRMK-XML,16.75,16.4
MPG,GRMK-DMT,22.08,17.7
MPG,BRIK-STR,19.25,16.1
MPG,BRIK-ALS,32.79,26.1
MPG,BRIK-GDB,172.96,129.6
MPG,BRIK-CKR,44.52,40.7
MPG,BRIK-NRG,24.84,21.8
MPG,BRIK-LGK,39.59,31.6
MPG,BRIK-BLR,59.86,43.9
MPG,BRIK-STL,40.59,34.8
MPG,BRIK-KRW,65.69,53.8
MPG,BRIK-MTL,24.29,20.9
MPG,YMY-BTB,22.37,18.8
MPG,GLLR-GLLR,31.96,30.1
MPG,CSRR-CSRR,19.34,16.5
MPG,MTSJ-MTSJ,8.97,9.6
MPG,CST-GLN,12.95,11.5
MPG,MBG-MBG,5.42,6.6
MPG,CST-MBG,24.44,24.6
MPG,GDK-KGD,21.61,19
MPG,GDK-SCBD,7.45,7.5
MPG,CST-AYM,11.05,13.3
MPG,WTC-WTC,10.74,11.8
MPG,FYN-FYN,8.46,9.3
MPG,CST-FDC,9.03,11.1
MPG,MDS-MDS,10.02,10.5
MPG,MDS-SCBD,7.41,7.5
MPG,HKN-HKN,23.85,21.1
RWG,GDS,39.98,35.7
RWG,CRD,26.7,24.3
RWG,KJT,13.38,11.2
RWG,BKS,21.01,18
RWG,CBR,21.65,25.1
RWG,MPG,17.09,14.9
RWG,RWG,0,0
RWG,KBG,24.92,25
RWG,BSD,41.34,39.3
RWG,STB,10.11,10.8
RWG,MBS,13.72,13.8
RWG,DMT,30.34,26.3
RWG,DMG,30.38,26.1
RWG,KL_CKG,24.96,22.6
RWG,KL_KJ,15.75,14.9
RWG,ASTR-ASTR,41.78,37.4
RWG,BRW-BRW,14.81,13.2
RWG,MGL-MGL,11.9,12
RWG,WSI-ANCB,12.05,12.3
RWG,WSI-BTS,12.05,12.3
RWG,WSI-PIK,31.06,30.5
RWG,WSI-BSD,39.06,35.1
RWG,WSI-ANC,16.15,17.3
RWG,BKB-BKB,30.37,32.4
RWG,RFS-HANG,14.84,15.5
RWG,RFS-WOLT,17.22,15.9
RWG,MBL-MBL,18.87,16.9
RWG,ADS-ADS,12.06,13.8
RWG,LML-LML,29.89,31.7
RWG,HYP-HYP,11.04,11.5
RWG,SDJ-CNRE,29.88,30
RWG,SDJ-SDJE,19.08,18.9
RWG,SDJ-PSBC,10.91,11
RWG,SDJ-SCBD,17.4,14.1
RWG,SDJ-BNTR,31.53,30.8
RWG,SDJ-CJTA,18.47,17.6
RWG,SDJ-PJTN,18.9,18.4
RWG,SDJ-CBLH,31.32,30.4
RWG,SDJ-KTBT,11.99,14.2
RWG,SDJ-ODSS,13.85,14.6
RWG,SDJ-SOET,31.32,30.4
RWG,SDJ-SMB,17.72,17.1
RWG,SDJ-CBS,23.12,22.2
RWG,SDJ-PIM,20.57,21.1
RWG,SDJ-CBN,31.32,30.4
RWG,SDJ-BLV,27.88,26.4
RWG,BFL-BFL,31.76,28
RWG,BFL-KBY,16.88,14.9
RWG,DCGL-BAR,28.47,26
RWG,DCGS-BAR,41.15,36.4
RWG,DCGL-KITC,28.47,26
RWG,DCGS-KITC,28.47,26
RWG,DCBM-BAR,18.32,16.2
RWG,DCBM-KITC,18.32,16.2
RWG,MXW-PGJ,12.28,12.3
RWG,MXW-KGD,7.86,9.1
RWG,PPY-MTG,11.26,11.7
RWG,PPY-CTW,11.51,13.5
RWG,PPY-PI,21.03,20.7
RWG,PPY-GDS,40.22,35.7
RWG,TRF-TRF,25.38,22.9
RWG,TRF-CNRE,31,30.8
RWG,JOEL-JOEL,17.12,15.9
RWG,HMD-HMD,31.32,30.4
RWG,GO_PPL,17.01,17.3
RWG,GO_TBT,11.49,11.7
RWG,MDV-KBY,17.03,15.1
RWG,MDV-KGD,7.39,8.2
RWG,MDV-PURI,23.46,22.3
RWG,MDV-PDI,22.48,21.4
RWG,MDV-BNTR,27.24,27.3
RWG,MDV-PDHB,13.66,14.5
RWG,MDV-GRVY,21.38,19.8
RWG,SPHS-SPHS,14.15,15.7
RWG,DRSR-DRSR,10.93,11.3
RWG,EXP-EXP,13.75,15.1
RWG,EXP-AEON,42.88,40.4
RWG,HHP-HHP,14.12,15.2
RWG,GDL-BSD,43.21,39.5
RWG,GDL-PIK,30.26,28.9
RWG,GDL-MOI,9.09,11.6
RWG,GDL-KHI,12.1,10.8
RWG,GDL-RDL,20.15,18.2
RWG,GDL-PRGN,13.9,14
RWG,GDL-CNRE,29.09,28
RWG,GDL-PURI,24.01,22.6
RWG,GDL-ANC,15.38,16.1
RWG,GDL-GLC,28.02,26.4
RWG,GDL-SCBD,13.59,14.2
RWG,DDF-DDF,31.78,31.8
RWG,FDMX-VDLM,26.88,25.4
RWG,JIN-RST,7.84,8.9
RWG,JIN-CKC,12.27,12.2
RWG,PDLM-PDLM,16.81,14.9
RWG,GOF-GD,35.6,32.7
RWG,SMI-SMI,11.73,13.7
RWG,CST-RTIW,33.53,29.9
RWG,GRMK-PSQ,25.02,22.3
RWG,GRMK-CBN,35.21,31.6
RWG,GRMK-JUN,20.23,16.9
RWG,GRMK-KMY,10.39,10.6
RWG,GRMK-TJD,17.57,18
RWG,GRMK-VTR,24.75,24.4
RWG,GRMK-STBD,10.32,11.2
RWG,GRMK-FTM,23.72,21.7
RWG,GRMK-MRY,21.64,20.9
RWG,GRMK-DWS,32.83,30
RWG,GRMK-CBR,24.47,22.2
RWG,GRMK-EMP,18.9,19.4
RWG,GRMK-CMP,6.38,7.3
RWG,GRMK-LRT,6.78,8.3
RWG,GRMK-BSD,37.27,33.2
RWG,GRMK-GRH,33.28,31.3
RWG,GRMK-CPNG,4.8,6.2
RWG,GRMK-PLM,14.97,16.6
RWG,GRMK-DTA,14.94,12.9
RWG,GRMK-SOQ,23.87,23.2
RWG,GRMK-XML,10.35,11.3
RWG,GRMK-DMT,24.51,22
RWG,BRIK-STR,7.8,7.1
RWG,BRIK-ALS,36.25,31.1
RWG,BRIK-GDB,168.18,127.7
RWG,BRIK-CKR,41.85,35.8
RWG,BRIK-NRG,23.46,20.1
RWG,BRIK-LGK,43.06,36.6
RWG,BRIK-BLR,63.33,48.9
RWG,BRIK-STL,45.05,37.8
RWG,BRIK-KRW,60.9,51.8
RWG,BRIK-MTL,27.76,25.9
RWG,YMY-BTB,24.79,23.1
RWG,GLLR-GLLR,44.04,42.3
RWG,CSRR-CSRR,18.85,18.5
RWG,MTSJ-MTSJ,11.58,13.2
RWG,CST-GLN,21.31,20.2
RWG,MBG-MBG,19.4,17.9
RWG,CST-MBG,13.89,13.3
RWG,GDK-KGD,7.36,8.9
RWG,GDK-SCBD,13.26,13.8
RWG,CST-AYM,27.35,24.7
RWG,WTC-WTC,6.08,6.1
RWG,FYN-FYN,19.53,17.5
RWG,CST-FDC,15,18
RWG,MDS-MDS,16,17.4
RWG,MDS-SCBD,13.99,14.8
RWG,HKN-HKN,17.58,19.7
KBG,GDS,20.93,21.8
KBG,CRD,18.24,20
KBG,KJT,25.5,21.9
KBG,BKS,37.72,32.2
KBG,CBR,38.18,35.8
KBG,MPG,18.5,17.9
KBG,RWG,23.69,24.5
KBG,KBG,0,0
KBG,BSD,29.22,29
KBG,STB,16.35,17.1
KBG,MBS,14.32,15.5
KBG,DMT,13.11,12.3
KBG,DMG,13.15,12.2
KBG,KL_CKG,6.52,8.2
KBG,KL_KJ,29.3,28.5
KBG,ASTR-ASTR,52.98,45.9
KBG,BRW-BRW,20.14,19
KBG,MGL-MGL,12.46,13.8
KBG,WSI-ANCB,12.26,14.2
KBG,WSI-BTS,12.26,14.2
KBG,WSI-PIK,14.73,18.7
KBG,WSI-BSD,20.01,21.2
KBG,WSI-ANC,18.94,19.5
KBG,BKB-BKB,17.89,22
KBG,RFS-HANG,12.39,13.9
KBG,RFS-WOLT,16.4,17.6
KBG,MBL-MBL,15.44,17.8
KBG,ADS-ADS,14.93,15.4
KBG,LML-LML,17.4,21.3
KBG,HYP-HYP,16.64,17.3
KBG,SDJ-CNRE,27,30.3
KBG,SDJ-SDJE,20.49,21.9
KBG,SDJ-PSBC,12.8,13.9
KBG,SDJ-SCBD,14.79,14.7
KBG,SDJ-BNTR,20.72,24.2
KBG,SDJ-CJTA,27.74,27.6
KBG,SDJ-PJTN,20.31,21.5
KBG,SDJ-CBLH,20.51,23.8
KBG,SDJ-KTBT,33.08,29.3
KBG,SDJ-ODSS,15.04,15.1
KBG,SDJ-SOET,20.51,23.8
KBG,SDJ-SMB,38.97,35.7
KBG,SDJ-CBS,19.93,21.3
KBG,SDJ-PIM,14.32,15.9
KBG,SDJ-CBN,20.51,23.8
KBG,SDJ-BLV,19.46,21.5
KBG,BFL-BFL,36.81,33.7
KBG,BFL-KBY,14.87,17.6
KBG,DCGL-BAR,8.39,11.2
KBG,DCGS-BAR,22.1,22.4
KBG,DCGL-KITC,8.39,11.2
KBG,DCGS-KITC,8.39,11.2
KBG,DCBM-BAR,13.91,16.1
KBG,DCBM-KITC,13.91,16.1
KBG,MXW-PGJ,15.72,17.2
KBG,MXW-KGD,23.5,23.8
KBG,PPY-MTG,13.43,14.3
KBG,PPY-CTW,13.88,15.1
KBG,PPY-PI,14.79,15.5
KBG,PPY-GDS,21.17,21.7
KBG,TRF-TRF,19.79,20.8
KBG,TRF-CNRE,23.77,27.1
KBG,JOEL-JOEL,16.14,17.1
KBG,HMD-HMD,20.51,23.8
KBG,GO_PPL,14.02,16.2
KBG,GO_TBT,20.77,19.7
KBG,MDV-KBY,14.73,17.3
KBG,MDV-KGD,23.19,24.9
KBG,MDV-PURI,2.41,5.3
KBG,MDV-PDI,16.23,16.1
KBG,MDV-BNTR,16.17,19.2
KBG,MDV-PDHB,23.61,23.4
KBG,MDV-GRVY,14.39,15.3
KBG,SPHS-SPHS,11.2,12
KBG,DRSR-DRSR,14.37,16
KBG,EXP-EXP,13.71,14.4
KBG,EXP-AEON,23.83,26.4
KBG,HHP-HHP,15.31,15.8
KBG,GDL-BSD,24.17,25.5
KBG,GDL-PIK,13.93,17.1
KBG,GDL-MOI,23.05,26.2
KBG,GDL-KHI,31.53,29.6
KBG,GDL-RDL,13.75,15.6
KBG,GDL-PRGN,13.26,14.5
KBG,GDL-CNRE,21.86,24.3
KBG,GDL-PURI,2.7,4.9
KBG,GDL-ANC,19.42,20.8
KBG,GDL-GLC,8.71,11.9
KBG,GDL-SCBD,14.79,14.7
KBG,DDF-DDF,17.18,20.8
KBG,FDMX-VDLM,19.37,21.3
KBG,JIN-RST,23.49,23.6
KBG,JIN-CKC,15.71,17.2
KBG,PDLM-PDLM,15.21,15
KBG,GOF-GD,18.44,20.8
KBG,SMI-SMI,14.86,15.3
KBG,CST-RTIW,33.3,32.7
KBG,GRMK-PSQ,19.42,20.2
KBG,GRMK-CBN,46.41,40.1
KBG,GRMK-JUN,38.88,33.1
KBG,GRMK-KMY,13.9,15.3
KBG,GRMK-TJD,7.48,11.6
KBG,GRMK-VTR,13.69,16.3
KBG,GRMK-STBD,15.76,17.2
KBG,GRMK-FTM,18.62,19.7
KBG,GRMK-MRY,3.11,4.6
KBG,GRMK-DWS,35.27,34.8
KBG,GRMK-CBR,36.59,32.9
KBG,GRMK-EMP,15.28,14.7
KBG,GRMK-CMP,21.69,23.2
KBG,GRMK-LRT,24.8,26
KBG,GRMK-BSD,18.23,19.3
KBG,GRMK-GRH,12.55,15.5
KBG,GRMK-CPNG,21.12,22.5
KBG,GRMK-PLM,11.25,13.2
KBG,GRMK-DTA,19.99,18.5
KBG,GRMK-SOQ,16.53,18.3
KBG,GRMK-XML,30.43,27.1
KBG,GRMK-DMT,7.27,8.1
KBG,BRIK-STR,21.76,21.8
KBG,BRIK-ALS,17.2,17.1
KBG,BRIK-GDB,186.59,139.6
KBG,BRIK-CKR,58.15,50.7
KBG,BRIK-NRG,40.16,34.3
KBG,BRIK-LGK,24.01,22.6
KBG,BRIK-BLR,44.28,34.9
KBG,BRIK-STL,57.18,48.5
KBG,BRIK-KRW,79.31,63.8
KBG,BRIK-MTL,8.01,11.1
KBG,YMY-BTB,5.62,8.1
KBG,GLLR-GLLR,24.99,28.4
KBG,CSRR-CSRR,16.44,15.8
KBG,MTSJ-MTSJ,13.95,14.8
KBG,CST-GLN,14.53,15.9
KBG,MBG-MBG,24.45,23.6
KBG,CST-MBG,33.33,32
KBG,GDK-KGD,24.13,24.6
KBG,GDK-SCBD,14.45,14.3
KBG,CST-AYM,27.49,30.2
KBG,WTC-WTC,18.06,19.1
KBG,FYN-FYN,12.71,14.3
KBG,CST-FDC,12.33,16.2
KBG,MDS-MDS,12.65,15.4
KBG,MDS-SCBD,15.18,15.3
KBG,HKN-HKN,36.34,33.6
BSD,GDS,13.89,16.1
BSD,CRD,19.02,21.6
BSD,KJT,33.26,29
BSD,BKS,45.97,40.8
BSD,CBR,41.57,38.9
BSD,MPG,28.8,26.9
BSD,RWG,46.9,39.8
BSD,KBG,27.66,30.4
BSD,BSD,0,0
BSD,STB,35.96,32.7
BSD,MBS,39.53,35.4
BSD,DMT,27.39,27.2
BSD,DMG,25.81,26.1
BSD,KL_CKG,29.1,29.7
BSD,KL_KJ,56.78,47.8
BSD,ASTR-ASTR,38.71,38
BSD,BRW-BRW,31.09,29.5
BSD,MGL-MGL,37.68,33.7
BSD,WSI-ANCB,37.47,34.1
BSD,WSI-BTS,37.47,34.1
BSD,WSI-PIK,37.34,40.1
BSD,WSI-BSD,8.45,10.3
BSD,WSI-ANC,43.53,39.4
BSD,BKB-BKB,12.51,15.5
BSD,RFS-HANG,27.58,25
BSD,RFS-WOLT,28.47,29.1
BSD,MBL-MBL,28.81,27
BSD,ADS-ADS,31.62,29.4
BSD,LML-LML,12.02,14.8
BSD,HYP-HYP,33.98,31.7
BSD,SDJ-CNRE,17.55,22.3
BSD,SDJ-SDJE,26.67,26.4
BSD,SDJ-PSBC,38.01,33.8
BSD,SDJ-SCBD,31.66,29.4
BSD,SDJ-BNTR,12.5,14.9
BSD,SDJ-CJTA,31.91,29.4
BSD,SDJ-PJTN,26.94,26.6
BSD,SDJ-CBLH,12.28,14.6
BSD,SDJ-KTBT,47.16,40.8
BSD,SDJ-ODSS,28.69,28.3
BSD,SDJ-SOET,12.28,14.6
BSD,SDJ-SMB,52.17,48.8
BSD,SDJ-CBS,24.1,23.1
BSD,SDJ-PIM,23.08,22.5
BSD,SDJ-CBN,12.28,14.6
BSD,SDJ-BLV,19.14,20.1
BSD,BFL-BFL,30.07,26.8
BSD,BFL-KBY,27.57,27
BSD,DCGL-BAR,23.44,25.3
BSD,DCGS-BAR,12.49,13.6
BSD,DCGL-KITC,23.44,25.3
BSD,DCGS-KITC,23.44,25.3
BSD,DCBM-BAR,26.61,25.6
BSD,DCBM-KITC,26.61,25.6
BSD,MXW-PGJ,40.93,37.2
BSD,MXW-KGD,50.57,42
BSD,PPY-MTG,34.51,32.7
BSD,PPY-CTW,31.67,29.8
BSD,PPY-PI,22.69,21.5
BSD,PPY-GDS,13.75,15.8
BSD,TRF-TRF,23.96,22.5
BSD,TRF-CNRE,17.01,21.3
BSD,JOEL-JOEL,29.45,29.7
BSD,HMD-HMD,12.28,14.6
BSD,GO_PPL,26.18,24.4
BSD,GO_TBT,35.34,34
BSD,MDV-KBY,27.42,26.8
BSD,MDV-KGD,50.24,43.2
BSD,MDV-PURI,26.29,27.9
BSD,MDV-PDI,20.63,19.6
BSD,MDV-BNTR,14.42,16.4
BSD,MDV-PDHB,45.47,43.1
BSD,MDV-GRVY,23.27,21.9
BSD,SPHS-SPHS,31.83,28.8
BSD,DRSR-DRSR,35.61,33.7
BSD,EXP-EXP,30.4,28.5
BSD,EXP-AEON,8.15,10.3
BSD,HHP-HHP,28.96,29
BSD,GDL-BSD,11.45,13.4
BSD,GDL-PIK,36.53,38.5
BSD,GDL-MOI,50.12,44.5
BSD,GDL-KHI,56.44,47.5
BSD,GDL-RDL,24.29,23
BSD,GDL-PRGN,38.47,34.5
BSD,GDL-CNRE,17.99,21.7
BSD,GDL-PURI,25.64,26.8
BSD,GDL-ANC,46.23,40.8
BSD,GDL-GLC,23,25.7
BSD,GDL-SCBD,31.66,29.3
BSD,DDF-DDF,13.36,15.9
BSD,FDMX-VDLM,23.54,23
BSD,JIN-RST,50.56,41.8
BSD,JIN-CKC,40.93,37.2
BSD,PDLM-PDLM,32.08,29.7
BSD,GOF-GD,32.24,33.3
BSD,SMI-SMI,31.54,29.4
BSD,CST-RTIW,24.45,23.6
BSD,GRMK-PSQ,23.6,21.9
BSD,GRMK-CBN,39.23,32.7
BSD,GRMK-JUN,51.39,45.2
BSD,GRMK-KMY,39.11,35.3
BSD,GRMK-TJD,35.89,32.2
BSD,GRMK-VTR,15.24,17.2
BSD,GRMK-STBD,35.36,32.7
BSD,GRMK-FTM,22.79,21.5
BSD,GRMK-MRY,25.58,28.2
BSD,GRMK-DWS,26.41,25.7
BSD,GRMK-CBR,35.9,33.5
BSD,GRMK-EMP,39.88,34.6
BSD,GRMK-CMP,46.28,39.4
BSD,GRMK-LRT,51.84,44.3
BSD,GRMK-BSD,9.52,10.6
BSD,GRMK-GRH,18.37,19.5
BSD,GRMK-CPNG,41.73,35.9
BSD,GRMK-PLM,30.74,28.2
BSD,GRMK-DTA,30.51,29
BSD,GRMK-SOQ,20.7,20
BSD,GRMK-XML,46.33,40.3
BSD,GRMK-DMT,30.02,30.5
BSD,BRIK-STR,48.83,40
BSD,BRIK-ALS,13.4,14.4
BSD,BRIK-GDB,172.6,134.6
BSD,BRIK-CKR,72.54,60.9
BSD,BRIK-NRG,45.55,40.6
BSD,BRIK-LGK,17.33,20.2
BSD,BRIK-BLR,46.02,38.6
BSD,BRIK-STL,41.49,39.7
BSD,BRIK-KRW,92.51,73.7
BSD,BRIK-MTL,22.73,25.2
BSD,YMY-BTB,26.86,29.4
BSD,GLLR-GLLR,7.72,11.4
BSD,CSRR-CSRR,41.03,35.7
BSD,MTSJ-MTSJ,31.6,29.8
BSD,CST-GLN,23.4,22.4
BSD,MBG-MBG,27.91,27.2
BSD,CST-MBG,54.36,48.4
BSD,GDK-KGD,51.2,42.9
BSD,GDK-SCBD,31.32,28.9
BSD,CST-AYM,26.4,27.7
BSD,WTC-WTC,38.09,34.9
BSD,FYN-FYN,25.62,23.6
BSD,CST-FDC,29.55,29.5
BSD,MDS-MDS,29.11,27.7
BSD,MDS-SCBD,28.57,28
BSD,HKN-HKN,44.57,39.9
STB,GDS,33.28,29.5
STB,CRD,17.17,16.8
STB,KJT,13.98,12.4
STB,BKS,26.19,22.7
STB,CBR,26.65,26.2
STB,MPG,6.52,7.2
STB,RWG,10.24,11.2
STB,KBG,18.22,18.8
STB,BSD,34.26,31.6
STB,STB,0,0
STB,MBS,9.79,10.5
STB,DMT,24.69,20.7
STB,DMG,24.73,20.6
STB,KL_CKG,19.31,17
STB,KL_KJ,20.1,19.2
STB,ASTR-ASTR,41.46,36.3
STB,BRW-BRW,7.55,8.7
STB,MGL-MGL,7.94,8.8
STB,WSI-ANCB,7.73,9.2
STB,WSI-BTS,7.73,9.2
STB,WSI-PIK,25.51,24.9
STB,WSI-BSD,32.36,28.9
STB,WSI-ANC,13.29,15.8
STB,BKB-BKB,22.7,24.7
STB,RFS-HANG,7.16,7.8
STB,RFS-WOLT,6.62,8.4
STB,MBL-MBL,8.27,9.4
STB,ADS-ADS,4.48,6
STB,LML-LML,22.22,24
STB,HYP-HYP,1.59,2.3
STB,SDJ-CNRE,20.35,22.5
STB,SDJ-SDJE,8.51,11.2
STB,SDJ-PSBC,6.5,7.4
STB,SDJ-SCBD,5.93,6.5
STB,SDJ-BNTR,24.45,23.1
STB,SDJ-CJTA,17.62,17.3
STB,SDJ-PJTN,8.33,10.7
STB,SDJ-CBLH,24.24,22.7
STB,SDJ-KTBT,18.69,19.3
STB,SDJ-ODSS,6.18,6.9
STB,SDJ-SOET,24.24,22.7
STB,SDJ-SMB,23.54,25.1
STB,SDJ-CBS,13.59,14.7
STB,SDJ-PIM,13.49,13.4
STB,SDJ-CBN,24.24,22.7
STB,SDJ-BLV,18.35,18.9
STB,BFL-BFL,25.28,24.2
STB,BFL-KBY,6.28,7.4
STB,DCGL-BAR,21.77,19.8
STB,DCGS-BAR,34.45,30.2
STB,DCGL-KITC,21.77,19.8
STB,DCGS-KITC,21.77,19.8
STB,DCBM-BAR,8.5,8.8
STB,DCBM-KITC,8.5,8.8
STB,MXW-PGJ,9.42,10.8
STB,MXW-KGD,13.9,13.5
STB,PPY-MTG,4.06,5.5
STB,PPY-CTW,3.92,5.8
STB,PPY-PI,13.95,13.1
STB,PPY-GDS,33.52,29.5
STB,TRF-TRF,15.85,15.4
STB,TRF-CNRE,21.47,23.3
STB,JOEL-JOEL,6.52,8.4
STB,HMD-HMD,24.24,22.7
STB,GO_PPL,9.34,9.6
STB,GO_TBT,4.64,6.3
STB,MDV-KBY,6.43,7.6
STB,MDV-KGD,13.56,14.7
STB,MDV-PURI,16.76,16.1
STB,MDV-PDI,15.4,13.7
STB,MDV-BNTR,20.16,19.7
STB,MDV-PDHB,13.96,16.7
STB,MDV-GRVY,11.14,12.1
STB,SPHS-SPHS,6.56,7.9
STB,DRSR-DRSR,4.08,5.2
STB,EXP-EXP,6.08,7.4
STB,EXP-AEON,32.82,33.8
STB,HHP-HHP,6.44,7.5
STB,GDL-BSD,36.52,33.2
STB,GDL-PIK,24.7,23.3
STB,GDL-MOI,13.44,15.9
STB,GDL-KHI,19.78,18.9
STB,GDL-RDL,9.91,10.6
STB,GDL-PRGN,8.73,9.6
STB,GDL-CNRE,19.56,20.4
STB,GDL-PURI,17.31,16.4
STB,GDL-ANC,12.52,14.6
STB,GDL-GLC,21.32,20.1
STB,GDL-SCBD,5.92,6.5
STB,DDF-DDF,24.7,24.1
STB,FDMX-VDLM,17.35,17.9
STB,JIN-RST,13.88,13.3
STB,JIN-CKC,9.41,10.7
STB,PDLM-PDLM,5.75,7
STB,GOF-GD,30.04,27
STB,SMI-SMI,4.15,5.9
STB,CST-RTIW,26.65,24.9
STB,GRMK-PSQ,15.49,14.8
STB,GRMK-CBN,34.89,30.5
STB,GRMK-JUN,25.86,23.1
STB,GRMK-KMY,7.6,8.8
STB,GRMK-TJD,10.97,11.8
STB,GRMK-VTR,17.67,16.7
STB,GRMK-STBD,0.21,0.4
STB,GRMK-FTM,13.13,14.2
STB,GRMK-MRY,14.94,14.7
STB,GRMK-DWS,26.35,26.1
STB,GRMK-CBR,25.07,23.4
STB,GRMK-EMP,14.95,14.1
STB,GRMK-CMP,9.6,10.8
STB,GRMK-LRT,15.17,15.8
STB,GRMK-BSD,30.58,27
STB,GRMK-GRH,25.11,24.9
STB,GRMK-CPNG,7.24,9
STB,GRMK-PLM,7.39,8.9
STB,GRMK-DTA,8.47,9
STB,GRMK-SOQ,16.79,15.5
STB,GRMK-XML,16.09,16
STB,GRMK-DMT,18.85,16.5
STB,BRIK-STR,12.16,11.5
STB,BRIK-ALS,29.55,24.9
STB,BRIK-GDB,175.07,130.1
STB,BRIK-CKR,46.63,41.1
STB,BRIK-NRG,28.64,24.8
STB,BRIK-LGK,36.36,30.3
STB,BRIK-BLR,56.63,42.6
STB,BRIK-STL,45.65,39
STB,BRIK-KRW,67.79,54.2
STB,BRIK-MTL,21.06,19.6
STB,YMY-BTB,19.13,17.5
STB,GLLR-GLLR,32.39,34.9
STB,CSRR-CSRR,16.1,15.2
STB,MTSJ-MTSJ,3.99,5.5
STB,CST-GLN,11.06,12.5
STB,MBG-MBG,11.84,13.4
STB,CST-MBG,21.58,21.3
STB,GDK-KGD,14.53,14.3
STB,GDK-SCBD,5.58,6
STB,CST-AYM,17.47,20.1
STB,WTC-WTC,4.61,5.8
STB,FYN-FYN,9.29,9.8
STB,CST-FDC,7.33,10.3
STB,MDS-MDS,8.33,9.7
STB,MDS-SCBD,6.32,7.1
STB,HKN-HKN,23.32,23.6
MBS,GDS,31.41,27.9
MBS,CRD,21.96,19.8
MBS,KJT,19.07,17.9
MBS,BKS,30.5,27.1
MBS,CBR,31.75,31.7
MBS,MPG,13.44,13.7
MBS,RWG,13.84,14.4
MBS,KBG,15.39,15.5
MBS,BSD,37.64,34.3
MBS,STB,8.54,9.4
MBS,MBS,0,0
MBS,DMT,21.49,17.7
MBS,DMG,21.53,17.6
MBS,KL_CKG,16.1,14
MBS,KL_KJ,15.26,14.8
MBS,ASTR-ASTR,48.26,42
MBS,BRW-BRW,15.42,15.1
MBS,MGL-MGL,2.5,3.1
MBS,WSI-ANCB,2.65,3.5
MBS,WSI-BTS,2.65,3.5
MBS,WSI-PIK,16.98,18.4
MBS,WSI-BSD,30.49,27.2
MBS,WSI-ANC,6.16,8.2
MBS,BKB-BKB,27.79,27.2
MBS,RFS-HANG,11.11,11.2
MBS,RFS-WOLT,11.49,12.9
MBS,MBL-MBL,13.94,13.8
MBS,ADS-ADS,8.62,9.4
MBS,LML-LML,27.3,26.5
MBS,HYP-HYP,8.5,8.8
MBS,SDJ-CNRE,25.84,27.3
MBS,SDJ-SDJE,15.43,17.7
MBS,SDJ-PSBC,3.73,4.1
MBS,SDJ-SCBD,9.88,10
MBS,SDJ-BNTR,27.83,25.8
MBS,SDJ-CJTA,24.53,23.8
MBS,SDJ-PJTN,15.25,17.2
MBS,SDJ-CBLH,27.62,25.4
MBS,SDJ-KTBT,24.53,24
MBS,SDJ-ODSS,10.13,10.3
MBS,SDJ-SOET,27.62,25.4
MBS,SDJ-SMB,27.21,26.3
MBS,SDJ-CBS,18.95,19.4
MBS,SDJ-PIM,16.87,16.2
MBS,SDJ-CBN,27.62,25.4
MBS,SDJ-BLV,23.18,21.3
MBS,BFL-BFL,32.09,29.8
MBS,BFL-KBY,12.02,12.4
MBS,DCGL-BAR,19.9,18.1
MBS,DCGS-BAR,32.58,28.5
MBS,DCGL-KITC,19.9,18.1
MBS,DCGS-KITC,19.9,18.1
MBS,DCBM-BAR,12.45,12.3
MBS,DCBM-KITC,12.45,12.3
MBS,MXW-PGJ,1.7,2.3
MBS,MXW-KGD,12.25,12.9
MBS,PPY-MTG,4.98,5.4
MBS,PPY-CTW,8.07,9.2
MBS,PPY-PI,17.33,15.8
MBS,PPY-GDS,31.64,27.8
MBS,TRF-TRF,21.3,20.3
MBS,TRF-CNRE,26.92,28.2
MBS,JOEL-JOEL,11.23,12.4
MBS,HMD-HMD,27.62,25.4
MBS,GO_PPL,13.29,13
MBS,GO_TBT,11.56,12.8
MBS,MDV-KBY,12.16,12.6
MBS,MDV-KGD,13.23,14.5
MBS,MDV-PURI,14.89,14.4
MBS,MDV-PDI,18.78,16.4
MBS,MDV-BNTR,23.54,22.4
MBS,MDV-PDHB,9.57,9.8
MBS,MDV-GRVY,15.09,15.6
MBS,SPHS-SPHS,8.43,9.3
MBS,DRSR-DRSR,5.92,7.1
MBS,EXP-EXP,10.03,10.9
MBS,EXP-AEON,34.31,32.5
MBS,HHP-HHP,10.4,11
MBS,GDL-BSD,34.64,31.6
MBS,GDL-PIK,16.18,16.8
MBS,GDL-MOI,11.79,15.3
MBS,GDL-KHI,21.58,20
MBS,GDL-RDL,13.86,14
MBS,GDL-PRGN,0.9,1.7
MBS,GDL-CNRE,25.01,25.4
MBS,GDL-PURI,15.44,14.8
MBS,GDL-ANC,5.39,7
MBS,GDL-GLC,19.45,18.5
MBS,GDL-SCBD,9.87,9.9
MBS,DDF-DDF,28.08,26.8
MBS,FDMX-VDLM,23.09,21.2
MBS,JIN-RST,12.24,12.7
MBS,JIN-CKC,1.69,2.3
MBS,PDLM-PDLM,10.49,10.9
MBS,GOF-GD,21.52,20.5
MBS,SMI-SMI,8.29,9.3
MBS,CST-RTIW,32.14,29.7
MBS,GRMK-PSQ,20.93,19.7
MBS,GRMK-CBN,41.69,36.2
MBS,GRMK-JUN,29.71,26
MBS,GRMK-KMY,3.87,4.4
MBS,GRMK-TJD,8.45,9.1
MBS,GRMK-VTR,21.05,19.4
MBS,GRMK-STBD,8.13,8.8
MBS,GRMK-FTM,18.03,18.4
MBS,GRMK-MRY,13.07,13
MBS,GRMK-DWS,33.16,31.8
MBS,GRMK-CBR,30.16,28.9
MBS,GRMK-EMP,5.71,6.8
MBS,GRMK-CMP,11.73,13.6
MBS,GRMK-LRT,14.14,16.2
MBS,GRMK-BSD,28.7,25.3
MBS,GRMK-GRH,24.71,23.4
MBS,GRMK-CPNG,11.78,12.5
MBS,GRMK-PLM,10.94,11.4
MBS,GRMK-DTA,15.27,14.6
MBS,GRMK-SOQ,20.17,18.2
MBS,GRMK-XML,21.11,21
MBS,GRMK-DMT,15.65,13.5
MBS,BRIK-STR,10.51,10.9
MBS,BRIK-ALS,27.68,23.2
MBS,BRIK-GDB,181.87,135.7
MBS,BRIK-CKR,51.34,44.9
MBS,BRIK-NRG,32.95,29.2
MBS,BRIK-LGK,34.48,28.7
MBS,BRIK-BLR,54.75,41
MBS,BRIK-STL,50.74,44.5
MBS,BRIK-KRW,74.59,59.9
MBS,BRIK-MTL,19.19,18
MBS,YMY-BTB,15.93,14.6
MBS,GLLR-GLLR,35.47,34.5
MBS,CSRR-CSRR,5.29,7.6
MBS,MTSJ-MTSJ,8.14,8.8
MBS,CST-GLN,15.01,15.9
MBS,MBG-MBG,19.73,19.6
MBS,CST-MBG,23.38,22.4
MBS,GDK-KGD,12.88,13.7
MBS,GDK-SCBD,9.54,9.5
MBS,CST-AYM,27.68,26.5
MBS,WTC-WTC,8.28,9.1
MBS,FYN-FYN,13.24,13.3
MBS,CST-FDC,11.28,13.8
MBS,MDS-MDS,12.28,13.2
MBS,MDS-SCBD,10.27,10.6
MBS,HKN-HKN,28.17,28.5
DMT,GDS,18.66,18.8
DMT,CRD,25.71,23.6
DMT,KJT,33.09,24.4
DMT,BKS,45.31,34.8
DMT,CBR,45.77,38.3
DMT,MPG,26.1,20.6
DMT,RWG,31.29,27.2
DMT,KBG,10.1,9.9
DMT,BSD,28.26,25.8
DMT,STB,23.96,19.8
DMT,MBS,19.96,16.6
DMT,DMT,0,0
DMT,DMG,2.75,2.6
DMT,KL_CKG,7.11,5.9
DMT,KL_KJ,32.44,28.3
DMT,ASTR-ASTR,59.65,45
DMT,BRW-BRW,27.73,21.5
DMT,MGL-MGL,20.06,16.5
DMT,WSI-ANCB,19.85,16.9
DMT,WSI-BTS,19.85,16.9
DMT,WSI-PIK,15.33,16.3
DMT,WSI-BSD,19.43,18.2
DMT,WSI-ANC,22.08,19.3
DMT,BKB-BKB,23.71,21.6
DMT,RFS-HANG,23.14,18.3
DMT,RFS-WOLT,24,20.3
DMT,MBL-MBL,26.45,21.2
DMT,ADS-ADS,22.54,18
DMT,LML-LML,23.22,21
DMT,HYP-HYP,24.24,19.9
DMT,SDJ-CNRE,35.97,30
DMT,SDJ-SDJE,28.09,24.6
DMT,SDJ-PSBC,20.39,16.6
DMT,SDJ-SCBD,22.39,17.4
DMT,SDJ-BNTR,26.54,23
DMT,SDJ-CJTA,37.17,30.3
DMT,SDJ-PJTN,27.91,24.2
DMT,SDJ-CBLH,26.33,22.6
DMT,SDJ-KTBT,40.67,31.8
DMT,SDJ-ODSS,22.64,17.8
DMT,SDJ-SOET,26.33,22.6
DMT,SDJ-SMB,46.56,38.2
DMT,SDJ-CBS,27.4,24.9
DMT,SDJ-PIM,24.04,21.1
DMT,SDJ-CBN,26.33,22.6
DMT,SDJ-BLV,26.93,25.1
DMT,BFL-BFL,43.92,33.3
DMT,BFL-KBY,24.53,19.8
DMT,DCGL-BAR,9.38,10.5
DMT,DCGS-BAR,19.83,19.4
DMT,DCGL-KITC,9.38,10.5
DMT,DCGS-KITC,9.38,10.5
DMT,DCBM-BAR,24.97,19.7
DMT,DCBM-KITC,24.97,19.7
DMT,MXW-PGJ,21.65,18.6
DMT,MXW-KGD,31.11,26.5
DMT,PPY-MTG,21.03,17
DMT,PPY-CTW,21.48,17.7
DMT,PPY-PI,24.51,20.7
DMT,PPY-GDS,18.9,18.7
DMT,TRF-TRF,27.26,24.4
DMT,TRF-CNRE,35.42,29
DMT,JOEL-JOEL,23.74,19.8
DMT,HMD-HMD,26.33,22.6
DMT,GO_PPL,25.8,20.5
DMT,GO_TBT,28.36,22.2
DMT,MDV-KBY,24.68,20.1
DMT,MDV-KGD,30.79,27.5
DMT,MDV-PURI,11.18,10.1
DMT,MDV-PDI,25.95,21.4
DMT,MDV-BNTR,23.64,22.8
DMT,MDV-PDHB,26.75,23.2
DMT,MDV-GRVY,24.11,20.6
DMT,SPHS-SPHS,18.81,14.7
DMT,DRSR-DRSR,21.97,18.6
DMT,EXP-EXP,21.31,17.1
DMT,EXP-AEON,23.25,23.4
DMT,HHP-HHP,22.91,18.4
DMT,GDL-BSD,21.9,22.5
DMT,GDL-PIK,14.53,14.7
DMT,GDL-MOI,30.65,28.9
DMT,GDL-KHI,39.14,32.2
DMT,GDL-RDL,23.47,20.8
DMT,GDL-PRGN,18.9,15.7
DMT,GDL-CNRE,36.4,29.4
DMT,GDL-PURI,10.53,9
DMT,GDL-ANC,22.57,20.6
DMT,GDL-GLC,9.69,11.3
DMT,GDL-SCBD,22.39,17.3
DMT,DDF-DDF,23.72,21.1
DMT,FDMX-VDLM,26.84,24.9
DMT,JIN-RST,31.09,26.3
DMT,JIN-CKC,21.64,18.5
DMT,PDLM-PDLM,22.81,17.7
DMT,GOF-GD,9.27,11.6
DMT,SMI-SMI,22.46,18
DMT,CST-RTIW,39.96,31.3
DMT,GRMK-PSQ,26.9,23.8
DMT,GRMK-CBN,53.08,39.2
DMT,GRMK-JUN,46.47,35.7
DMT,GRMK-KMY,21.49,18
DMT,GRMK-TJD,14.37,13
DMT,GRMK-VTR,21.16,19.9
DMT,GRMK-STBD,23.36,19.8
DMT,GRMK-FTM,26.09,23.3
DMT,GRMK-MRY,14.23,12.3
DMT,GRMK-DWS,41.92,33.4
DMT,GRMK-CBR,44.18,35.5
DMT,GRMK-EMP,18.43,14.5
DMT,GRMK-CMP,29.29,25.8
DMT,GRMK-LRT,32.4,28.6
DMT,GRMK-BSD,17.64,16.3
DMT,GRMK-GRH,11.89,13.7
DMT,GRMK-CPNG,28.72,25.2
DMT,GRMK-PLM,20.43,16.6
DMT,GRMK-DTA,27.58,21.1
DMT,GRMK-SOQ,24.01,21.9
DMT,GRMK-XML,38.02,29.6
DMT,GRMK-DMT,6.66,5.3
DMT,BRIK-STR,29.37,24.4
DMT,BRIK-ALS,14.39,13.4
DMT,BRIK-GDB,194.18,142.1
DMT,BRIK-CKR,65.74,53.2
DMT,BRIK-NRG,47.75,36.9
DMT,BRIK-LGK,20.17,18.5
DMT,BRIK-BLR,40.22,29.4
DMT,BRIK-STL,65.59,49.7
DMT,BRIK-KRW,86.9,66.3
DMT,BRIK-MTL,12.43,12.4
DMT,YMY-BTB,8.58,7.5
DMT,GLLR-GLLR,24.41,25.4
DMT,CSRR-CSRR,19.58,15.6
DMT,MTSJ-MTSJ,21.56,17.4
DMT,CST-GLN,24.25,21.1
DMT,MBG-MBG,32.04,26.1
DMT,CST-MBG,40.93,34.7
DMT,GDK-KGD,31.74,27.3
DMT,GDK-SCBD,22.05,16.9
DMT,CST-AYM,39.99,32.9
DMT,WTC-WTC,25.66,21.8
DMT,FYN-FYN,22.43,19.5
DMT,CST-FDC,21.41,19
DMT,MDS-MDS,22.4,18.4
DMT,MDS-SCBD,22.79,18
DMT,HKN-HKN,43.93,36.1
DMG,GDS,16.08,16.7
DMG,CRD,26.94,24.4
DMG,KJT,34.32,25.2
DMG,BKS,46.53,35.6
DMG,CBR,46.99,39.1
DMG,MPG,27.33,21.4
DMG,RWG,32.52,28
DMG,KBG,11.32,10.7
DMG,BSD,25.68,23.8
DMG,STB,25.18,20.6
DMG,MBS,21.18,17.4
DMG,DMT,2.67,2.6
DMG,DMG,0,0
DMG,KL_CKG,8.34,6.7
DMG,KL_KJ,33.67,29.1
DMG,ASTR-ASTR,57.07,42.9
DMG,BRW-BRW,28.95,22.3
DMG,MGL-MGL,21.28,17.3
DMG,WSI-ANCB,21.07,17.7
DMG,WSI-BTS,21.07,17.7
DMG,WSI-PIK,16.56,17.1
DMG,WSI-BSD,16.85,16.2
DMG,WSI-ANC,23.3,20.1
DMG,BKB-BKB,21.13,19.6
DMG,RFS-HANG,24.36,19.1
DMG,RFS-WOLT,25.23,21.1
DMG,MBL-MBL,27.67,22
DMG,ADS-ADS,23.76,18.8
DMG,LML-LML,20.64,18.9
DMG,HYP-HYP,25.47,20.7
DMG,SDJ-CNRE,33.39,28
DMG,SDJ-SDJE,29.31,25.4
DMG,SDJ-PSBC,21.62,17.4
DMG,SDJ-SCBD,23.62,18.2
DMG,SDJ-BNTR,23.96,20.9
DMG,SDJ-CJTA,38.39,31.1
DMG,SDJ-PJTN,29.13,25
DMG,SDJ-CBLH,23.75,20.6
DMG,SDJ-KTBT,41.89,32.6
DMG,SDJ-ODSS,23.87,18.6
DMG,SDJ-SOET,23.75,20.6
DMG,SDJ-SMB,47.78,39
DMG,SDJ-CBS,28.62,25.7
DMG,SDJ-PIM,25.26,21.9
DMG,SDJ-CBN,23.75,20.6
DMG,SDJ-BLV,28.15,25.9
DMG,BFL-BFL,41.34,31.3
DMG,BFL-KBY,25.75,20.6
DMG,DCGL-BAR,10.6,11.3
DMG,DCGS-BAR,17.25,17.4
DMG,DCGL-KITC,10.6,11.3
DMG,DCGS-KITC,10.6,11.3
DMG,DCBM-BAR,26.19,20.5
DMG,DCBM-KITC,26.19,20.5
DMG,MXW-PGJ,22.87,19.4
DMG,MXW-KGD,32.33,27.3
DMG,PPY-MTG,22.25,17.8
DMG,PPY-CTW,22.71,18.5
DMG,PPY-PI,25.73,21.5
DMG,PPY-GDS,16.32,16.7
DMG,TRF-TRF,28.48,25.2
DMG,TRF-CNRE,32.84,27
DMG,JOEL-JOEL,24.96,20.6
DMG,HMD-HMD,23.75,20.6
DMG,GO_PPL,27.02,21.3
DMG,GO_TBT,29.58,23
DMG,MDV-KBY,25.9,20.9
DMG,MDV-KGD,32.02,28.3
DMG,MDV-PURI,12.41,10.9
DMG,MDV-PDI,27.17,22.2
DMG,MDV-BNTR,23.02,20.8
DMG,MDV-PDHB,27.98,24
DMG,MDV-GRVY,25.34,21.4
DMG,SPHS-SPHS,20.03,15.5
DMG,DRSR-DRSR,23.19,19.4
DMG,EXP-EXP,22.54,17.9
DMG,EXP-AEON,20.67,21.4
DMG,HHP-HHP,24.13,19.2
DMG,GDL-BSD,19.32,20.4
DMG,GDL-PIK,15.75,15.5
DMG,GDL-MOI,31.87,29.7
DMG,GDL-KHI,40.36,33
DMG,GDL-RDL,24.69,21.6
DMG,GDL-PRGN,20.13,16.5
DMG,GDL-CNRE,33.82,27.4
DMG,GDL-PURI,11.76,9.8
DMG,GDL-ANC,23.79,21.4
DMG,GDL-GLC,10.81,11.9
DMG,GDL-SCBD,23.61,18.1
DMG,DDF-DDF,21.14,19.1
DMG,FDMX-VDLM,28.06,25.7
DMG,JIN-RST,32.32,27.1
DMG,JIN-CKC,22.86,19.3
DMG,PDLM-PDLM,24.03,18.5
DMG,GOF-GD,13.11,13.7
DMG,SMI-SMI,23.68,18.8
DMG,CST-RTIW,37.38,29.3
DMG,GRMK-PSQ,28.12,24.6
DMG,GRMK-CBN,50.5,37.1
DMG,GRMK-JUN,47.7,36.5
DMG,GRMK-KMY,22.72,18.8
DMG,GRMK-TJD,15.6,13.8
DMG,GRMK-VTR,22.38,20.7
DMG,GRMK-STBD,24.59,20.6
DMG,GRMK-FTM,27.32,24.1
DMG,GRMK-MRY,15.45,13.1
DMG,GRMK-DWS,39.34,31.4
DMG,GRMK-CBR,45.4,36.3
DMG,GRMK-EMP,19.65,15.3
DMG,GRMK-CMP,30.51,26.6
DMG,GRMK-LRT,33.62,29.4
DMG,GRMK-BSD,15.06,14.2
DMG,GRMK-GRH,11.44,12.6
DMG,GRMK-CPNG,29.95,26
DMG,GRMK-PLM,21.66,17.4
DMG,GRMK-DTA,28.81,21.9
DMG,GRMK-SOQ,25.23,22.7
DMG,GRMK-XML,39.25,30.4
DMG,GRMK-DMT,7.88,6.1
DMG,BRIK-STR,30.59,25.2
DMG,BRIK-ALS,11.81,11.4
DMG,BRIK-GDB,195.41,142.9
DMG,BRIK-CKR,66.96,54
DMG,BRIK-NRG,48.98,37.7
DMG,BRIK-LGK,17.59,16.4
DMG,BRIK-BLR,37.64,27.4
DMG,BRIK-STL,63.01,47.7
DMG,BRIK-KRW,88.13,67.1
DMG,BRIK-MTL,11.45,12.5
DMG,YMY-BTB,9.8,8.3
DMG,GLLR-GLLR,21.83,23.4
DMG,CSRR-CSRR,20.8,16.4
DMG,MTSJ-MTSJ,22.78,18.2
DMG,CST-GLN,25.47,21.9
DMG,MBG-MBG,33.26,26.9
DMG,CST-MBG,42.16,35.5
DMG,GDK-KGD,32.96,28.1
DMG,GDK-SCBD,23.27,17.7
DMG,CST-AYM,37.67,32.1
DMG,WTC-WTC,26.88,22.6
DMG,FYN-FYN,23.65,20.3
DMG,CST-FDC,22.63,19.8
DMG,MDS-MDS,23.62,19.2
DMG,MDS-SCBD,24.01,18.8
DMG,HKN-HKN,45.15,36.9
KL_CKG,GDS,24.94,24.2
KL_CKG,CRD,23.13,22.6
KL_CKG,KJT,30.67,23.8
KL_CKG,BKS,42.88,34.1
KL_CKG,CBR,43.35,37.6
KL_CKG,MPG,23.68,19.9
KL_CKG,RWG,28.87,26.5
KL_CKG,KBG,7.69,9.1
KL_CKG,BSD,34.54,31.3
KL_CKG,STB,21.53,19.1
KL_CKG,MBS,17.54,15.9
KL_CKG,DMT,9,8.2
KL_CKG,DMG,9.04,8.1
KL_CKG,KL_CKG,0,0
KL_CKG,KL_KJ,27.2,23.5
KL_CKG,ASTR-ASTR,58.15,47.7
KL_CKG,BRW-BRW,25.31,20.8
KL_CKG,MGL-MGL,17.64,15.8
KL_CKG,WSI-ANCB,17.43,16.2
KL_CKG,WSI-BTS,17.43,16.2
KL_CKG,WSI-PIK,13.06,15.5
KL_CKG,WSI-BSD,25.71,23.6
KL_CKG,WSI-ANC,15.26,15.3
KL_CKG,BKB-BKB,23.25,25.3
KL_CKG,RFS-HANG,20.72,17.6
KL_CKG,RFS-WOLT,21.58,19.6
KL_CKG,MBL-MBL,24.03,20.5
KL_CKG,ADS-ADS,20.11,17.3
KL_CKG,LML-LML,22.76,24.6
KL_CKG,HYP-HYP,21.82,19.3
KL_CKG,SDJ-CNRE,31.89,32.9
KL_CKG,SDJ-SDJE,25.67,23.9
KL_CKG,SDJ-PSBC,17.97,15.9
KL_CKG,SDJ-SCBD,19.97,16.7
KL_CKG,SDJ-BNTR,25.05,27.2
KL_CKG,SDJ-CJTA,34.74,29.6
KL_CKG,SDJ-PJTN,25.49,23.5
KL_CKG,SDJ-CBLH,24.84,26.8
KL_CKG,SDJ-KTBT,38.25,31.1
KL_CKG,SDJ-ODSS,20.22,17.1
KL_CKG,SDJ-SOET,24.84,26.8
KL_CKG,SDJ-SMB,44.13,37.5
KL_CKG,SDJ-CBS,24.81,24
KL_CKG,SDJ-PIM,21.61,20.4
KL_CKG,SDJ-CBN,24.84,26.8
KL_CKG,SDJ-BLV,24.34,24.1
KL_CKG,BFL-BFL,41.98,35.5
KL_CKG,BFL-KBY,22.11,19.2
KL_CKG,DCGL-BAR,10.41,11.6
KL_CKG,DCGS-BAR,26.11,24.9
KL_CKG,DCGL-KITC,10.41,11.6
KL_CKG,DCGS-KITC,10.41,11.6
KL_CKG,DCBM-BAR,22.54,19
KL_CKG,DCBM-KITC,22.54,19
KL_CKG,MXW-PGJ,17.96,15.5
KL_CKG,MXW-KGD,28.1,23.2
KL_CKG,PPY-MTG,18.61,16.3
KL_CKG,PPY-CTW,19.06,17.1
KL_CKG,PPY-PI,22.08,20
KL_CKG,PPY-GDS,25.18,24.2
KL_CKG,TRF-TRF,24.67,23.4
KL_CKG,TRF-CNRE,28.65,29.7
KL_CKG,JOEL-JOEL,21.32,19.1
KL_CKG,HMD-HMD,24.84,26.8
KL_CKG,GO_PPL,23.38,19.8
KL_CKG,GO_TBT,25.93,21.5
KL_CKG,MDV-KBY,22.25,19.4
KL_CKG,MDV-KGD,27.63,25.3
KL_CKG,MDV-PURI,8.78,9.2
KL_CKG,MDV-PDI,23.53,20.7
KL_CKG,MDV-BNTR,21.06,21.8
KL_CKG,MDV-PDHB,21.51,18.5
KL_CKG,MDV-GRVY,21.69,19.9
KL_CKG,SPHS-SPHS,16.38,14
KL_CKG,DRSR-DRSR,19.55,17.9
KL_CKG,EXP-EXP,18.89,16.4
KL_CKG,EXP-AEON,29.53,28.9
KL_CKG,HHP-HHP,20.49,17.7
KL_CKG,GDL-BSD,28.18,27.9
KL_CKG,GDL-PIK,12.26,13.9
KL_CKG,GDL-MOI,28.51,26.1
KL_CKG,GDL-KHI,36.71,31.5
KL_CKG,GDL-RDL,21.05,20.1
KL_CKG,GDL-PRGN,16.48,15
KL_CKG,GDL-CNRE,26.74,26.9
KL_CKG,GDL-PURI,8.13,8.1
KL_CKG,GDL-ANC,17.33,15.8
KL_CKG,GDL-GLC,10.72,12.3
KL_CKG,GDL-SCBD,19.97,16.7
KL_CKG,DDF-DDF,22.54,24.1
KL_CKG,FDMX-VDLM,24.25,23.9
KL_CKG,JIN-RST,28.09,22.9
KL_CKG,JIN-CKC,17.95,15.5
KL_CKG,PDLM-PDLM,20.39,17
KL_CKG,GOF-GD,10.9,12.8
KL_CKG,SMI-SMI,20.04,17.3
KL_CKG,CST-RTIW,38.19,35.4
KL_CKG,GRMK-PSQ,24.31,22.8
KL_CKG,GRMK-CBN,51.58,41.9
KL_CKG,GRMK-JUN,44.05,35
KL_CKG,GRMK-KMY,19.07,17.3
KL_CKG,GRMK-TJD,11.95,12.3
KL_CKG,GRMK-VTR,18.57,18.9
KL_CKG,GRMK-STBD,20.94,19.1
KL_CKG,GRMK-FTM,23.5,22.3
KL_CKG,GRMK-MRY,11.37,11.4
KL_CKG,GRMK-DWS,43.05,37.5
KL_CKG,GRMK-CBR,41.76,34.8
KL_CKG,GRMK-EMP,11.94,10.6
KL_CKG,GRMK-CMP,26.86,25.2
KL_CKG,GRMK-LRT,30.85,26.7
KL_CKG,GRMK-BSD,23.92,21.7
KL_CKG,GRMK-GRH,16.53,17.7
KL_CKG,GRMK-CPNG,26.3,24.5
KL_CKG,GRMK-PLM,18.01,15.9
KL_CKG,GRMK-DTA,25.16,20.4
KL_CKG,GRMK-SOQ,21.42,20.9
KL_CKG,GRMK-XML,35.6,28.9
KL_CKG,GRMK-DMT,4.39,4.5
KL_CKG,BRIK-STR,25.32,22.5
KL_CKG,BRIK-ALS,20.67,18.9
KL_CKG,BRIK-GDB,191.76,141.5
KL_CKG,BRIK-CKR,63.32,52.5
KL_CKG,BRIK-NRG,45.33,36.2
KL_CKG,BRIK-LGK,26.45,23.9
KL_CKG,BRIK-BLR,46.5,34.9
KL_CKG,BRIK-STL,62.34,50.4
KL_CKG,BRIK-KRW,84.48,65.6
KL_CKG,BRIK-MTL,10.02,11.5
KL_CKG,YMY-BTB,6.17,6.7
KL_CKG,GLLR-GLLR,30.69,30.9
KL_CKG,CSRR-CSRR,13.09,11.7
KL_CKG,MTSJ-MTSJ,19.13,16.7
KL_CKG,CST-GLN,21.82,20.4
KL_CKG,MBG-MBG,29.62,25.4
KL_CKG,CST-MBG,38.51,34
KL_CKG,GDK-KGD,28.73,24
KL_CKG,GDK-SCBD,19.63,16.3
KL_CKG,CST-AYM,37.57,32.2
KL_CKG,WTC-WTC,23.24,21.1
KL_CKG,FYN-FYN,20.01,18.8
KL_CKG,CST-FDC,18.99,18.3
KL_CKG,MDS-MDS,19.98,17.7
KL_CKG,MDS-SCBD,20.36,17.3
KL_CKG,HKN-HKN,41.51,35.5
KL_KJ,GDS,47.25,40.2
KL_KJ,CRD,37.89,33.3
KL_KJ,KJT,24.58,20.2
KL_KJ,BKS,23.69,20.6
KL_KJ,CBR,30.68,29.2
KL_KJ,MPG,28.29,23.9
KL_KJ,RWG,17.54,16.3
KL_KJ,KBG,28.97,26.4
KL_KJ,BSD,54.22,46.8
KL_KJ,STB,21.28,20.1
KL_KJ,MBS,16.4,16.1
KL_KJ,DMT,35.07,28.6
KL_KJ,DMG,35.11,28.4
KL_KJ,KL_CKG,28.22,24.3
KL_KJ,KL_KJ,0,0
KL_KJ,ASTR-ASTR,52.97,46.4
KL_KJ,BRW-BRW,26,22.2
KL_KJ,MGL-MGL,18.11,17.6
KL_KJ,WSI-ANCB,18.25,17.9
KL_KJ,WSI-BTS,18.25,17.9
KL_KJ,WSI-PIK,28.55,27
KL_KJ,WSI-BSD,46.34,39.6
KL_KJ,WSI-ANC,14.57,14.6
KL_KJ,BKB-BKB,44.36,39.6
KL_KJ,RFS-HANG,26.01,24.8
KL_KJ,RFS-WOLT,28.42,24.9
KL_KJ,MBL-MBL,30.06,25.9
KL_KJ,ADS-ADS,23.23,23.1
KL_KJ,LML-LML,43.88,39
KL_KJ,HYP-HYP,22.21,20.8
KL_KJ,SDJ-CNRE,41.07,39
KL_KJ,SDJ-SDJE,30.27,27.9
KL_KJ,SDJ-PSBC,17.54,16.7
KL_KJ,SDJ-SCBD,28.59,23.1
KL_KJ,SDJ-BNTR,44.41,38.3
KL_KJ,SDJ-CJTA,29.66,26.6
KL_KJ,SDJ-PJTN,30.09,27.4
KL_KJ,SDJ-CBLH,44.2,37.9
KL_KJ,SDJ-KTBT,17.57,16.5
KL_KJ,SDJ-ODSS,29.09,23.8
KL_KJ,SDJ-SOET,44.2,37.9
KL_KJ,SDJ-SMB,20.4,19.8
KL_KJ,SDJ-CBS,34.31,31.2
KL_KJ,SDJ-PIM,33.44,28.6
KL_KJ,SDJ-CBN,44.2,37.9
KL_KJ,SDJ-BLV,39.75,33.8
KL_KJ,BFL-BFL,42.95,37.1
KL_KJ,BFL-KBY,28.08,23.9
KL_KJ,DCGL-BAR,33.75,30.3
KL_KJ,DCGS-BAR,48.42,40.8
KL_KJ,DCGL-KITC,33.75,30.3
KL_KJ,DCGS-KITC,33.75,30.3
KL_KJ,DCBM-BAR,29.51,25.2
KL_KJ,DCBM-KITC,29.51,25.2
KL_KJ,MXW-PGJ,14.41,13.9
KL_KJ,MXW-KGD,9.41,9.7
KL_KJ,PPY-MTG,20.96,20.5
KL_KJ,PPY-CTW,22.68,22.8
KL_KJ,PPY-PI,33.91,28.2
KL_KJ,PPY-GDS,47.49,40.1
KL_KJ,TRF-TRF,36.58,31.9
KL_KJ,TRF-CNRE,42.2,39.8
KL_KJ,JOEL-JOEL,28.32,24.9
KL_KJ,HMD-HMD,44.2,37.9
KL_KJ,GO_PPL,30.77,26.4
KL_KJ,GO_TBT,22.69,20.7
KL_KJ,MDV-KBY,28.22,24.1
KL_KJ,MDV-KGD,11.78,12.3
KL_KJ,MDV-PURI,30.73,26.7
KL_KJ,MDV-PDI,35.36,28.9
KL_KJ,MDV-BNTR,40.11,34.9
KL_KJ,MDV-PDHB,10.5,11.2
KL_KJ,MDV-GRVY,33.52,28.1
KL_KJ,SPHS-SPHS,25.18,21.8
KL_KJ,DRSR-DRSR,20.11,20.3
KL_KJ,EXP-EXP,27.69,24.2
KL_KJ,EXP-AEON,50.15,44.8
KL_KJ,HHP-HHP,29.36,24.5
KL_KJ,GDL-BSD,50.49,43.9
KL_KJ,GDL-PIK,27.75,25.4
KL_KJ,GDL-MOI,9.81,12.6
KL_KJ,GDL-KHI,14.77,13.5
KL_KJ,GDL-RDL,31.34,27.3
KL_KJ,GDL-PRGN,16.88,16.8
KL_KJ,GDL-CNRE,40.29,37
KL_KJ,GDL-PURI,31.47,26.8
KL_KJ,GDL-ANC,14.49,15
KL_KJ,GDL-GLC,35.3,30.8
KL_KJ,GDL-SCBD,24.77,23.5
KL_KJ,DDF-DDF,44.66,39.3
KL_KJ,FDMX-VDLM,38.08,34.4
KL_KJ,JIN-RST,9.4,9.5
KL_KJ,JIN-CKC,14.41,13.9
KL_KJ,PDLM-PDLM,28,23.9
KL_KJ,GOF-GD,33.09,29.1
KL_KJ,SMI-SMI,22.9,23
KL_KJ,CST-RTIW,44.72,38.9
KL_KJ,GRMK-PSQ,36.21,31.3
KL_KJ,GRMK-CBN,46.4,40.6
KL_KJ,GRMK-JUN,22.9,19.5
KL_KJ,GRMK-KMY,16.41,15.8
KL_KJ,GRMK-TJD,22.04,20
KL_KJ,GRMK-VTR,37.63,31.9
KL_KJ,GRMK-STBD,21.49,20.5
KL_KJ,GRMK-FTM,34.92,30.7
KL_KJ,GRMK-MRY,28.92,25.3
KL_KJ,GRMK-DWS,44.02,39
KL_KJ,GRMK-CBR,35.66,31.2
KL_KJ,GRMK-EMP,18.3,17
KL_KJ,GRMK-CMP,13.29,13.2
KL_KJ,GRMK-LRT,8.38,12.5
KL_KJ,GRMK-BSD,44.55,37.6
KL_KJ,GRMK-GRH,40.56,35.8
KL_KJ,GRMK-CPNG,17.87,15.9
KL_KJ,GRMK-PLM,26.81,23.7
KL_KJ,GRMK-DTA,26.13,21.9
KL_KJ,GRMK-SOQ,36.75,30.7
KL_KJ,GRMK-XML,20.98,19
KL_KJ,GRMK-DMT,27.76,23.7
KL_KJ,BRIK-STR,9.68,10.1
KL_KJ,BRIK-ALS,43.52,35.5
KL_KJ,BRIK-GDB,173.76,130
KL_KJ,BRIK-CKR,44.52,38.4
KL_KJ,BRIK-NRG,26.13,22.7
KL_KJ,BRIK-LGK,50.33,41
KL_KJ,BRIK-BLR,70.6,53.3
KL_KJ,BRIK-STL,56.25,46.8
KL_KJ,BRIK-KRW,66.48,54.2
KL_KJ,BRIK-MTL,33.37,30.2
KL_KJ,YMY-BTB,29.52,25.4
KL_KJ,GLLR-GLLR,51.32,46.8
KL_KJ,CSRR-CSRR,17.27,15.8
KL_KJ,MTSJ-MTSJ,22.75,22.5
KL_KJ,CST-GLN,33.65,28.6
KL_KJ,MBG-MBG,30.59,26.9
KL_KJ,CST-MBG,16.56,15.9
KL_KJ,GDK-KGD,10.04,10.5
KL_KJ,GDK-SCBD,24.43,23.1
KL_KJ,CST-AYM,38.54,33.7
KL_KJ,WTC-WTC,17.25,15.4
KL_KJ,FYN-FYN,30.73,26.5
KL_KJ,CST-FDC,27.78,26.1
KL_KJ,MDS-MDS,28.78,25.4
KL_KJ,MDS-SCBD,29.23,24
KL_KJ,HKN-HKN,22.98,22.4
ASTR-ASTR,GDS,51.64,43.3
ASTR-ASTR,CRD,36.84,30.1
ASTR-ASTR,KJT,28.64,21.5
ASTR-ASTR,BKS,41.35,33.5
ASTR-ASTR,CBR,28.6,27.1
ASTR-ASTR,MPG,34.39,28.5
ASTR-ASTR,RWG,42.28,32.3
ASTR-ASTR,KBG,55.3,43.8
ASTR-ASTR,BSD,43.89,36
ASTR-ASTR,STB,41.74,32.6
ASTR-ASTR,MBS,46.33,38.5
ASTR-ASTR,DMT,61.77,45.7
ASTR-ASTR,DMG,61.81,45.6
ASTR-ASTR,KL_CKG,56.39,42
ASTR-ASTR,KL_KJ,52.16,40.3
ASTR-ASTR,ASTR-ASTR,0,0
ASTR-ASTR,BRW-BRW,33.94,26.6
ASTR-ASTR,MGL-MGL,44.51,36.6
ASTR-ASTR,WSI-ANCB,44.66,37
ASTR-ASTR,WSI-BTS,44.66,37
ASTR-ASTR,WSI-PIK,62.58,49.7
ASTR-ASTR,WSI-BSD,45.55,35.4
ASTR-ASTR,WSI-ANC,48.76,41.9
ASTR-ASTR,BKB-BKB,43.25,34.6
ASTR-ASTR,RFS-HANG,42.87,32.9
ASTR-ASTR,RFS-WOLT,40.44,32.1
ASTR-ASTR,MBL-MBL,42.09,33.2
ASTR-ASTR,ADS-ADS,42.84,32.9
ASTR-ASTR,LML-LML,42.76,34
ASTR-ASTR,HYP-HYP,40.7,31
ASTR-ASTR,SDJ-CNRE,31.06,26.8
ASTR-ASTR,SDJ-SDJE,33.37,28.7
ASTR-ASTR,SDJ-PSBC,43.52,35.6
ASTR-ASTR,SDJ-SCBD,40.62,30.3
ASTR-ASTR,SDJ-BNTR,38.5,31.6
ASTR-ASTR,SDJ-CJTA,23.69,18.4
ASTR-ASTR,SDJ-PJTN,34.06,29.6
ASTR-ASTR,SDJ-CBLH,38.28,31.2
ASTR-ASTR,SDJ-KTBT,42.54,33.6
ASTR-ASTR,SDJ-ODSS,41.11,31.1
ASTR-ASTR,SDJ-SOET,38.28,31.2
ASTR-ASTR,SDJ-SMB,47.55,41.5
ASTR-ASTR,SDJ-CBS,33.27,28
ASTR-ASTR,SDJ-PIM,38.73,31.6
ASTR-ASTR,SDJ-CBN,38.28,31.2
ASTR-ASTR,SDJ-BLV,34.93,31.1
ASTR-ASTR,BFL-BFL,19.66,15.7
ASTR-ASTR,BFL-KBY,40.1,31.1
ASTR-ASTR,DCGL-BAR,58.85,44.8
ASTR-ASTR,DCGS-BAR,50.24,40.8
ASTR-ASTR,DCGL-KITC,58.85,44.8
ASTR-ASTR,DCGS-KITC,58.85,44.8
ASTR-ASTR,DCBM-BAR,39.33,32.4
ASTR-ASTR,DCBM-KITC,39.33,32.4
ASTR-ASTR,MXW-PGJ,44.89,36.9
ASTR-ASTR,MXW-KGD,45.95,34.5
ASTR-ASTR,PPY-MTG,44.36,35.1
ASTR-ASTR,PPY-CTW,42.89,33.2
ASTR-ASTR,PPY-PI,38.34,30.6
ASTR-ASTR,PPY-GDS,51.5,43
ASTR-ASTR,TRF-TRF,35.53,28.7
ASTR-ASTR,TRF-CNRE,30.51,25.8
ASTR-ASTR,JOEL-JOEL,40.34,32.1
ASTR-ASTR,HMD-HMD,38.28,31.2
ASTR-ASTR,GO_PPL,37.81,30.8
ASTR-ASTR,GO_TBT,37.93,30.1
ASTR-ASTR,MDV-KBY,40.25,31.3
ASTR-ASTR,MDV-KGD,45.61,35.7
ASTR-ASTR,MDV-PURI,53.84,41.1
ASTR-ASTR,MDV-PDI,36.28,28.8
ASTR-ASTR,MDV-BNTR,41.38,34.8
ASTR-ASTR,MDV-PDHB,50.07,39.9
ASTR-ASTR,MDV-GRVY,38.91,31.1
ASTR-ASTR,SPHS-SPHS,43.64,32.9
ASTR-ASTR,DRSR-DRSR,44.38,34.8
ASTR-ASTR,EXP-EXP,41.62,31.9
ASTR-ASTR,EXP-AEON,45.9,37.5
ASTR-ASTR,HHP-HHP,41.38,31.7
ASTR-ASTR,GDL-BSD,49.2,40.6
ASTR-ASTR,GDL-PIK,61.78,48.1
ASTR-ASTR,GDL-MOI,45.49,37
ASTR-ASTR,GDL-KHI,51.82,40
ASTR-ASTR,GDL-RDL,39.94,32.1
ASTR-ASTR,GDL-PRGN,46.51,38.6
ASTR-ASTR,GDL-CNRE,31.49,26.2
ASTR-ASTR,GDL-PURI,54.39,41.4
ASTR-ASTR,GDL-ANC,47.99,40.7
ASTR-ASTR,GDL-GLC,58.41,45.1
ASTR-ASTR,GDL-SCBD,41.63,31.6
ASTR-ASTR,DDF-DDF,44.09,35
ASTR-ASTR,FDMX-VDLM,33.69,28.4
ASTR-ASTR,JIN-RST,45.94,34.3
ASTR-ASTR,JIN-CKC,44.88,36.9
ASTR-ASTR,PDLM-PDLM,40.03,31.1
ASTR-ASTR,GOF-GD,67.12,51.9
ASTR-ASTR,SMI-SMI,42.77,32.8
ASTR-ASTR,CST-RTIW,25.28,20.5
ASTR-ASTR,GRMK-PSQ,35.16,28.1
ASTR-ASTR,GRMK-CBN,6.64,6
ASTR-ASTR,GRMK-JUN,46.77,37.9
ASTR-ASTR,GRMK-KMY,43,35.2
ASTR-ASTR,GRMK-TJD,48.05,36.8
ASTR-ASTR,GRMK-VTR,38.9,31.9
ASTR-ASTR,GRMK-STBD,41.95,33
ASTR-ASTR,GRMK-FTM,34.42,27.8
ASTR-ASTR,GRMK-MRY,52.03,39.7
ASTR-ASTR,GRMK-DWS,24.58,20.6
ASTR-ASTR,GRMK-CBR,22.93,21.8
ASTR-ASTR,GRMK-EMP,52.03,39.1
ASTR-ASTR,GRMK-CMP,41.65,31.9
ASTR-ASTR,GRMK-LRT,47.22,36.8
ASTR-ASTR,GRMK-BSD,46.78,37.5
ASTR-ASTR,GRMK-GRH,49.35,38.9
ASTR-ASTR,GRMK-CPNG,37.11,28.4
ASTR-ASTR,GRMK-PLM,44.47,33.9
ASTR-ASTR,GRMK-DTA,34.28,26.7
ASTR-ASTR,GRMK-SOQ,36.1,29.2
ASTR-ASTR,GRMK-XML,41.71,32.8
ASTR-ASTR,GRMK-DMT,55.93,41.5
ASTR-ASTR,BRIK-STR,44.21,32.5
ASTR-ASTR,BRIK-ALS,50.66,41.3
ASTR-ASTR,BRIK-GDB,140.21,105.7
ASTR-ASTR,BRIK-CKR,59.57,49.1
ASTR-ASTR,BRIK-NRG,40.93,33.3
ASTR-ASTR,BRIK-LGK,56.32,46.3
ASTR-ASTR,BRIK-BLR,83.28,65.5
ASTR-ASTR,BRIK-STL,7.16,7.9
ASTR-ASTR,BRIK-KRW,79.54,61.9
ASTR-ASTR,BRIK-MTL,58.14,44.6
ASTR-ASTR,YMY-BTB,56.22,42.6
ASTR-ASTR,GLLR-GLLR,45.47,38.6
ASTR-ASTR,CSRR-CSRR,53.18,40.2
ASTR-ASTR,MTSJ-MTSJ,42.82,33.3
ASTR-ASTR,CST-GLN,39.05,31.6
ASTR-ASTR,MBG-MBG,31.29,27.4
ASTR-ASTR,CST-MBG,49.4,41
ASTR-ASTR,GDK-KGD,46.58,35.4
ASTR-ASTR,GDK-SCBD,41.29,31.2
ASTR-ASTR,CST-AYM,27.17,22.6
ASTR-ASTR,WTC-WTC,38.69,30.8
ASTR-ASTR,FYN-FYN,41.27,32.8
ASTR-ASTR,CST-FDC,42.87,34.8
ASTR-ASTR,MDS-MDS,43.87,34.2
ASTR-ASTR,MDS-SCBD,41.26,31.3
ASTR-ASTR,HKN-HKN,39.95,32.6
BRW-BRW,GDS,35.68,30
BRW-BRW,CRD,13.22,13.2
BRW-BRW,KJT,5.68,6.1
BRW-BRW,BKS,21.47,19.8
BRW-BRW,CBR,19.45,22
BRW-BRW,MPG,2.58,3.6
BRW-BRW,RWG,15.34,13.8
BRW-BRW,KBG,20.62,19.3
BRW-BRW,BSD,30,28.5
BRW-BRW,STB,7.07,8.1
BRW-BRW,MBS,17.01,15.5
BRW-BRW,DMT,27.09,21.2
BRW-BRW,DMG,27.13,21
BRW-BRW,KL_CKG,21.71,17.5
BRW-BRW,KL_KJ,25.22,21.8
BRW-BRW,ASTR-ASTR,34.31,29.7
BRW-BRW,BRW-BRW,0,0
BRW-BRW,MGL-MGL,15.15,13.8
BRW-BRW,WSI-ANCB,14.95,14.2
BRW-BRW,WSI-BTS,14.95,14.2
BRW-BRW,WSI-PIK,27.9,25.2
BRW-BRW,WSI-BSD,34.76,29.4
BRW-BRW,WSI-ANC,21,19.4
BRW-BRW,BKB-BKB,22.01,22.8
BRW-BRW,RFS-HANG,8.19,8.4
BRW-BRW,RFS-WOLT,5.76,7.6
BRW-BRW,MBL-MBL,4.46,6.8
BRW-BRW,ADS-ADS,8.16,8.3
BRW-BRW,LML-LML,21.52,22.1
BRW-BRW,HYP-HYP,6.02,6.5
BRW-BRW,SDJ-CNRE,16.4,18.9
BRW-BRW,SDJ-SDJE,4.56,7.5
BRW-BRW,SDJ-PSBC,11.38,12.3
BRW-BRW,SDJ-SCBD,5.94,5.8
BRW-BRW,SDJ-BNTR,20.19,20
BRW-BRW,SDJ-CJTA,10.9,11.6
BRW-BRW,SDJ-PJTN,4.38,7
BRW-BRW,SDJ-CBLH,19.97,19.6
BRW-BRW,SDJ-KTBT,16.05,16.6
BRW-BRW,SDJ-ODSS,6.43,6.5
BRW-BRW,SDJ-SOET,19.97,19.6
BRW-BRW,SDJ-SMB,22.72,23.2
BRW-BRW,SDJ-CBS,9.64,11.1
BRW-BRW,SDJ-PIM,11.73,13
BRW-BRW,SDJ-CBN,19.97,19.6
BRW-BRW,SDJ-BLV,14.4,15.4
BRW-BRW,BFL-BFL,18.14,17.5
BRW-BRW,BFL-KBY,5.42,6.6
BRW-BRW,DCGL-BAR,24.17,20.3
BRW-BRW,DCGS-BAR,36.85,30.6
BRW-BRW,DCGL-KITC,24.17,20.3
BRW-BRW,DCGS-KITC,24.17,20.3
BRW-BRW,DCBM-BAR,6.86,7.9
BRW-BRW,DCBM-KITC,6.86,7.9
BRW-BRW,MXW-PGJ,14.53,15.4
BRW-BRW,MXW-KGD,19.01,16.1
BRW-BRW,PPY-MTG,9.68,10.6
BRW-BRW,PPY-CTW,8.21,8.7
BRW-BRW,PPY-PI,12.2,12.6
BRW-BRW,PPY-GDS,35.92,29.9
BRW-BRW,TRF-TRF,11.9,11.8
BRW-BRW,TRF-CNRE,17.53,19.7
BRW-BRW,JOEL-JOEL,5.66,7.6
BRW-BRW,HMD-HMD,19.97,19.6
BRW-BRW,GO_PPL,8.12,9.1
BRW-BRW,GO_TBT,4.52,5.9
BRW-BRW,MDV-KBY,5.57,6.8
BRW-BRW,MDV-KGD,18.67,17.2
BRW-BRW,MDV-PURI,19.16,16.6
BRW-BRW,MDV-PDI,12.66,11.9
BRW-BRW,MDV-BNTR,17.76,18
BRW-BRW,MDV-PDHB,19.07,21.3
BRW-BRW,MDV-GRVY,9.92,11.5
BRW-BRW,SPHS-SPHS,8.96,8.4
BRW-BRW,DRSR-DRSR,9.7,10.3
BRW-BRW,EXP-EXP,6.94,7.4
BRW-BRW,EXP-AEON,34.86,32.2
BRW-BRW,HHP-HHP,6.7,7.2
BRW-BRW,GDL-BSD,38.92,33.7
BRW-BRW,GDL-PIK,27.1,23.6
BRW-BRW,GDL-MOI,18.55,18.5
BRW-BRW,GDL-KHI,24.88,21.5
BRW-BRW,GDL-RDL,8.69,10
BRW-BRW,GDL-PRGN,15.95,14.5
BRW-BRW,GDL-CNRE,15.61,16.9
BRW-BRW,GDL-PURI,19.71,16.9
BRW-BRW,GDL-ANC,17.63,19.3
BRW-BRW,GDL-GLC,23.72,20.6
BRW-BRW,GDL-SCBD,6.95,7.1
BRW-BRW,DDF-DDF,22.3,22.4
BRW-BRW,FDMX-VDLM,13.4,14.4
BRW-BRW,JIN-RST,19,15.8
BRW-BRW,JIN-CKC,14.52,15.4
BRW-BRW,PDLM-PDLM,5.35,6.6
BRW-BRW,GOF-GD,32.44,27.3
BRW-BRW,SMI-SMI,8.08,8.3
BRW-BRW,CST-RTIW,19.91,19.4
BRW-BRW,GRMK-PSQ,11.54,11.2
BRW-BRW,GRMK-CBN,27.74,23.9
BRW-BRW,GRMK-JUN,23.22,20.4
BRW-BRW,GRMK-KMY,12.48,13.7
BRW-BRW,GRMK-TJD,13.37,12.2
BRW-BRW,GRMK-VTR,15.28,15.1
BRW-BRW,GRMK-STBD,7.28,8.5
BRW-BRW,GRMK-FTM,10.79,11
BRW-BRW,GRMK-MRY,17.34,15.2
BRW-BRW,GRMK-DWS,19.21,19.5
BRW-BRW,GRMK-CBR,20.79,20.1
BRW-BRW,GRMK-EMP,17.35,14.6
BRW-BRW,GRMK-CMP,14.71,13.4
BRW-BRW,GRMK-LRT,20.28,18.3
BRW-BRW,GRMK-BSD,32.98,27.5
BRW-BRW,GRMK-GRH,23.94,24.4
BRW-BRW,GRMK-CPNG,10.17,9.9
BRW-BRW,GRMK-PLM,9.79,9.4
BRW-BRW,GRMK-DTA,1.32,2.4
BRW-BRW,GRMK-SOQ,12.48,12.3
BRW-BRW,GRMK-XML,14.77,14.3
BRW-BRW,GRMK-DMT,21.25,17
BRW-BRW,BRIK-STR,17.27,14
BRW-BRW,BRIK-ALS,31.95,25.3
BRW-BRW,BRIK-GDB,170.35,127.1
BRW-BRW,BRIK-CKR,41.9,38.2
BRW-BRW,BRIK-NRG,23.92,21.9
BRW-BRW,BRIK-LGK,38.76,30.8
BRW-BRW,BRIK-BLR,59.03,43.1
BRW-BRW,BRIK-STL,40.25,34.5
BRW-BRW,BRIK-KRW,63.07,51.3
BRW-BRW,BRIK-MTL,23.46,20.1
BRW-BRW,YMY-BTB,21.53,18
BRW-BRW,GLLR-GLLR,34.44,33.3
BRW-BRW,CSRR-CSRR,18.5,15.7
BRW-BRW,MTSJ-MTSJ,8.13,8.8
BRW-BRW,CST-GLN,9.84,11.9
BRW-BRW,MBG-MBG,5.78,7.4
BRW-BRW,CST-MBG,22.46,22.5
BRW-BRW,GDK-KGD,19.64,16.9
BRW-BRW,GDK-SCBD,6.61,6.7
BRW-BRW,CST-AYM,13.73,14.2
BRW-BRW,WTC-WTC,8.33,9.3
BRW-BRW,FYN-FYN,8.07,9.2
BRW-BRW,CST-FDC,8.19,10.3
BRW-BRW,MDS-MDS,9.18,9.7
BRW-BRW,MDS-SCBD,6.58,6.8
BRW-BRW,HKN-HKN,20.68,20.8
MGL-MGL,GDS,30.42,27.2
MGL-MGL,CRD,20.97,19.2
MGL-MGL,KJT,17.86,16.9
MGL-MGL,BKS,28.97,25.5
MGL-MGL,CBR,30.53,30.7
MGL-MGL,MPG,12.45,13
MGL-MGL,RWG,12.63,13.4
MGL-MGL,KBG,15.36,16.5
MGL-MGL,BSD,36.65,33.6
MGL-MGL,STB,7.55,8.8
MGL-MGL,MBS,2.7,4
MGL-MGL,DMT,20.77,17.9
MGL-MGL,DMG,20.81,17.7
MGL-MGL,KL_CKG,15.39,14.2
MGL-MGL,KL_KJ,16.1,15.5
MGL-MGL,ASTR-ASTR,47.27,41.3
MGL-MGL,BRW-BRW,14.43,14.4
MGL-MGL,MGL-MGL,0,0
MGL-MGL,WSI-ANCB,0.27,0.7
MGL-MGL,WSI-BTS,0.27,0.7
MGL-MGL,WSI-PIK,19.26,21.4
MGL-MGL,WSI-BSD,29.5,26.6
MGL-MGL,WSI-ANC,7,8.9
MGL-MGL,BKB-BKB,26.8,26.5
MGL-MGL,RFS-HANG,10.13,10.6
MGL-MGL,RFS-WOLT,10.5,12.2
MGL-MGL,MBL-MBL,12.95,13.1
MGL-MGL,ADS-ADS,7.63,8.8
MGL-MGL,LML-LML,26.31,25.8
MGL-MGL,HYP-HYP,7.51,8.1
MGL-MGL,SDJ-CNRE,24.85,26.7
MGL-MGL,SDJ-SDJE,14.44,17
MGL-MGL,SDJ-PSBC,1.37,1.9
MGL-MGL,SDJ-SCBD,8.89,9.3
MGL-MGL,SDJ-BNTR,26.84,25.1
MGL-MGL,SDJ-CJTA,23.54,23.1
MGL-MGL,SDJ-PJTN,14.26,16.6
MGL-MGL,SDJ-CBLH,26.63,24.7
MGL-MGL,SDJ-KTBT,23.01,22.4
MGL-MGL,SDJ-ODSS,9.14,9.7
MGL-MGL,SDJ-SOET,26.63,24.7
MGL-MGL,SDJ-SMB,25.68,24.7
MGL-MGL,SDJ-CBS,17.96,18.7
MGL-MGL,SDJ-PIM,15.88,15.5
MGL-MGL,SDJ-CBN,26.63,24.7
MGL-MGL,SDJ-BLV,22.19,20.7
MGL-MGL,BFL-BFL,31.1,29.1
MGL-MGL,BFL-KBY,11.03,11.8
MGL-MGL,DCGL-BAR,18.91,17.4
MGL-MGL,DCGS-BAR,31.59,27.8
MGL-MGL,DCGL-KITC,18.91,17.4
MGL-MGL,DCGS-KITC,18.91,17.4
MGL-MGL,DCBM-BAR,11.46,11.6
MGL-MGL,DCBM-KITC,11.46,11.6
MGL-MGL,MXW-PGJ,3.13,3.8
MGL-MGL,MXW-KGD,10.72,11.3
MGL-MGL,PPY-MTG,3.99,4.7
MGL-MGL,PPY-CTW,7.08,8.5
MGL-MGL,PPY-PI,16.35,15.1
MGL-MGL,PPY-GDS,30.65,27.1
MGL-MGL,TRF-TRF,20.31,19.7
MGL-MGL,TRF-CNRE,25.93,27.6
MGL-MGL,JOEL-JOEL,10.24,11.7
MGL-MGL,HMD-HMD,26.63,24.7
MGL-MGL,GO_PPL,12.3,12.4
MGL-MGL,GO_TBT,10.57,12.2
MGL-MGL,MDV-KBY,11.17,12
MGL-MGL,MDV-KGD,11.71,12.9
MGL-MGL,MDV-PURI,13.9,13.8
MGL-MGL,MDV-PDI,17.79,15.8
MGL-MGL,MDV-BNTR,22.55,21.7
MGL-MGL,MDV-PDHB,7.66,9.6
MGL-MGL,MDV-GRVY,14.1,14.9
MGL-MGL,SPHS-SPHS,7.44,8.6
MGL-MGL,DRSR-DRSR,4.93,6.5
MGL-MGL,EXP-EXP,9.04,10.2
MGL-MGL,EXP-AEON,33.32,31.8
MGL-MGL,HHP-HHP,9.41,10.3
MGL-MGL,GDL-BSD,33.65,30.9
MGL-MGL,GDL-PIK,18.46,19.8
MGL-MGL,GDL-MOI,10.27,13.7
MGL-MGL,GDL-KHI,20.06,18.4
MGL-MGL,GDL-RDL,12.87,13.4
MGL-MGL,GDL-PRGN,3.18,4.7
MGL-MGL,GDL-CNRE,24.02,24.8
MGL-MGL,GDL-PURI,14.45,14.1
MGL-MGL,GDL-ANC,6.23,7.7
MGL-MGL,GDL-GLC,18.46,17.8
MGL-MGL,GDL-SCBD,8.88,9.3
MGL-MGL,DDF-DDF,27.09,26.1
MGL-MGL,FDMX-VDLM,22.1,20.5
MGL-MGL,JIN-RST,10.71,11.1
MGL-MGL,JIN-CKC,3.12,3.8
MGL-MGL,PDLM-PDLM,9.5,10.2
MGL-MGL,GOF-GD,23.8,23.5
MGL-MGL,SMI-SMI,7.3,8.6
MGL-MGL,CST-RTIW,31.15,29.1
MGL-MGL,GRMK-PSQ,19.94,19.1
MGL-MGL,GRMK-CBN,40.7,35.5
MGL-MGL,GRMK-JUN,28.19,24.4
MGL-MGL,GRMK-KMY,2.66,3.4
MGL-MGL,GRMK-TJD,8.01,9.5
MGL-MGL,GRMK-VTR,20.07,18.8
MGL-MGL,GRMK-STBD,7.14,8.1
MGL-MGL,GRMK-FTM,17.04,17.8
MGL-MGL,GRMK-MRY,12.08,12.4
MGL-MGL,GRMK-DWS,32.17,31.1
MGL-MGL,GRMK-CBR,28.94,27.9
MGL-MGL,GRMK-EMP,7.99,9.8
MGL-MGL,GRMK-CMP,10.21,12
MGL-MGL,GRMK-LRT,12.61,14.6
MGL-MGL,GRMK-BSD,27.71,24.7
MGL-MGL,GRMK-GRH,23.72,22.8
MGL-MGL,GRMK-CPNG,10.56,11.5
MGL-MGL,GRMK-PLM,9.96,10.7
MGL-MGL,GRMK-DTA,14.28,14
MGL-MGL,GRMK-SOQ,19.18,17.5
MGL-MGL,GRMK-XML,19.9,20
MGL-MGL,GRMK-DMT,14.93,13.6
MGL-MGL,BRIK-STR,8.99,9.3
MGL-MGL,BRIK-ALS,26.69,22.5
MGL-MGL,BRIK-GDB,180.88,135
MGL-MGL,BRIK-CKR,49.81,43.3
MGL-MGL,BRIK-NRG,31.42,27.6
MGL-MGL,BRIK-LGK,33.5,28
MGL-MGL,BRIK-BLR,53.77,40.3
MGL-MGL,BRIK-STL,49.53,43.5
MGL-MGL,BRIK-KRW,73.6,59.2
MGL-MGL,BRIK-MTL,18.2,17.3
MGL-MGL,YMY-BTB,15.21,14.7
MGL-MGL,GLLR-GLLR,34.48,33.8
MGL-MGL,CSRR-CSRR,9.69,10
MGL-MGL,MTSJ-MTSJ,7.15,8.2
MGL-MGL,CST-GLN,14.02,15.3
MGL-MGL,MBG-MBG,18.74,19
MGL-MGL,CST-MBG,21.85,20.8
MGL-MGL,GDK-KGD,11.35,12.1
MGL-MGL,GDK-SCBD,8.55,8.9
MGL-MGL,CST-AYM,26.69,25.8
MGL-MGL,WTC-WTC,7.07,8.1
MGL-MGL,FYN-FYN,12.25,12.6
MGL-MGL,CST-FDC,10.3,13.1
MGL-MGL,MDS-MDS,11.29,12.5
MGL-MGL,MDS-SCBD,9.28,9.9
MGL-MGL,HKN-HKN,26.96,27.5
WSI-ANCB,GDS,29.42,26.6
WSI-ANCB,CRD,20.68,18.8
WSI-ANCB,KJT,17.8,17.2
WSI-ANCB,BKS,29.2,26.1
WSI-ANCB,CBR,30.47,31.1
WSI-ANCB,MPG,12.22,13.1
WSI-ANCB,RWG,12.57,13.7
WSI-ANCB,KBG,14.35,15.9
WSI-ANCB,BSD,36.37,33.3
WSI-ANCB,STB,7.32,8.9
WSI-ANCB,MBS,2.93,4.5
WSI-ANCB,DMT,19.76,17.3
WSI-ANCB,DMG,19.8,17.1
WSI-ANCB,KL_CKG,14.38,13.6
WSI-ANCB,KL_KJ,16.33,16.1
WSI-ANCB,ASTR-ASTR,47.04,41.4
WSI-ANCB,BRW-BRW,14.2,14.5
WSI-ANCB,MGL-MGL,0.22,0.6
WSI-ANCB,WSI-ANCB,0,0
WSI-ANCB,WSI-BTS,0,0
WSI-ANCB,WSI-PIK,19.49,21.9
WSI-ANCB,WSI-BSD,28.5,26
WSI-ANCB,WSI-ANC,7.22,9.4
WSI-ANCB,BKB-BKB,26.51,26.1
WSI-ANCB,RFS-HANG,9.9,10.7
WSI-ANCB,RFS-WOLT,10.27,12.3
WSI-ANCB,MBL-MBL,12.72,13.2
WSI-ANCB,ADS-ADS,6.91,8.8
WSI-ANCB,LML-LML,26.02,25.5
WSI-ANCB,HYP-HYP,7.29,8.2
WSI-ANCB,SDJ-CNRE,24.62,26.8
WSI-ANCB,SDJ-SDJE,14.21,17.1
WSI-ANCB,SDJ-PSBC,1.5,2.2
WSI-ANCB,SDJ-SCBD,8.66,9.4
WSI-ANCB,SDJ-BNTR,26.56,24.8
WSI-ANCB,SDJ-CJTA,23.32,23.3
WSI-ANCB,SDJ-PJTN,14.03,16.7
WSI-ANCB,SDJ-CBLH,26.34,24.4
WSI-ANCB,SDJ-KTBT,23.23,23
WSI-ANCB,SDJ-ODSS,8.91,9.8
WSI-ANCB,SDJ-SOET,26.34,24.4
WSI-ANCB,SDJ-SMB,25.91,25.3
WSI-ANCB,SDJ-CBS,17.73,18.8
WSI-ANCB,SDJ-PIM,15.59,15.2
WSI-ANCB,SDJ-CBN,26.34,24.4
WSI-ANCB,SDJ-BLV,21.9,20.3
WSI-ANCB,BFL-BFL,30.87,29.2
WSI-ANCB,BFL-KBY,10.8,11.9
WSI-ANCB,DCGL-BAR,17.91,16.9
WSI-ANCB,DCGS-BAR,30.59,27.3
WSI-ANCB,DCGL-KITC,17.91,16.9
WSI-ANCB,DCGS-KITC,17.91,16.9
WSI-ANCB,DCBM-BAR,11.23,11.7
WSI-ANCB,DCBM-KITC,11.23,11.7
WSI-ANCB,MXW-PGJ,3.35,4.4
WSI-ANCB,MXW-KGD,10.95,11.9
WSI-ANCB,PPY-MTG,3.76,4.9
WSI-ANCB,PPY-CTW,6.36,8.6
WSI-ANCB,PPY-PI,16.06,14.8
WSI-ANCB,PPY-GDS,29.65,26.6
WSI-ANCB,TRF-TRF,22.15,19.7
WSI-ANCB,TRF-CNRE,25.7,27.7
WSI-ANCB,JOEL-JOEL,10.01,11.8
WSI-ANCB,HMD-HMD,26.34,24.4
WSI-ANCB,GO_PPL,12.07,12.5
WSI-ANCB,GO_TBT,10.34,12.3
WSI-ANCB,MDV-KBY,10.94,12.1
WSI-ANCB,MDV-KGD,11.93,13.4
WSI-ANCB,MDV-PURI,12.9,13.2
WSI-ANCB,MDV-PDI,17.5,15.4
WSI-ANCB,MDV-BNTR,22.26,21.4
WSI-ANCB,MDV-PDHB,7.89,10.2
WSI-ANCB,MDV-GRVY,15.67,14.6
WSI-ANCB,SPHS-SPHS,7.33,8.3
WSI-ANCB,DRSR-DRSR,4.7,6.6
WSI-ANCB,EXP-EXP,8.81,10.3
WSI-ANCB,EXP-AEON,32.32,31.2
WSI-ANCB,HHP-HHP,9.18,10.4
WSI-ANCB,GDL-BSD,32.65,30.3
WSI-ANCB,GDL-PIK,18.68,20.3
WSI-ANCB,GDL-MOI,10.49,14.3
WSI-ANCB,GDL-KHI,20.28,19
WSI-ANCB,GDL-RDL,12.64,13.5
WSI-ANCB,GDL-PRGN,3.3,4.9
WSI-ANCB,GDL-CNRE,23.79,24.9
WSI-ANCB,GDL-PURI,13.45,13.5
WSI-ANCB,GDL-ANC,6.45,8.2
WSI-ANCB,GDL-GLC,17.46,17.2
WSI-ANCB,GDL-SCBD,8.66,9.4
WSI-ANCB,DDF-DDF,26.8,25.8
WSI-ANCB,FDMX-VDLM,21.81,20.1
WSI-ANCB,JIN-RST,10.94,11.7
WSI-ANCB,JIN-CKC,3.35,4.4
WSI-ANCB,PDLM-PDLM,9.28,10.4
WSI-ANCB,GOF-GD,24.02,24
WSI-ANCB,SMI-SMI,6.58,8.7
WSI-ANCB,CST-RTIW,30.92,29.2
WSI-ANCB,GRMK-PSQ,21.79,19.1
WSI-ANCB,GRMK-CBN,40.47,35.6
WSI-ANCB,GRMK-JUN,28.41,25
WSI-ANCB,GRMK-KMY,2.6,3.6
WSI-ANCB,GRMK-TJD,7.01,8.9
WSI-ANCB,GRMK-VTR,19.78,18.4
WSI-ANCB,GRMK-STBD,6.92,8.2
WSI-ANCB,GRMK-FTM,16.81,17.9
WSI-ANCB,GRMK-MRY,11.08,11.8
WSI-ANCB,GRMK-DWS,31.94,31.2
WSI-ANCB,GRMK-CBR,28.88,28.3
WSI-ANCB,GRMK-EMP,8.21,10.4
WSI-ANCB,GRMK-CMP,10.43,12.6
WSI-ANCB,GRMK-LRT,12.84,15.1
WSI-ANCB,GRMK-BSD,26.71,24.1
WSI-ANCB,GRMK-GRH,22.72,22.2
WSI-ANCB,GRMK-CPNG,10.5,11.8
WSI-ANCB,GRMK-PLM,8.95,10.2
WSI-ANCB,GRMK-DTA,14.06,14.1
WSI-ANCB,GRMK-SOQ,18.9,17.2
WSI-ANCB,GRMK-XML,19.84,20.4
WSI-ANCB,GRMK-DMT,13.93,13
WSI-ANCB,BRIK-STR,9.21,9.8
WSI-ANCB,BRIK-ALS,25.69,22
WSI-ANCB,BRIK-GDB,180.66,135.2
WSI-ANCB,BRIK-CKR,50.04,43.9
WSI-ANCB,BRIK-NRG,31.65,28.2
WSI-ANCB,BRIK-LGK,32.49,27.4
WSI-ANCB,BRIK-BLR,52.76,39.7
WSI-ANCB,BRIK-STL,49.47,43.8
WSI-ANCB,BRIK-KRW,73.38,59.3
WSI-ANCB,BRIK-MTL,17.2,16.7
WSI-ANCB,YMY-BTB,14.21,14.1
WSI-ANCB,GLLR-GLLR,33.48,33.2
WSI-ANCB,CSRR-CSRR,9.92,10.6
WSI-ANCB,MTSJ-MTSJ,6.43,8.3
WSI-ANCB,CST-GLN,15.8,15.1
WSI-ANCB,MBG-MBG,18.51,19.1
WSI-ANCB,CST-MBG,22.08,21.4
WSI-ANCB,GDK-KGD,11.58,12.7
WSI-ANCB,GDK-SCBD,8.32,9
WSI-ANCB,CST-AYM,26.46,25.9
WSI-ANCB,WTC-WTC,7.01,8.4
WSI-ANCB,FYN-FYN,12.02,12.7
WSI-ANCB,CST-FDC,9.93,12.6
WSI-ANCB,MDS-MDS,10.92,11.9
WSI-ANCB,MDS-SCBD,9.05,10
WSI-ANCB,HKN-HKN,26.9,27.8
WSI-BTS,GDS,29.42,26.6
WSI-BTS,CRD,20.68,18.8
WSI-BTS,KJT,17.8,17.2
WSI-BTS,BKS,29.2,26.1
WSI-BTS,CBR,30.47,31.1
WSI-BTS,MPG,12.22,13.1
WSI-BTS,RWG,12.57,13.7
WSI-BTS,KBG,14.35,15.9
WSI-BTS,BSD,36.37,33.3
WSI-BTS,STB,7.32,8.9
WSI-BTS,MBS,2.93,4.5
WSI-BTS,DMT,19.76,17.3
WSI-BTS,DMG,19.8,17.1
WSI-BTS,KL_CKG,14.38,13.6
WSI-BTS,KL_KJ,16.33,16.1
WSI-BTS,ASTR-ASTR,47.04,41.4
WSI-BTS,BRW-BRW,14.2,14.5
WSI-BTS,MGL-MGL,0.22,0.6
WSI-BTS,WSI-ANCB,0,0
WSI-BTS,WSI-BTS,0,0
WSI-BTS,WSI-PIK,19.49,21.9
WSI-BTS,WSI-BSD,28.5,26
WSI-BTS,WSI-ANC,7.22,9.4
WSI-BTS,BKB-BKB,26.51,26.1
WSI-BTS,RFS-HANG,9.9,10.7
WSI-BTS,RFS-WOLT,10.27,12.3
WSI-BTS,MBL-MBL,12.72,13.2
WSI-BTS,ADS-ADS,6.91,8.8
WSI-BTS,LML-LML,26.02,25.5
WSI-BTS,HYP-HYP,7.29,8.2
WSI-BTS,SDJ-CNRE,24.62,26.8
WSI-BTS,SDJ-SDJE,14.21,17.1
WSI-BTS,SDJ-PSBC,1.5,2.2
WSI-BTS,SDJ-SCBD,8.66,9.4
WSI-BTS,SDJ-BNTR,26.56,24.8
WSI-BTS,SDJ-CJTA,23.32,23.3
WSI-BTS,SDJ-PJTN,14.03,16.7
WSI-BTS,SDJ-CBLH,26.34,24.4
WSI-BTS,SDJ-KTBT,23.23,23
WSI-BTS,SDJ-ODSS,8.91,9.8
WSI-BTS,SDJ-SOET,26.34,24.4
WSI-BTS,SDJ-SMB,25.91,25.3
WSI-BTS,SDJ-CBS,17.73,18.8
WSI-BTS,SDJ-PIM,15.59,15.2
WSI-BTS,SDJ-CBN,26.34,24.4
WSI-BTS,SDJ-BLV,21.9,20.3
WSI-BTS,BFL-BFL,30.87,29.2
WSI-BTS,BFL-KBY,10.8,11.9
WSI-BTS,DCGL-BAR,17.91,16.9
WSI-BTS,DCGS-BAR,30.59,27.3
WSI-BTS,DCGL-KITC,17.91,16.9
WSI-BTS,DCGS-KITC,17.91,16.9
WSI-BTS,DCBM-BAR,11.23,11.7
WSI-BTS,DCBM-KITC,11.23,11.7
WSI-BTS,MXW-PGJ,3.35,4.4
WSI-BTS,MXW-KGD,10.95,11.9
WSI-BTS,PPY-MTG,3.76,4.9
WSI-BTS,PPY-CTW,6.36,8.6
WSI-BTS,PPY-PI,16.06,14.8
WSI-BTS,PPY-GDS,29.65,26.6
WSI-BTS,TRF-TRF,22.15,19.7
WSI-BTS,TRF-CNRE,25.7,27.7
WSI-BTS,JOEL-JOEL,10.01,11.8
WSI-BTS,HMD-HMD,26.34,24.4
WSI-BTS,GO_PPL,12.07,12.5
WSI-BTS,GO_TBT,10.34,12.3
WSI-BTS,MDV-KBY,10.94,12.1
WSI-BTS,MDV-KGD,11.93,13.4
WSI-BTS,MDV-PURI,12.9,13.2
WSI-BTS,MDV-PDI,17.5,15.4
WSI-BTS,MDV-BNTR,22.26,21.4
WSI-BTS,MDV-PDHB,7.89,10.2
WSI-BTS,MDV-GRVY,15.67,14.6
WSI-BTS,SPHS-SPHS,7.33,8.3
WSI-BTS,DRSR-DRSR,4.7,6.6
WSI-BTS,EXP-EXP,8.81,10.3
WSI-BTS,EXP-AEON,32.32,31.2
WSI-BTS,HHP-HHP,9.18,10.4
WSI-BTS,GDL-BSD,32.65,30.3
WSI-BTS,GDL-PIK,18.68,20.3
WSI-BTS,GDL-MOI,10.49,14.3
WSI-BTS,GDL-KHI,20.28,19
WSI-BTS,GDL-RDL,12.64,13.5
WSI-BTS,GDL-PRGN,3.3,4.9
WSI-BTS,GDL-CNRE,23.79,24.9
WSI-BTS,GDL-PURI,13.45,13.5
WSI-BTS,GDL-ANC,6.45,8.2
WSI-BTS,GDL-GLC,17.46,17.2
WSI-BTS,GDL-SCBD,8.66,9.4
WSI-BTS,DDF-DDF,26.8,25.8
WSI-BTS,FDMX-VDLM,21.81,20.1
WSI-BTS,JIN-RST,10.94,11.7
WSI-BTS,JIN-CKC,3.35,4.4
WSI-BTS,PDLM-PDLM,9.28,10.4
WSI-BTS,GOF-GD,24.02,24
WSI-BTS,SMI-SMI,6.58,8.7
WSI-BTS,CST-RTIW,30.92,29.2
WSI-BTS,GRMK-PSQ,21.79,19.1
WSI-BTS,GRMK-CBN,40.47,35.6
WSI-BTS,GRMK-JUN,28.41,25
WSI-BTS,GRMK-KMY,2.6,3.6
WSI-BTS,GRMK-TJD,7.01,8.9
WSI-BTS,GRMK-VTR,19.78,18.4
WSI-BTS,GRMK-STBD,6.92,8.2
WSI-BTS,GRMK-FTM,16.81,17.9
WSI-BTS,GRMK-MRY,11.08,11.8
WSI-BTS,GRMK-DWS,31.94,31.2
WSI-BTS,GRMK-CBR,28.88,28.3
WSI-BTS,GRMK-EMP,8.21,10.4
WSI-BTS,GRMK-CMP,10.43,12.6
WSI-BTS,GRMK-LRT,12.84,15.1
WSI-BTS,GRMK-BSD,26.71,24.1
WSI-BTS,GRMK-GRH,22.72,22.2
WSI-BTS,GRMK-CPNG,10.5,11.8
WSI-BTS,GRMK-PLM,8.95,10.2
WSI-BTS,GRMK-DTA,14.06,14.1
WSI-BTS,GRMK-SOQ,18.9,17.2
WSI-BTS,GRMK-XML,19.84,20.4
WSI-BTS,GRMK-DMT,13.93,13
WSI-BTS,BRIK-STR,9.21,9.8
WSI-BTS,BRIK-ALS,25.69,22
WSI-BTS,BRIK-GDB,180.66,135.2
WSI-BTS,BRIK-CKR,50.04,43.9
WSI-BTS,BRIK-NRG,31.65,28.2
WSI-BTS,BRIK-LGK,32.49,27.4
WSI-BTS,BRIK-BLR,52.76,39.7
WSI-BTS,BRIK-STL,49.47,43.8
WSI-BTS,BRIK-KRW,73.38,59.3
WSI-BTS,BRIK-MTL,17.2,16.7
WSI-BTS,YMY-BTB,14.21,14.1
WSI-BTS,GLLR-GLLR,33.48,33.2
WSI-BTS,CSRR-CSRR,9.92,10.6
WSI-BTS,MTSJ-MTSJ,6.43,8.3
WSI-BTS,CST-GLN,15.8,15.1
WSI-BTS,MBG-MBG,18.51,19.1
WSI-BTS,CST-MBG,22.08,21.4
WSI-BTS,GDK-KGD,11.58,12.7
WSI-BTS,GDK-SCBD,8.32,9
WSI-BTS,CST-AYM,26.46,25.9
WSI-BTS,WTC-WTC,7.01,8.4
WSI-BTS,FYN-FYN,12.02,12.7
WSI-BTS,CST-FDC,9.93,12.6
WSI-BTS,MDS-MDS,10.92,11.9
WSI-BTS,MDS-SCBD,9.05,10
WSI-BTS,HKN-HKN,26.9,27.8
WSI-PIK,GDS,30.73,31.6
WSI-PIK,CRD,32.74,28.8
WSI-PIK,KJT,33.68,27.8
WSI-PIK,BKS,45.9,38.1
WSI-PIK,CBR,46.36,41.7
WSI-PIK,MPG,26.69,24
WSI-PIK,RWG,29.94,29.2
WSI-PIK,KBG,14.17,17.6
WSI-PIK,BSD,39.01,38.8
WSI-PIK,STB,24.54,23.3
WSI-PIK,MBS,17.8,18.9
WSI-PIK,DMT,18.2,18.5
WSI-PIK,DMG,18.24,18.3
WSI-PIK,KL_CKG,9.21,11.7
WSI-PIK,KL_KJ,27.22,25.5
WSI-PIK,ASTR-ASTR,61.16,51.8
WSI-PIK,BRW-BRW,28.32,24.9
WSI-PIK,MGL-MGL,21.67,21.1
WSI-PIK,WSI-ANCB,21.81,21.5
WSI-PIK,WSI-BTS,21.81,21.5
WSI-PIK,WSI-PIK,0,0
WSI-PIK,WSI-BSD,29.81,31
WSI-PIK,WSI-ANC,15.27,17.3
WSI-PIK,BKB-BKB,27.61,31.8
WSI-PIK,RFS-HANG,23.73,21.7
WSI-PIK,RFS-WOLT,24.59,23.7
WSI-PIK,MBL-MBL,27.04,24.6
WSI-PIK,ADS-ADS,23.12,21.4
WSI-PIK,LML-LML,27.13,31.2
WSI-PIK,HYP-HYP,26.55,23.5
WSI-PIK,SDJ-CNRE,38.94,38.1
WSI-PIK,SDJ-SDJE,28.68,28
WSI-PIK,SDJ-PSBC,21.1,20.2
WSI-PIK,SDJ-SCBD,22.98,20.8
WSI-PIK,SDJ-BNTR,30.15,33.1
WSI-PIK,SDJ-CJTA,37.76,33.6
WSI-PIK,SDJ-PJTN,28.5,27.6
WSI-PIK,SDJ-CBLH,29.94,32.7
WSI-PIK,SDJ-KTBT,41.26,35.2
WSI-PIK,SDJ-ODSS,23.23,21.2
WSI-PIK,SDJ-SOET,29.94,32.7
WSI-PIK,SDJ-SMB,46.1,40.1
WSI-PIK,SDJ-CBS,32.05,30.2
WSI-PIK,SDJ-PIM,27.65,25.1
WSI-PIK,SDJ-CBN,29.94,32.7
WSI-PIK,SDJ-BLV,33.96,30.3
WSI-PIK,BFL-BFL,44.99,39.6
WSI-PIK,BFL-KBY,25.12,23.2
WSI-PIK,DCGL-BAR,16.88,20.2
WSI-PIK,DCGS-BAR,31.9,32.2
WSI-PIK,DCGL-KITC,16.88,20.2
WSI-PIK,DCGS-KITC,16.88,20.2
WSI-PIK,DCBM-BAR,25.55,23.1
WSI-PIK,DCBM-KITC,25.55,23.1
WSI-PIK,MXW-PGJ,17.97,17.5
WSI-PIK,MXW-KGD,28.12,25.1
WSI-PIK,PPY-MTG,21.61,20.6
WSI-PIK,PPY-CTW,22.06,21.3
WSI-PIK,PPY-PI,28.12,24.7
WSI-PIK,PPY-GDS,30.96,31.5
WSI-PIK,TRF-TRF,34.21,29.7
WSI-PIK,TRF-CNRE,38.27,35.9
WSI-PIK,JOEL-JOEL,24.33,23.2
WSI-PIK,HMD-HMD,29.94,32.7
WSI-PIK,GO_PPL,26.39,23.9
WSI-PIK,GO_TBT,28.95,25.5
WSI-PIK,MDV-KBY,25.26,23.5
WSI-PIK,MDV-KGD,27.64,27.3
WSI-PIK,MDV-PURI,13.15,15.8
WSI-PIK,MDV-PDI,29.56,25.4
WSI-PIK,MDV-BNTR,25.6,28.2
WSI-PIK,MDV-PDHB,21.53,20.4
WSI-PIK,MDV-GRVY,27.72,24.6
WSI-PIK,SPHS-SPHS,19.39,18.2
WSI-PIK,DRSR-DRSR,22.55,22.2
WSI-PIK,EXP-EXP,21.9,20.5
WSI-PIK,EXP-AEON,33.63,36.2
WSI-PIK,HHP-HHP,23.5,21.8
WSI-PIK,GDL-BSD,33.96,35.3
WSI-PIK,GDL-PIK,1.16,3.1
WSI-PIK,GDL-MOI,28.52,28
WSI-PIK,GDL-KHI,40.47,33.9
WSI-PIK,GDL-RDL,27.08,24.8
WSI-PIK,GDL-PRGN,18.05,19.4
WSI-PIK,GDL-CNRE,36.36,33.1
WSI-PIK,GDL-PURI,12.5,14.7
WSI-PIK,GDL-ANC,17.34,17.8
WSI-PIK,GDL-GLC,17.2,20.9
WSI-PIK,GDL-SCBD,22.98,20.7
WSI-PIK,DDF-DDF,26.9,30.7
WSI-PIK,FDMX-VDLM,33.87,30.1
WSI-PIK,JIN-RST,28.1,24.9
WSI-PIK,JIN-CKC,17.97,17.4
WSI-PIK,PDLM-PDLM,23.4,21.1
WSI-PIK,GOF-GD,14.11,17
WSI-PIK,SMI-SMI,23.05,21.4
WSI-PIK,CST-RTIW,45.24,40.6
WSI-PIK,GRMK-PSQ,33.84,29.1
WSI-PIK,GRMK-CBN,54.59,46
WSI-PIK,GRMK-JUN,47.07,39
WSI-PIK,GRMK-KMY,19.97,19.3
WSI-PIK,GRMK-TJD,16.74,17.6
WSI-PIK,GRMK-VTR,23.12,25.2
WSI-PIK,GRMK-STBD,23.94,23.4
WSI-PIK,GRMK-FTM,33.04,28.6
WSI-PIK,GRMK-MRY,15.74,18
WSI-PIK,GRMK-DWS,46.06,41.6
WSI-PIK,GRMK-CBR,44.77,38.8
WSI-PIK,GRMK-EMP,11.96,12.6
WSI-PIK,GRMK-CMP,26.24,27.6
WSI-PIK,GRMK-LRT,30.86,28.7
WSI-PIK,GRMK-BSD,28.02,29.1
WSI-PIK,GRMK-GRH,22.28,25.4
WSI-PIK,GRMK-CPNG,27.87,27.3
WSI-PIK,GRMK-PLM,21.01,20.2
WSI-PIK,GRMK-DTA,28.17,24.4
WSI-PIK,GRMK-SOQ,30.95,27.2
WSI-PIK,GRMK-XML,38.61,33
WSI-PIK,GRMK-DMT,8.76,11.1
WSI-PIK,BRIK-STR,25.33,24.5
WSI-PIK,BRIK-ALS,27,26.9
WSI-PIK,BRIK-GDB,194.77,145.5
WSI-PIK,BRIK-CKR,66.33,56.6
WSI-PIK,BRIK-NRG,48.34,40.2
WSI-PIK,BRIK-LGK,33.8,32.4
WSI-PIK,BRIK-BLR,54.07,44.7
WSI-PIK,BRIK-STL,65.36,54.4
WSI-PIK,BRIK-KRW,87.49,69.7
WSI-PIK,BRIK-MTL,16.5,20.1
WSI-PIK,YMY-BTB,12.65,15.3
WSI-PIK,GLLR-GLLR,34.79,38.2
WSI-PIK,CSRR-CSRR,13.11,13.7
WSI-PIK,MTSJ-MTSJ,22.14,21
WSI-PIK,CST-GLN,27.86,25.1
WSI-PIK,MBG-MBG,32.63,29.4
WSI-PIK,CST-MBG,42.27,36.3
WSI-PIK,GDK-KGD,28.75,26
WSI-PIK,GDK-SCBD,22.64,20.3
WSI-PIK,CST-AYM,40.58,36.2
WSI-PIK,WTC-WTC,24.37,23.9
WSI-PIK,FYN-FYN,26.04,23.5
WSI-PIK,CST-FDC,22,22.4
WSI-PIK,MDS-MDS,22.99,21.8
WSI-PIK,MDS-SCBD,23.38,21.4
WSI-PIK,HKN-HKN,44.52,39.5
WSI-BSD,GDS,9.46,10.3
WSI-BSD,CRD,21.66,20.5
WSI-BSD,KJT,32.51,27.8
WSI-BSD,BKS,45.22,39.6
WSI-BSD,CBR,40.63,35.9
WSI-BSD,MPG,28.06,25.7
WSI-BSD,RWG,39,37.9
WSI-BSD,KBG,21.94,23.5
WSI-BSD,BSD,7.62,8.7
WSI-BSD,STB,31.23,30.3
WSI-BSD,MBS,32.54,29.3
WSI-BSD,DMT,21.66,20.3
WSI-BSD,DMG,20.09,19.2
WSI-BSD,KL_CKG,23.38,22.8
WSI-BSD,KL_KJ,49.03,42.6
WSI-BSD,ASTR-ASTR,44.86,35.5
WSI-BSD,BRW-BRW,30.35,28.3
WSI-BSD,MGL-MGL,30.68,27.6
WSI-BSD,WSI-ANCB,30.48,28
WSI-BSD,WSI-BTS,30.48,28
WSI-BSD,WSI-PIK,31.62,33.2
WSI-BSD,WSI-BSD,0,0
WSI-BSD,WSI-ANC,36.46,33.3
WSI-BSD,BKB-BKB,11.57,12.6
WSI-BSD,RFS-HANG,22.79,22.4
WSI-BSD,RFS-WOLT,24.2,27.3
WSI-BSD,MBL-MBL,23.86,25.5
WSI-BSD,ADS-ADS,26.83,26.8
WSI-BSD,LML-LML,11.08,11.9
WSI-BSD,HYP-HYP,30.44,29.5
WSI-BSD,SDJ-CNRE,21.18,20.6
WSI-BSD,SDJ-SDJE,25.92,25.2
WSI-BSD,SDJ-PSBC,31.02,27.7
WSI-BSD,SDJ-SCBD,26.87,26.8
WSI-BSD,SDJ-BNTR,11.35,12
WSI-BSD,SDJ-CJTA,35.79,28.2
WSI-BSD,SDJ-PJTN,26.19,25.4
WSI-BSD,SDJ-CBLH,11.34,11.6
WSI-BSD,SDJ-KTBT,46.41,39.6
WSI-BSD,SDJ-ODSS,24.42,26.5
WSI-BSD,SDJ-SOET,11.34,11.6
WSI-BSD,SDJ-SMB,51.43,47.6
WSI-BSD,SDJ-CBS,23.35,21.9
WSI-BSD,SDJ-PIM,19.97,21.1
WSI-BSD,SDJ-CBN,11.34,11.6
WSI-BSD,SDJ-BLV,18.39,18.9
WSI-BSD,BFL-BFL,29.13,23.9
WSI-BSD,BFL-KBY,23.29,25.3
WSI-BSD,DCGL-BAR,17.72,18.5
WSI-BSD,DCGS-BAR,7.82,8.1
WSI-BSD,DCGL-KITC,17.72,18.5
WSI-BSD,DCGS-KITC,17.72,18.5
WSI-BSD,DCBM-BAR,22.33,23.8
WSI-BSD,DCBM-KITC,22.33,23.8
WSI-BSD,MXW-PGJ,33.94,31.1
WSI-BSD,MXW-KGD,41.72,37.7
WSI-BSD,PPY-MTG,31.65,28.2
WSI-BSD,PPY-CTW,26.88,27.2
WSI-BSD,PPY-PI,19.58,20
WSI-BSD,PPY-GDS,9.7,10.2
WSI-BSD,TRF-TRF,23.21,21.3
WSI-BSD,TRF-CNRE,20.63,19.6
WSI-BSD,JOEL-JOEL,25.17,28
WSI-BSD,HMD-HMD,11.34,11.6
WSI-BSD,GO_PPL,25.44,23.2
WSI-BSD,GO_TBT,32.84,31.9
WSI-BSD,MDV-KBY,23.14,25
WSI-BSD,MDV-KGD,41.41,38.7
WSI-BSD,MDV-PURI,20.56,21
WSI-BSD,MDV-PDI,19.88,18.4
WSI-BSD,MDV-BNTR,13.48,13.5
WSI-BSD,MDV-PDHB,38.48,37
WSI-BSD,MDV-GRVY,20.15,20.5
WSI-BSD,SPHS-SPHS,29.42,25.9
WSI-BSD,DRSR-DRSR,32.59,29.8
WSI-BSD,EXP-EXP,25.6,25.9
WSI-BSD,EXP-AEON,5.41,6.1
WSI-BSD,HHP-HHP,24.68,27.2
WSI-BSD,GDL-BSD,6.8,7.8
WSI-BSD,GDL-PIK,30.81,31.6
WSI-BSD,GDL-MOI,41.27,40.1
WSI-BSD,GDL-KHI,49.75,43.4
WSI-BSD,GDL-RDL,21.18,21.5
WSI-BSD,GDL-PRGN,31.48,28.4
WSI-BSD,GDL-CNRE,21.61,20
WSI-BSD,GDL-PURI,19.92,19.9
WSI-BSD,GDL-ANC,39.15,34.9
WSI-BSD,GDL-GLC,17.27,18.8
WSI-BSD,GDL-SCBD,26.86,26.7
WSI-BSD,DDF-DDF,9.47,12.4
WSI-BSD,FDMX-VDLM,22.79,21.9
WSI-BSD,JIN-RST,41.71,37.5
WSI-BSD,JIN-CKC,33.93,31.1
WSI-BSD,PDLM-PDLM,27.29,27.1
WSI-BSD,GOF-GD,26.51,26.5
WSI-BSD,SMI-SMI,26.75,26.8
WSI-BSD,CST-RTIW,25.17,21.9
WSI-BSD,GRMK-PSQ,22.85,20.7
WSI-BSD,GRMK-CBN,38.29,29.7
WSI-BSD,GRMK-JUN,50.64,44
WSI-BSD,GRMK-KMY,32.12,29.2
WSI-BSD,GRMK-TJD,26.73,25.7
WSI-BSD,GRMK-VTR,14.3,14.2
WSI-BSD,GRMK-STBD,30.64,30.4
WSI-BSD,GRMK-FTM,22.04,20.3
WSI-BSD,GRMK-MRY,23.16,23.2
WSI-BSD,GRMK-DWS,27.14,24
WSI-BSD,GRMK-CBR,34.96,30.6
WSI-BSD,GRMK-EMP,32.8,28.5
WSI-BSD,GRMK-CMP,39.9,37
WSI-BSD,GRMK-LRT,43.01,39.8
WSI-BSD,GRMK-BSD,3.8,3.7
WSI-BSD,GRMK-GRH,12.65,12.6
WSI-BSD,GRMK-CPNG,40.99,34.7
WSI-BSD,GRMK-PLM,26.01,25.9
WSI-BSD,GRMK-DTA,29.76,27.8
WSI-BSD,GRMK-SOQ,19.96,18.8
WSI-BSD,GRMK-XML,45.59,39.1
WSI-BSD,GRMK-DMT,24.3,23.6
WSI-BSD,BRIK-STR,39.98,35.6
WSI-BSD,BRIK-ALS,7.67,7.5
WSI-BSD,BRIK-GDB,176.77,136.4
WSI-BSD,BRIK-CKR,71.6,57.9
WSI-BSD,BRIK-NRG,44.8,39.4
WSI-BSD,BRIK-LGK,12.68,14.7
WSI-BSD,BRIK-BLR,40.3,31.7
WSI-BSD,BRIK-STL,50.8,40.3
WSI-BSD,BRIK-KRW,91.57,70.7
WSI-BSD,BRIK-MTL,17.01,18.3
WSI-BSD,YMY-BTB,21.14,22.5
WSI-BSD,GLLR-GLLR,4.98,7.2
WSI-BSD,CSRR-CSRR,33.95,29.6
WSI-BSD,MTSJ-MTSJ,26.8,27.3
WSI-BSD,CST-GLN,20.29,21
WSI-BSD,MBG-MBG,27.16,26
WSI-BSD,CST-MBG,51.55,45.9
WSI-BSD,GDK-KGD,42.35,38.5
WSI-BSD,GDK-SCBD,26.52,26.3
WSI-BSD,CST-AYM,25.46,24.7
WSI-BSD,WTC-WTC,33.36,32.5
WSI-BSD,FYN-FYN,20.56,21.7
WSI-BSD,CST-FDC,24.76,27
WSI-BSD,MDS-MDS,24.31,25.1
WSI-BSD,MDS-SCBD,24.3,26.2
WSI-BSD,HKN-HKN,43.82,38.7
WSI-ANC,GDS,35.05,30.6
WSI-ANC,CRD,26.34,22.7
WSI-ANC,KJT,21.76,21.4
WSI-ANC,BKS,35.99,29.7
WSI-ANC,CBR,34.44,35.3
WSI-ANC,MPG,20.28,18
WSI-ANC,RWG,16.54,17.9
WSI-ANC,KBG,16.77,16.7
WSI-ANC,BSD,42.02,37.1
WSI-ANC,STB,13.85,15.8
WSI-ANC,MBS,6.56,8.3
WSI-ANC,DMT,22.87,19
WSI-ANC,DMG,22.91,18.8
WSI-ANC,KL_CKG,15.33,14.9
WSI-ANC,KL_KJ,13.82,14.2
WSI-ANC,ASTR-ASTR,54.75,45.8
WSI-ANC,BRW-BRW,21.91,19
WSI-ANC,MGL-MGL,8.27,9.8
WSI-ANC,WSI-ANCB,8.41,10.1
WSI-ANC,WSI-BTS,8.41,10.1
WSI-ANC,WSI-PIK,15.66,17.7
WSI-ANC,WSI-BSD,34.14,29.9
WSI-ANC,WSI-ANC,0,0
WSI-ANC,BKB-BKB,32.17,30
WSI-ANC,RFS-HANG,17.32,15.7
WSI-ANC,RFS-WOLT,18.18,17.8
WSI-ANC,MBL-MBL,20.63,18.6
WSI-ANC,ADS-ADS,16.71,15.5
WSI-ANC,LML-LML,31.68,29.3
WSI-ANC,HYP-HYP,13.81,15.1
WSI-ANC,SDJ-CNRE,32.53,32.2
WSI-ANC,SDJ-SDJE,22.27,22
WSI-ANC,SDJ-PSBC,7.7,8.9
WSI-ANC,SDJ-SCBD,16.57,14.8
WSI-ANC,SDJ-BNTR,32.21,28.6
WSI-ANC,SDJ-CJTA,31.34,27.7
WSI-ANC,SDJ-PJTN,22.09,21.6
WSI-ANC,SDJ-CBLH,32,28.2
WSI-ANC,SDJ-KTBT,29.87,25.6
WSI-ANC,SDJ-ODSS,16.82,15.2
WSI-ANC,SDJ-SOET,32,28.2
WSI-ANC,SDJ-SMB,32.7,28.8
WSI-ANC,SDJ-CBS,27.95,24.1
WSI-ANC,SDJ-PIM,21.25,19
WSI-ANC,SDJ-CBN,32,28.2
WSI-ANC,SDJ-BLV,27.56,24.2
WSI-ANC,BFL-BFL,38.58,33.7
WSI-ANC,BFL-KBY,18.71,17.3
WSI-ANC,DCGL-BAR,21.55,20.7
WSI-ANC,DCGS-BAR,36.22,31.2
WSI-ANC,DCGL-KITC,21.55,20.7
WSI-ANC,DCGS-KITC,21.55,20.7
WSI-ANC,DCBM-BAR,19.14,17.1
WSI-ANC,DCBM-KITC,19.14,17.1
WSI-ANC,MXW-PGJ,4.58,6.1
WSI-ANC,MXW-KGD,14.72,13.8
WSI-ANC,PPY-MTG,11.12,12.7
WSI-ANC,PPY-CTW,15.66,15.2
WSI-ANC,PPY-PI,21.72,18.6
WSI-ANC,PPY-GDS,35.29,30.5
WSI-ANC,TRF-TRF,27.81,23.5
WSI-ANC,TRF-CNRE,31.87,29.8
WSI-ANC,JOEL-JOEL,17.92,17.3
WSI-ANC,HMD-HMD,32,28.2
WSI-ANC,GO_PPL,19.98,17.9
WSI-ANC,GO_TBT,15.33,18.1
WSI-ANC,MDV-KBY,18.85,17.5
WSI-ANC,MDV-KGD,14.24,16
WSI-ANC,MDV-PURI,18.54,17.1
WSI-ANC,MDV-PDI,23.16,19.3
WSI-ANC,MDV-BNTR,27.92,25.2
WSI-ANC,MDV-PDHB,8.13,9.1
WSI-ANC,MDV-GRVY,21.32,18.5
WSI-ANC,SPHS-SPHS,12.98,12.1
WSI-ANC,DRSR-DRSR,10.94,12.8
WSI-ANC,EXP-EXP,15.49,14.5
WSI-ANC,EXP-AEON,37.96,35.2
WSI-ANC,HHP-HHP,17.09,15.9
WSI-ANC,GDL-BSD,38.29,34.3
WSI-ANC,GDL-PIK,14.85,16.1
WSI-ANC,GDL-MOI,15.12,16.7
WSI-ANC,GDL-KHI,27.08,22.5
WSI-ANC,GDL-RDL,20.68,18.7
WSI-ANC,GDL-PRGN,7.04,9
WSI-ANC,GDL-CNRE,29.96,27
WSI-ANC,GDL-PURI,19.28,17.2
WSI-ANC,GDL-ANC,2.47,4.8
WSI-ANC,GDL-GLC,23.1,21.2
WSI-ANC,GDL-SCBD,16.57,14.8
WSI-ANC,DDF-DDF,32.46,29.7
WSI-ANC,FDMX-VDLM,27.47,24
WSI-ANC,JIN-RST,14.71,13.6
WSI-ANC,JIN-CKC,4.57,6.1
WSI-ANC,PDLM-PDLM,16.99,15.1
WSI-ANC,GOF-GD,20.2,19.8
WSI-ANC,SMI-SMI,16.64,15.5
WSI-ANC,CST-RTIW,38.83,34.6
WSI-ANC,GRMK-PSQ,27.44,22.9
WSI-ANC,GRMK-CBN,48.18,40
WSI-ANC,GRMK-JUN,35.21,28.6
WSI-ANC,GRMK-KMY,6.57,8
WSI-ANC,GRMK-TJD,9.84,10.3
WSI-ANC,GRMK-VTR,25.44,22.3
WSI-ANC,GRMK-STBD,13.44,15.1
WSI-ANC,GRMK-FTM,26.64,22.5
WSI-ANC,GRMK-MRY,16.72,15.7
WSI-ANC,GRMK-DWS,39.65,35.6
WSI-ANC,GRMK-CBR,32.85,32.4
WSI-ANC,GRMK-EMP,3.88,6.8
WSI-ANC,GRMK-CMP,12.84,16.2
WSI-ANC,GRMK-LRT,17.46,17.3
WSI-ANC,GRMK-BSD,32.35,28
WSI-ANC,GRMK-GRH,28.36,26.1
WSI-ANC,GRMK-CPNG,14.47,16
WSI-ANC,GRMK-PLM,14.61,14
WSI-ANC,GRMK-DTA,21.76,18.5
WSI-ANC,GRMK-SOQ,24.55,21
WSI-ANC,GRMK-XML,23.81,24.5
WSI-ANC,GRMK-DMT,14.87,14.4
WSI-ANC,BRIK-STR,11.94,13.2
WSI-ANC,BRIK-ALS,31.32,25.9
WSI-ANC,BRIK-GDB,186.06,139
WSI-ANC,BRIK-CKR,56.83,47.5
WSI-ANC,BRIK-NRG,38.44,31.8
WSI-ANC,BRIK-LGK,38.13,31.4
WSI-ANC,BRIK-BLR,58.4,43.7
WSI-ANC,BRIK-STL,53.44,48
WSI-ANC,BRIK-KRW,78.78,63.2
WSI-ANC,BRIK-MTL,21.17,20.6
WSI-ANC,YMY-BTB,17.32,15.8
WSI-ANC,GLLR-GLLR,39.12,37.1
WSI-ANC,CSRR-CSRR,3.45,5.6
WSI-ANC,MTSJ-MTSJ,15.74,14.9
WSI-ANC,CST-GLN,21.46,19
WSI-ANC,MBG-MBG,26.22,23.5
WSI-ANC,CST-MBG,28.87,25
WSI-ANC,GDK-KGD,15.35,14.6
WSI-ANC,GDK-SCBD,16.23,14.4
WSI-ANC,CST-AYM,34.17,30.3
WSI-ANC,WTC-WTC,10.97,12.6
WSI-ANC,FYN-FYN,19.64,17.4
WSI-ANC,CST-FDC,15.59,16.4
WSI-ANC,MDS-MDS,16.58,15.8
WSI-ANC,MDS-SCBD,16.96,15.4
WSI-ANC,HKN-HKN,35.29,31.5
BKB-BKB,GDS,18.55,20.7
BKB-BKB,CRD,13.39,14.2
BKB-BKB,KJT,24.24,21.5
BKB-BKB,BKS,36.95,33.3
BKB-BKB,CBR,33.32,32.6
BKB-BKB,MPG,19.78,19.4
BKB-BKB,RWG,30.95,32
BKB-BKB,KBG,17.79,22.4
BKB-BKB,BSD,10.8,13.4
BKB-BKB,STB,23.19,24.4
BKB-BKB,MBS,26.76,27.2
BKB-BKB,DMT,26.68,26.5
BKB-BKB,DMG,26.72,26.3
BKB-BKB,KL_CKG,19.23,21.8
BKB-BKB,KL_KJ,39.75,40
BKB-BKB,ASTR-ASTR,42.46,34.4
BKB-BKB,BRW-BRW,22.07,22.1
BKB-BKB,MGL-MGL,24.91,25.5
BKB-BKB,WSI-ANCB,24.7,25.9
BKB-BKB,WSI-BTS,24.7,25.9
BKB-BKB,WSI-PIK,28.13,31.5
BKB-BKB,WSI-BSD,10.51,12.6
BKB-BKB,WSI-ANC,30.76,31.2
BKB-BKB,BKB-BKB,0,0
BKB-BKB,RFS-HANG,14.74,16.5
BKB-BKB,RFS-WOLT,16.15,21.4
BKB-BKB,MBL-MBL,19.79,19.5
BKB-BKB,ADS-ADS,18.78,20.9
BKB-BKB,LML-LML,1.25,2.6
BKB-BKB,HYP-HYP,22.4,23.5
BKB-BKB,SDJ-CNRE,18.78,19.4
BKB-BKB,SDJ-SDJE,17.64,18.9
BKB-BKB,SDJ-PSBC,25.24,25.6
BKB-BKB,SDJ-SCBD,18.83,20.9
BKB-BKB,SDJ-BNTR,2.93,4.6
BKB-BKB,SDJ-CJTA,22.89,21.9
BKB-BKB,SDJ-PJTN,17.91,19.1
BKB-BKB,SDJ-CBLH,2.71,4.2
BKB-BKB,SDJ-KTBT,38.14,33.4
BKB-BKB,SDJ-ODSS,16.37,20.6
BKB-BKB,SDJ-SOET,2.71,4.2
BKB-BKB,SDJ-SMB,43.15,41.3
BKB-BKB,SDJ-CBS,15.08,15.6
BKB-BKB,SDJ-PIM,14.06,15
BKB-BKB,SDJ-CBN,2.71,4.2
BKB-BKB,SDJ-BLV,10.12,12.6
BKB-BKB,BFL-BFL,26.74,22.7
BKB-BKB,BFL-KBY,15.25,19.3
BKB-BKB,DCGL-BAR,15.78,18.4
BKB-BKB,DCGS-BAR,17.15,18.2
BKB-BKB,DCGL-KITC,15.78,18.4
BKB-BKB,DCGS-KITC,15.78,18.4
BKB-BKB,DCBM-BAR,14.29,17.9
BKB-BKB,DCBM-KITC,14.29,17.9
BKB-BKB,MXW-PGJ,28.16,28.9
BKB-BKB,MXW-KGD,33.54,34.2
BKB-BKB,PPY-MTG,21.68,24.2
BKB-BKB,PPY-CTW,18.83,21.3
BKB-BKB,PPY-PI,13.67,14
BKB-BKB,PPY-GDS,18.41,20.4
BKB-BKB,TRF-TRF,14.94,15
BKB-BKB,TRF-CNRE,18.24,18.4
BKB-BKB,JOEL-JOEL,17.13,22
BKB-BKB,HMD-HMD,2.71,4.2
BKB-BKB,GO_PPL,17.16,16.9
BKB-BKB,GO_TBT,24.8,26
BKB-BKB,MDV-KBY,15.1,19.1
BKB-BKB,MDV-KGD,33.23,35.3
BKB-BKB,MDV-PURI,17.42,19.8
BKB-BKB,MDV-PDI,11.61,12.2
BKB-BKB,MDV-BNTR,5.26,6.7
BKB-BKB,MDV-PDHB,32.7,34.8
BKB-BKB,MDV-GRVY,14.24,14.4
BKB-BKB,SPHS-SPHS,19.06,20.6
BKB-BKB,DRSR-DRSR,22.78,25.2
BKB-BKB,EXP-EXP,17.56,20
BKB-BKB,EXP-AEON,12.81,14.9
BKB-BKB,HHP-HHP,16.64,21.3
BKB-BKB,GDL-BSD,16.11,18
BKB-BKB,GDL-PIK,27.32,29.9
BKB-BKB,GDL-MOI,33.09,36.7
BKB-BKB,GDL-KHI,40.49,39.7
BKB-BKB,GDL-RDL,15.27,15.5
BKB-BKB,GDL-PRGN,25.7,26.2
BKB-BKB,GDL-CNRE,19.22,18.9
BKB-BKB,GDL-PURI,15.77,18.8
BKB-BKB,GDL-ANC,33.46,32.5
BKB-BKB,GDL-GLC,15.34,18.8
BKB-BKB,GDL-SCBD,18.82,20.8
BKB-BKB,DDF-DDF,3.22,4.9
BKB-BKB,FDMX-VDLM,14.52,15.6
BKB-BKB,JIN-RST,33.53,34
BKB-BKB,JIN-CKC,28.16,28.9
BKB-BKB,PDLM-PDLM,19.24,21.2
BKB-BKB,GOF-GD,31.17,33.3
BKB-BKB,SMI-SMI,18.71,20.9
BKB-BKB,CST-RTIW,22.77,20.7
BKB-BKB,GRMK-PSQ,14.57,14.5
BKB-BKB,GRMK-CBN,35.89,28.6
BKB-BKB,GRMK-JUN,42.37,37.7
BKB-BKB,GRMK-KMY,26.34,27
BKB-BKB,GRMK-TJD,20.22,23.5
BKB-BKB,GRMK-VTR,6.26,8.3
BKB-BKB,GRMK-STBD,22.59,24.5
BKB-BKB,GRMK-FTM,13.77,14
BKB-BKB,GRMK-MRY,16.6,19.3
BKB-BKB,GRMK-DWS,24.74,22.8
BKB-BKB,GRMK-CBR,32.56,29.4
BKB-BKB,GRMK-EMP,27.1,26.3
BKB-BKB,GRMK-CMP,30.31,31.6
BKB-BKB,GRMK-LRT,34.83,36.4
BKB-BKB,GRMK-BSD,14.18,15.2
BKB-BKB,GRMK-GRH,12.01,13.7
BKB-BKB,GRMK-CPNG,32.71,28.5
BKB-BKB,GRMK-PLM,17.97,20
BKB-BKB,GRMK-DTA,21.49,21.5
BKB-BKB,GRMK-SOQ,11.68,12.6
BKB-BKB,GRMK-XML,37.31,32.8
BKB-BKB,GRMK-DMT,20.84,22.2
BKB-BKB,BRIK-STR,31.8,32.2
BKB-BKB,BRIK-ALS,14.76,16.4
BKB-BKB,BRIK-GDB,181.17,136.8
BKB-BKB,BRIK-CKR,63.44,56.4
BKB-BKB,BRIK-NRG,36.53,33.2
BKB-BKB,BRIK-LGK,23.23,23.7
BKB-BKB,BRIK-BLR,48.01,40.9
BKB-BKB,BRIK-STL,48.4,39.1
BKB-BKB,BRIK-KRW,84.6,69.5
BKB-BKB,BRIK-MTL,15.07,18.3
BKB-BKB,YMY-BTB,18.33,21.7
BKB-BKB,GLLR-GLLR,12.39,16
BKB-BKB,CSRR-CSRR,28.25,27.4
BKB-BKB,MTSJ-MTSJ,18.76,21.3
BKB-BKB,CST-GLN,14.38,15
BKB-BKB,MBG-MBG,18.89,19.7
BKB-BKB,CST-MBG,45.34,40.9
BKB-BKB,GDK-KGD,34.17,35
BKB-BKB,GDK-SCBD,18.48,20.4
BKB-BKB,CST-AYM,23.06,23.6
BKB-BKB,WTC-WTC,25.32,26.6
BKB-BKB,FYN-FYN,12.51,15.7
BKB-BKB,CST-FDC,16.71,21
BKB-BKB,MDS-MDS,16.27,19.2
BKB-BKB,MDS-SCBD,16.25,20.3
BKB-BKB,HKN-HKN,35.55,32.4
RFS-HANG,GDS,31.57,26.7
RFS-HANG,CRD,11.37,10.3
RFS-HANG,KJT,15.26,12.6
RFS-HANG,BKS,27.47,22.9
RFS-HANG,CBR,27.93,26.4
RFS-HANG,MPG,8.26,8.4
RFS-HANG,RWG,15.8,16.3
RFS-HANG,KBG,12.28,13.9
RFS-HANG,BSD,27.05,24.8
RFS-HANG,STB,8.48,9.4
RFS-HANG,MBS,12.9,12.2
RFS-HANG,DMT,22.98,17.9
RFS-HANG,DMG,23.02,17.8
RFS-HANG,KL_CKG,17.6,14.2
RFS-HANG,KL_KJ,25.54,24.5
RFS-HANG,ASTR-ASTR,42.17,36.5
RFS-HANG,BRW-BRW,9.89,9.7
RFS-HANG,MGL-MGL,11.05,10.5
RFS-HANG,WSI-ANCB,10.84,10.9
RFS-HANG,WSI-BTS,10.84,10.9
RFS-HANG,WSI-PIK,23.8,22.1
RFS-HANG,WSI-BSD,24.78,25.1
RFS-HANG,WSI-ANC,16.9,16.2
RFS-HANG,BKB-BKB,16.09,17.9
RFS-HANG,RFS-HANG,0,0
RFS-HANG,RFS-WOLT,4.84,7.1
RFS-HANG,MBL-MBL,4.19,5.1
RFS-HANG,ADS-ADS,4.51,5.2
RFS-HANG,LML-LML,15.6,17.3
RFS-HANG,HYP-HYP,8.12,7.8
RFS-HANG,SDJ-CNRE,16.09,18.6
RFS-HANG,SDJ-SDJE,7.87,10.4
RFS-HANG,SDJ-PSBC,11.38,10.6
RFS-HANG,SDJ-SCBD,4.55,5.2
RFS-HANG,SDJ-BNTR,17.25,16.3
RFS-HANG,SDJ-CJTA,17.02,17
RFS-HANG,SDJ-PJTN,8.15,10.6
RFS-HANG,SDJ-CBLH,17.03,15.9
RFS-HANG,SDJ-KTBT,22.83,19.9
RFS-HANG,SDJ-ODSS,3.82,5.2
RFS-HANG,SDJ-SOET,17.03,15.9
RFS-HANG,SDJ-SMB,28.72,26.3
RFS-HANG,SDJ-CBS,9.21,10.7
RFS-HANG,SDJ-PIM,6.28,6.7
RFS-HANG,SDJ-CBN,17.03,15.9
RFS-HANG,SDJ-BLV,12.59,11.8
RFS-HANG,BFL-BFL,26.56,24.4
RFS-HANG,BFL-KBY,3.63,5
RFS-HANG,DCGL-BAR,20.06,17
RFS-HANG,DCGS-BAR,32.74,27.4
RFS-HANG,DCGL-KITC,20.06,17
RFS-HANG,DCGS-KITC,20.06,17
RFS-HANG,DCBM-BAR,2.71,3.6
RFS-HANG,DCBM-KITC,2.71,3.6
RFS-HANG,MXW-PGJ,14.3,13.9
RFS-HANG,MXW-KGD,19.33,18.8
RFS-HANG,PPY-MTG,7.4,8.5
RFS-HANG,PPY-CTW,4.56,5.6
RFS-HANG,PPY-PI,6.75,6.3
RFS-HANG,PPY-GDS,31.81,26.7
RFS-HANG,TRF-TRF,12.84,11.2
RFS-HANG,TRF-CNRE,16.9,17.5
RFS-HANG,JOEL-JOEL,4.57,6.6
RFS-HANG,HMD-HMD,17.03,15.9
RFS-HANG,GO_PPL,3.08,3.7
RFS-HANG,GO_TBT,10.52,10.3
RFS-HANG,MDV-KBY,3.48,4.8
RFS-HANG,MDV-KGD,19.02,19.8
RFS-HANG,MDV-PURI,12.63,13.3
RFS-HANG,MDV-PDI,8.19,6.9
RFS-HANG,MDV-BNTR,12.95,12.9
RFS-HANG,MDV-PDHB,18.84,19.8
RFS-HANG,MDV-GRVY,4.66,6
RFS-HANG,SPHS-SPHS,4.85,5.1
RFS-HANG,DRSR-DRSR,8.5,9.5
RFS-HANG,EXP-EXP,3.29,4.3
RFS-HANG,EXP-AEON,26.2,27.1
RFS-HANG,HHP-HHP,4.09,5.9
RFS-HANG,GDL-BSD,29.5,30.1
RFS-HANG,GDL-PIK,22.99,20.5
RFS-HANG,GDL-MOI,18.88,21.2
RFS-HANG,GDL-KHI,25.35,24
RFS-HANG,GDL-RDL,3.43,4.5
RFS-HANG,GDL-PRGN,11.84,11.2
RFS-HANG,GDL-CNRE,14.99,14.7
RFS-HANG,GDL-PURI,13.18,13.6
RFS-HANG,GDL-ANC,19.6,17.5
RFS-HANG,GDL-GLC,19.62,17.3
RFS-HANG,GDL-SCBD,4.54,5.1
RFS-HANG,DDF-DDF,17.49,17.3
RFS-HANG,FDMX-VDLM,12.5,11.7
RFS-HANG,JIN-RST,19.32,18.6
RFS-HANG,JIN-CKC,14.3,13.9
RFS-HANG,PDLM-PDLM,4.97,5.5
RFS-HANG,GOF-GD,28.33,24.2
RFS-HANG,SMI-SMI,4.43,5.2
RFS-HANG,CST-RTIW,22.4,21
RFS-HANG,GRMK-PSQ,12.47,10.6
RFS-HANG,GRMK-CBN,35.6,30.7
RFS-HANG,GRMK-JUN,28.64,23.8
RFS-HANG,GRMK-KMY,12.48,12
RFS-HANG,GRMK-TJD,9.26,9
RFS-HANG,GRMK-VTR,10.47,10
RFS-HANG,GRMK-STBD,8.59,9.4
RFS-HANG,GRMK-FTM,7.83,9.1
RFS-HANG,GRMK-MRY,10.39,10.8
RFS-HANG,GRMK-DWS,24.36,23.1
RFS-HANG,GRMK-CBR,26.34,23.6
RFS-HANG,GRMK-EMP,13.24,11.3
RFS-HANG,GRMK-CMP,15.16,16
RFS-HANG,GRMK-LRT,20.63,20.9
RFS-HANG,GRMK-BSD,28.87,24.2
RFS-HANG,GRMK-GRH,18.49,18.1
RFS-HANG,GRMK-CPNG,15.59,13.3
RFS-HANG,GRMK-PLM,5.68,6.1
RFS-HANG,GRMK-DTA,9.75,9.2
RFS-HANG,GRMK-SOQ,9.58,8.7
RFS-HANG,GRMK-XML,20.19,17.7
RFS-HANG,GRMK-DMT,17.14,13.7
RFS-HANG,BRIK-STR,17.59,16.7
RFS-HANG,BRIK-ALS,27.84,22.1
RFS-HANG,BRIK-GDB,176.35,130.3
RFS-HANG,BRIK-CKR,47.91,41.3
RFS-HANG,BRIK-NRG,29.92,25
RFS-HANG,BRIK-LGK,34.65,27.5
RFS-HANG,BRIK-BLR,54.92,39.8
RFS-HANG,BRIK-STL,46.93,39.2
RFS-HANG,BRIK-KRW,69.07,54.4
RFS-HANG,BRIK-MTL,19.35,16.9
RFS-HANG,YMY-BTB,17.43,14.8
RFS-HANG,GLLR-GLLR,25.78,28.1
RFS-HANG,CSRR-CSRR,14.39,12.4
RFS-HANG,MTSJ-MTSJ,4.48,5.6
RFS-HANG,CST-GLN,4.58,6.4
RFS-HANG,MBG-MBG,14.2,14.2
RFS-HANG,CST-MBG,27.88,26
RFS-HANG,GDK-KGD,19.96,19.6
RFS-HANG,GDK-SCBD,4.21,4.7
RFS-HANG,CST-AYM,15.51,18.3
RFS-HANG,WTC-WTC,10.17,10.9
RFS-HANG,FYN-FYN,3.09,3.2
RFS-HANG,CST-FDC,2.06,4.8
RFS-HANG,MDS-MDS,1.61,3
RFS-HANG,MDS-SCBD,3.7,4.9
RFS-HANG,HKN-HKN,26.09,24.3
RFS-WOLT,GDS,33.46,29.3
RFS-WOLT,CRD,11.81,12.2
RFS-WOLT,KJT,12.61,11.7
RFS-WOLT,BKS,24.82,22
RFS-WOLT,CBR,25.29,25.6
RFS-WOLT,MPG,5.12,6.7
RFS-WOLT,RWG,18.11,16.3
RFS-WOLT,KBG,14.77,17.1
RFS-WOLT,BSD,27.7,26.2
RFS-WOLT,STB,9.72,11.2
RFS-WOLT,MBS,13.16,14.2
RFS-WOLT,DMT,24.87,20.5
RFS-WOLT,DMG,24.91,20.4
RFS-WOLT,KL_CKG,19.49,16.8
RFS-WOLT,KL_KJ,27.99,24.4
RFS-WOLT,ASTR-ASTR,40.09,35.7
RFS-WOLT,BRW-BRW,6.15,8.2
RFS-WOLT,MGL-MGL,11.31,12.5
RFS-WOLT,WSI-ANCB,11.1,12.9
RFS-WOLT,WSI-BTS,11.1,12.9
RFS-WOLT,WSI-PIK,25.68,24.5
RFS-WOLT,WSI-BSD,25.43,26.5
RFS-WOLT,WSI-ANC,18.78,18.8
RFS-WOLT,BKB-BKB,16.74,19.4
RFS-WOLT,RFS-HANG,3.18,4.4
RFS-WOLT,RFS-WOLT,0,0
RFS-WOLT,MBL-MBL,3.13,4.3
RFS-WOLT,ADS-ADS,5.75,7.1
RFS-WOLT,LML-LML,16.25,18.7
RFS-WOLT,HYP-HYP,5.85,6.9
RFS-WOLT,SDJ-CNRE,15.04,17.8
RFS-WOLT,SDJ-SDJE,6.82,9.6
RFS-WOLT,SDJ-PSBC,11.64,12.6
RFS-WOLT,SDJ-SCBD,2.42,4.1
RFS-WOLT,SDJ-BNTR,17.89,17.7
RFS-WOLT,SDJ-CJTA,15.96,16.2
RFS-WOLT,SDJ-PJTN,7.09,9.8
RFS-WOLT,SDJ-CBLH,17.68,17.3
RFS-WOLT,SDJ-KTBT,20.19,19
RFS-WOLT,SDJ-ODSS,1.65,3
RFS-WOLT,SDJ-SOET,17.68,17.3
RFS-WOLT,SDJ-SMB,26.07,25.5
RFS-WOLT,SDJ-CBS,8.15,9.9
RFS-WOLT,SDJ-PIM,6.93,8.1
RFS-WOLT,SDJ-CBN,17.68,17.3
RFS-WOLT,SDJ-BLV,12.99,14.4
RFS-WOLT,BFL-BFL,23.92,23.5
RFS-WOLT,BFL-KBY,1.51,2.8
RFS-WOLT,DCGL-BAR,21.95,19.6
RFS-WOLT,DCGS-BAR,34.63,30
RFS-WOLT,DCGL-KITC,21.95,19.6
RFS-WOLT,DCGS-KITC,21.95,19.6
RFS-WOLT,DCBM-BAR,2.05,3
RFS-WOLT,DCBM-KITC,2.05,3
RFS-WOLT,MXW-PGJ,14.56,16
RFS-WOLT,MXW-KGD,21.78,18.6
RFS-WOLT,PPY-MTG,8.64,10.4
RFS-WOLT,PPY-CTW,5.8,7.4
RFS-WOLT,PPY-PI,7.4,7.7
RFS-WOLT,PPY-GDS,33.7,29.3
RFS-WOLT,TRF-TRF,10.49,10.8
RFS-WOLT,TRF-CNRE,16.12,18.7
RFS-WOLT,JOEL-JOEL,1,2.6
RFS-WOLT,HMD-HMD,17.68,17.3
RFS-WOLT,GO_PPL,3.31,4.2
RFS-WOLT,GO_TBT,7.87,9.4
RFS-WOLT,MDV-KBY,1.36,2.6
RFS-WOLT,MDV-KGD,21.44,19.8
RFS-WOLT,MDV-PURI,16.94,15.9
RFS-WOLT,MDV-PDI,8.84,8.4
RFS-WOLT,MDV-BNTR,13.6,14.3
RFS-WOLT,MDV-PDHB,19.1,21.9
RFS-WOLT,MDV-GRVY,5.12,6.6
RFS-WOLT,SPHS-SPHS,6.74,7.7
RFS-WOLT,DRSR-DRSR,9.53,10.7
RFS-WOLT,EXP-EXP,4.53,6.1
RFS-WOLT,EXP-AEON,26.85,28.5
RFS-WOLT,HHP-HHP,1.91,3.6
RFS-WOLT,GDL-BSD,30.15,31.5
RFS-WOLT,GDL-PIK,24.88,22.9
RFS-WOLT,GDL-MOI,21.32,21
RFS-WOLT,GDL-KHI,27.65,24.1
RFS-WOLT,GDL-RDL,3.88,5.1
RFS-WOLT,GDL-PRGN,12.1,13.3
RFS-WOLT,GDL-CNRE,14.21,15.9
RFS-WOLT,GDL-PURI,17.49,16.2
RFS-WOLT,GDL-ANC,17.66,19.8
RFS-WOLT,GDL-GLC,21.5,19.9
RFS-WOLT,GDL-SCBD,2.27,4
RFS-WOLT,DDF-DDF,18.14,18.7
RFS-WOLT,FDMX-VDLM,12,13.4
RFS-WOLT,JIN-RST,21.77,18.4
RFS-WOLT,JIN-CKC,14.56,16
RFS-WOLT,PDLM-PDLM,6.21,7.3
RFS-WOLT,GOF-GD,30.22,26.7
RFS-WOLT,SMI-SMI,5.67,7
RFS-WOLT,CST-RTIW,21.34,20.2
RFS-WOLT,GRMK-PSQ,10.13,10.3
RFS-WOLT,GRMK-CBN,33.52,29.8
RFS-WOLT,GRMK-JUN,25.99,22.9
RFS-WOLT,GRMK-KMY,12.74,14
RFS-WOLT,GRMK-TJD,11.15,11.6
RFS-WOLT,GRMK-VTR,11.12,11.4
RFS-WOLT,GRMK-STBD,8.3,10
RFS-WOLT,GRMK-FTM,7.99,9
RFS-WOLT,GRMK-MRY,12.89,13.9
RFS-WOLT,GRMK-DWS,23.3,22.3
RFS-WOLT,GRMK-CBR,23.7,22.7
RFS-WOLT,GRMK-EMP,15.13,14
RFS-WOLT,GRMK-CMP,17.48,15.9
RFS-WOLT,GRMK-LRT,23.05,20.9
RFS-WOLT,GRMK-BSD,30.76,26.8
RFS-WOLT,GRMK-GRH,19.14,19.5
RFS-WOLT,GRMK-CPNG,12.94,12.5
RFS-WOLT,GRMK-PLM,7.57,8.7
RFS-WOLT,GRMK-DTA,7.1,8.3
RFS-WOLT,GRMK-SOQ,10.23,10.1
RFS-WOLT,GRMK-XML,17.54,16.9
RFS-WOLT,GRMK-DMT,19.03,16.3
RFS-WOLT,BRIK-STR,20.04,16.6
RFS-WOLT,BRIK-ALS,29.73,24.7
RFS-WOLT,BRIK-GDB,173.7,129.4
RFS-WOLT,BRIK-CKR,45.26,40.5
RFS-WOLT,BRIK-NRG,27.27,24.1
RFS-WOLT,BRIK-LGK,36.54,30.1
RFS-WOLT,BRIK-BLR,56.81,42.4
RFS-WOLT,BRIK-STL,44.28,38.3
RFS-WOLT,BRIK-KRW,66.42,53.6
RFS-WOLT,BRIK-MTL,21.24,19.5
RFS-WOLT,YMY-BTB,19.31,17.4
RFS-WOLT,GLLR-GLLR,26.43,29.6
RFS-WOLT,CSRR-CSRR,16.28,15
RFS-WOLT,MTSJ-MTSJ,5.72,7.5
RFS-WOLT,CST-GLN,5.04,7
RFS-WOLT,MBG-MBG,10.44,12.9
RFS-WOLT,CST-MBG,25.23,25.1
RFS-WOLT,GDK-KGD,22.41,19.4
RFS-WOLT,GDK-SCBD,2.76,4.8
RFS-WOLT,CST-AYM,14.45,17.5
RFS-WOLT,WTC-WTC,11.19,12.3
RFS-WOLT,FYN-FYN,3.27,4.4
RFS-WOLT,CST-FDC,5.38,8.8
RFS-WOLT,MDS-MDS,4.3,6.5
RFS-WOLT,MDS-SCBD,1.53,2.7
RFS-WOLT,HKN-HKN,23.45,23.4
MBL-MBL,GDS,35.01,30
MBL-MBL,CRD,9.17,8.9
MBL-MBL,KJT,10.35,11.8
MBL-MBL,BKS,26.09,22.6
MBL-MBL,CBR,23.75,23.5
MBL-MBL,MPG,3.91,5.5
MBL-MBL,RWG,19.37,16.9
MBL-MBL,KBG,15.84,17.5
MBL-MBL,BSD,25.95,24.1
MBL-MBL,STB,9.98,11.3
MBL-MBL,MBS,14.71,14.9
MBL-MBL,DMT,26.41,21.3
MBL-MBL,DMG,26.45,21.1
MBL-MBL,KL_CKG,21.03,17.5
MBL-MBL,KL_KJ,29.25,24.9
MBL-MBL,ASTR-ASTR,38.47,32.3
MBL-MBL,BRW-BRW,4.94,7
MBL-MBL,MGL-MGL,12.86,13.2
MBL-MBL,WSI-ANCB,12.65,13.6
MBL-MBL,WSI-BTS,12.65,13.6
MBL-MBL,WSI-PIK,27.23,25.2
MBL-MBL,WSI-BSD,30.46,25.7
MBL-MBL,WSI-ANC,20.33,19.5
MBL-MBL,BKB-BKB,17.96,18.4
MBL-MBL,RFS-HANG,4.27,4.7
MBL-MBL,RFS-WOLT,3.2,4.9
MBL-MBL,MBL-MBL,0,0
MBL-MBL,ADS-ADS,7.3,7.8
MBL-MBL,LML-LML,17.47,17.7
MBL-MBL,HYP-HYP,7.11,7.5
MBL-MBL,SDJ-CNRE,12.4,14.4
MBL-MBL,SDJ-SDJE,4.18,6.2
MBL-MBL,SDJ-PSBC,13.19,13.3
MBL-MBL,SDJ-SCBD,4.7,5.9
MBL-MBL,SDJ-BNTR,16.14,15.6
MBL-MBL,SDJ-CJTA,13.32,12.8
MBL-MBL,SDJ-PJTN,4.45,6.5
MBL-MBL,SDJ-CBLH,15.92,15.2
MBL-MBL,SDJ-KTBT,21.45,19.6
MBL-MBL,SDJ-ODSS,3.92,4.7
MBL-MBL,SDJ-SOET,15.92,15.2
MBL-MBL,SDJ-SMB,27.34,26
MBL-MBL,SDJ-CBS,5.51,6.5
MBL-MBL,SDJ-PIM,4.53,7.1
MBL-MBL,SDJ-CBN,15.92,15.2
MBL-MBL,SDJ-BLV,10.35,11
MBL-MBL,BFL-BFL,22.75,20.7
MBL-MBL,BFL-KBY,2.29,2.9
MBL-MBL,DCGL-BAR,23.5,20.3
MBL-MBL,DCGS-BAR,36.18,30.7
MBL-MBL,DCGL-KITC,23.5,20.3
MBL-MBL,DCGS-KITC,23.5,20.3
MBL-MBL,DCBM-BAR,1.84,2
MBL-MBL,DCBM-KITC,1.84,2
MBL-MBL,MXW-PGJ,16.11,16.7
MBL-MBL,MXW-KGD,23.04,19.2
MBL-MBL,PPY-MTG,10.19,11.1
MBL-MBL,PPY-CTW,7.35,8.1
MBL-MBL,PPY-PI,5,6.7
MBL-MBL,PPY-GDS,35.24,30
MBL-MBL,TRF-TRF,7.85,7.5
MBL-MBL,TRF-CNRE,13.48,15.4
MBL-MBL,JOEL-JOEL,3.87,5.3
MBL-MBL,HMD-HMD,15.92,15.2
MBL-MBL,GO_PPL,1.87,3.2
MBL-MBL,GO_TBT,9.14,10
MBL-MBL,MDV-KBY,2.15,2.7
MBL-MBL,MDV-KGD,22.71,20.4
MBL-MBL,MDV-PURI,18.49,16.6
MBL-MBL,MDV-PDI,8.61,7.6
MBL-MBL,MDV-BNTR,13.71,13.6
MBL-MBL,MDV-PDHB,20.65,22.6
MBL-MBL,MDV-GRVY,3.39,5
MBL-MBL,SPHS-SPHS,8.29,8.4
MBL-MBL,DRSR-DRSR,10.79,11.3
MBL-MBL,EXP-EXP,6.07,6.8
MBL-MBL,EXP-AEON,30.81,27.9
MBL-MBL,HHP-HHP,4.19,5.4
MBL-MBL,GDL-BSD,31.83,30.8
MBL-MBL,GDL-PIK,26.42,23.6
MBL-MBL,GDL-MOI,22.59,21.6
MBL-MBL,GDL-KHI,28.91,24.6
MBL-MBL,GDL-RDL,3.61,5
MBL-MBL,GDL-PRGN,13.65,14
MBL-MBL,GDL-CNRE,11.57,12.6
MBL-MBL,GDL-PURI,19.04,16.9
MBL-MBL,GDL-ANC,19.21,20.5
MBL-MBL,GDL-GLC,23.05,20.6
MBL-MBL,GDL-SCBD,4.55,5.8
MBL-MBL,DDF-DDF,18.26,18.1
MBL-MBL,FDMX-VDLM,9.36,10
MBL-MBL,JIN-RST,23.03,19
MBL-MBL,JIN-CKC,16.11,16.7
MBL-MBL,PDLM-PDLM,6.44,7.6
MBL-MBL,GOF-GD,31.76,27.4
MBL-MBL,SMI-SMI,7.22,7.7
MBL-MBL,CST-RTIW,18.7,16.9
MBL-MBL,GRMK-PSQ,7.49,6.9
MBL-MBL,GRMK-CBN,31.9,26.5
MBL-MBL,GRMK-JUN,27.26,23.5
MBL-MBL,GRMK-KMY,14.29,14.8
MBL-MBL,GRMK-TJD,12.69,12.3
MBL-MBL,GRMK-VTR,11.23,10.7
MBL-MBL,GRMK-STBD,9.57,10.6
MBL-MBL,GRMK-FTM,5.35,5.6
MBL-MBL,GRMK-MRY,13.96,14.3
MBL-MBL,GRMK-DWS,20.66,19
MBL-MBL,GRMK-CBR,22.49,21.5
MBL-MBL,GRMK-EMP,16.68,14.7
MBL-MBL,GRMK-CMP,18.75,16.5
MBL-MBL,GRMK-LRT,24.31,21.4
MBL-MBL,GRMK-BSD,28.83,26.7
MBL-MBL,GRMK-GRH,20.21,19.9
MBL-MBL,GRMK-CPNG,14.2,13.1
MBL-MBL,GRMK-PLM,9.12,9.4
MBL-MBL,GRMK-DTA,5.99,8
MBL-MBL,GRMK-SOQ,8.43,8
MBL-MBL,GRMK-XML,18.8,17.4
MBL-MBL,GRMK-DMT,20.58,17
MBL-MBL,BRIK-STR,21.3,17.1
MBL-MBL,BRIK-ALS,31.28,25.4
MBL-MBL,BRIK-GDB,174.96,130
MBL-MBL,BRIK-CKR,46.52,41
MBL-MBL,BRIK-NRG,26.96,24.1
MBL-MBL,BRIK-LGK,38.09,30.9
MBL-MBL,BRIK-BLR,58.36,43.1
MBL-MBL,BRIK-STL,43.08,37.1
MBL-MBL,BRIK-KRW,67.68,54.1
MBL-MBL,BRIK-MTL,22.79,20.2
MBL-MBL,YMY-BTB,20.86,18.1
MBL-MBL,GLLR-GLLR,30.39,29
MBL-MBL,CSRR-CSRR,17.83,15.7
MBL-MBL,MTSJ-MTSJ,7.27,8.2
MBL-MBL,CST-GLN,4.77,7
MBL-MBL,MBG-MBG,9.32,10.6
MBL-MBL,CST-MBG,26.49,25.7
MBL-MBL,GDK-KGD,23.67,20
MBL-MBL,GDK-SCBD,5.04,6.6
MBL-MBL,CST-AYM,11.81,14.1
MBL-MBL,WTC-WTC,12.46,12.9
MBL-MBL,FYN-FYN,4.34,4.8
MBL-MBL,CST-FDC,6.24,9.3
MBL-MBL,MDS-MDS,5.84,7.2
MBL-MBL,MDS-SCBD,3.8,4.4
MBL-MBL,HKN-HKN,25.98,23.4
ADS-ADS,GDS,30.97,27
ADS-ADS,CRD,16.27,14.5
ADS-ADS,KJT,16.55,14
ADS-ADS,BKS,28.77,24.3
ADS-ADS,CBR,29.23,27.8
ADS-ADS,MPG,9.56,9.8
ADS-ADS,RWG,11.44,11.9
ADS-ADS,KBG,15.91,16.2
ADS-ADS,BSD,31.95,29
ADS-ADS,STB,4.34,5.5
ADS-ADS,MBS,7.55,7.9
ADS-ADS,DMT,22.37,18.2
ADS-ADS,DMG,22.41,18
ADS-ADS,KL_CKG,16.99,14.4
ADS-ADS,KL_KJ,21.3,20
ADS-ADS,ASTR-ASTR,44.03,37.9
ADS-ADS,BRW-BRW,11.19,11.1
ADS-ADS,MGL-MGL,5.7,6.2
ADS-ADS,WSI-ANCB,5.49,6.6
ADS-ADS,WSI-BTS,5.49,6.6
ADS-ADS,WSI-PIK,23.19,22.3
ADS-ADS,WSI-BSD,30.05,26.3
ADS-ADS,WSI-ANC,11.04,14.1
ADS-ADS,BKB-BKB,22.09,21.9
ADS-ADS,RFS-HANG,6.88,7.2
ADS-ADS,RFS-WOLT,7.26,8.8
ADS-ADS,MBL-MBL,9.71,9.7
ADS-ADS,ADS-ADS,0,0
ADS-ADS,LML-LML,21.61,21.2
ADS-ADS,HYP-HYP,4.6,5
ADS-ADS,SDJ-CNRE,21.61,23.3
ADS-ADS,SDJ-SDJE,11.54,13.8
ADS-ADS,SDJ-PSBC,6.04,6.3
ADS-ADS,SDJ-SCBD,5.65,5.9
ADS-ADS,SDJ-BNTR,22.14,20.5
ADS-ADS,SDJ-CJTA,20.63,19.8
ADS-ADS,SDJ-PJTN,11.36,13.3
ADS-ADS,SDJ-CBLH,21.93,20.1
ADS-ADS,SDJ-KTBT,24.13,21.3
ADS-ADS,SDJ-ODSS,5.9,6.3
ADS-ADS,SDJ-SOET,21.93,20.1
ADS-ADS,SDJ-SMB,26.61,25.9
ADS-ADS,SDJ-CBS,14.72,15.4
ADS-ADS,SDJ-PIM,11.17,10.9
ADS-ADS,SDJ-CBN,21.93,20.1
ADS-ADS,SDJ-BLV,17.48,16.1
ADS-ADS,BFL-BFL,27.86,25.8
ADS-ADS,BFL-KBY,7.78,8.4
ADS-ADS,DCGL-BAR,19.46,17.2
ADS-ADS,DCGS-BAR,32.14,27.6
ADS-ADS,DCGL-KITC,19.46,17.2
ADS-ADS,DCGS-KITC,19.46,17.2
ADS-ADS,DCBM-BAR,8.22,8.2
ADS-ADS,DCBM-KITC,8.22,8.2
ADS-ADS,MXW-PGJ,8.96,9.7
ADS-ADS,MXW-KGD,15.09,14.2
ADS-ADS,PPY-MTG,3.03,4.1
ADS-ADS,PPY-CTW,1.61,3.2
ADS-ADS,PPY-PI,11.64,10.5
ADS-ADS,PPY-GDS,31.21,26.9
ADS-ADS,TRF-TRF,17.73,15.4
ADS-ADS,TRF-CNRE,21.8,21.7
ADS-ADS,JOEL-JOEL,7,8.3
ADS-ADS,HMD-HMD,21.93,20.1
ADS-ADS,GO_PPL,9.06,9
ADS-ADS,GO_TBT,6.69,8.2
ADS-ADS,MDV-KBY,7.93,8.6
ADS-ADS,MDV-KGD,13.98,15.3
ADS-ADS,MDV-PURI,14.45,13.5
ADS-ADS,MDV-PDI,13.09,11.1
ADS-ADS,MDV-BNTR,17.84,17.1
ADS-ADS,MDV-PDHB,13.49,15.6
ADS-ADS,MDV-GRVY,11.25,10.4
ADS-ADS,SPHS-SPHS,4.25,5.4
ADS-ADS,DRSR-DRSR,4.14,5.1
ADS-ADS,EXP-EXP,4.37,6.4
ADS-ADS,EXP-AEON,33.87,31.6
ADS-ADS,HHP-HHP,6.17,7
ADS-ADS,GDL-BSD,34.2,30.7
ADS-ADS,GDL-PIK,22.39,20.7
ADS-ADS,GDL-MOI,14.64,16.6
ADS-ADS,GDL-KHI,20.98,19.6
ADS-ADS,GDL-RDL,9.63,10
ADS-ADS,GDL-PRGN,6.5,7
ADS-ADS,GDL-CNRE,19.88,18.9
ADS-ADS,GDL-PURI,15,13.9
ADS-ADS,GDL-ANC,12.06,13.5
ADS-ADS,GDL-GLC,19.01,17.6
ADS-ADS,GDL-SCBD,5.64,5.9
ADS-ADS,DDF-DDF,22.39,21.5
ADS-ADS,FDMX-VDLM,17.39,15.9
ADS-ADS,JIN-RST,15.08,14
ADS-ADS,JIN-CKC,8.95,9.6
ADS-ADS,PDLM-PDLM,4.36,6
ADS-ADS,GOF-GD,27.73,24.5
ADS-ADS,SMI-SMI,1.84,3.4
ADS-ADS,CST-RTIW,27.91,25.7
ADS-ADS,GRMK-PSQ,17.37,14.8
ADS-ADS,GRMK-CBN,37.46,32.1
ADS-ADS,GRMK-JUN,25.74,24.9
ADS-ADS,GRMK-KMY,7.14,7.7
ADS-ADS,GRMK-TJD,8.65,9.2
ADS-ADS,GRMK-VTR,15.36,14.2
ADS-ADS,GRMK-STBD,4.23,5
ADS-ADS,GRMK-FTM,16.56,14.3
ADS-ADS,GRMK-MRY,12.63,12.1
ADS-ADS,GRMK-DWS,28.93,27.7
ADS-ADS,GRMK-CBR,27.64,25
ADS-ADS,GRMK-EMP,12.64,11.6
ADS-ADS,GRMK-CMP,10.8,11.5
ADS-ADS,GRMK-LRT,15.59,16.4
ADS-ADS,GRMK-BSD,28.26,24.4
ADS-ADS,GRMK-GRH,24.27,22.5
ADS-ADS,GRMK-CPNG,9.33,10
ADS-ADS,GRMK-PLM,5.08,6.3
ADS-ADS,GRMK-DTA,11.04,10.6
ADS-ADS,GRMK-SOQ,14.48,12.9
ADS-ADS,GRMK-XML,18.14,17.8
ADS-ADS,GRMK-DMT,16.54,13.9
ADS-ADS,BRIK-STR,13.36,12.2
ADS-ADS,BRIK-ALS,27.24,22.3
ADS-ADS,BRIK-GDB,177.64,131.7
ADS-ADS,BRIK-CKR,49.2,42.7
ADS-ADS,BRIK-NRG,31.21,26.4
ADS-ADS,BRIK-LGK,34.05,27.8
ADS-ADS,BRIK-BLR,54.32,40.1
ADS-ADS,BRIK-STL,48.23,40.6
ADS-ADS,BRIK-KRW,70.36,55.8
ADS-ADS,BRIK-MTL,18.75,17.1
ADS-ADS,YMY-BTB,16.82,15
ADS-ADS,GLLR-GLLR,31.13,32.4
ADS-ADS,CSRR-CSRR,13.79,12.7
ADS-ADS,MTSJ-MTSJ,1.68,2.9
ADS-ADS,CST-GLN,11.38,10.9
ADS-ADS,MBG-MBG,15.5,15.6
ADS-ADS,CST-MBG,22.77,22
ADS-ADS,GDK-KGD,15.72,15
ADS-ADS,GDK-SCBD,5.3,5.5
ADS-ADS,CST-AYM,23.45,22.4
ADS-ADS,WTC-WTC,5.8,6.5
ADS-ADS,FYN-FYN,9.01,9.2
ADS-ADS,CST-FDC,5.72,8.8
ADS-ADS,MDS-MDS,6.72,8.2
ADS-ADS,MDS-SCBD,6.04,6.5
ADS-ADS,HKN-HKN,27.39,25.7
LML-LML,GDS,18.64,21
LML-LML,CRD,13.48,14.5
LML-LML,KJT,24.33,21.8
LML-LML,BKS,37.04,33.6
LML-LML,CBR,33.41,32.9
LML-LML,MPG,19.87,19.7
LML-LML,RWG,31.04,32.3
LML-LML,KBG,17.88,22.7
LML-LML,BSD,10.89,13.7
LML-LML,STB,23.28,24.7
LML-LML,MBS,26.85,27.5
LML-LML,DMT,26.77,26.8
LML-LML,DMG,26.81,26.6
LML-LML,KL_CKG,19.32,22
LML-LML,KL_KJ,39.84,40.2
LML-LML,ASTR-ASTR,42.55,34.6
LML-LML,BRW-BRW,22.16,22.3
LML-LML,MGL-MGL,25,25.7
LML-LML,WSI-ANCB,24.79,26.2
LML-LML,WSI-BTS,24.79,26.2
LML-LML,WSI-PIK,28.22,31.8
LML-LML,WSI-BSD,10.6,12.8
LML-LML,WSI-ANC,30.85,31.4
LML-LML,BKB-BKB,0.47,1.9
LML-LML,RFS-HANG,14.83,16.8
LML-LML,RFS-WOLT,16.24,21.7
LML-LML,MBL-MBL,19.88,19.8
LML-LML,ADS-ADS,18.87,21.2
LML-LML,LML-LML,0,0
LML-LML,HYP-HYP,22.49,23.8
LML-LML,SDJ-CNRE,18.87,19.7
LML-LML,SDJ-SDJE,17.73,19.2
LML-LML,SDJ-PSBC,25.33,25.9
LML-LML,SDJ-SCBD,18.92,21.1
LML-LML,SDJ-BNTR,3.02,4.8
LML-LML,SDJ-CJTA,22.98,22.2
LML-LML,SDJ-PJTN,18,19.4
LML-LML,SDJ-CBLH,2.8,4.4
LML-LML,SDJ-KTBT,38.23,33.6
LML-LML,SDJ-ODSS,16.46,20.9
LML-LML,SDJ-SOET,2.8,4.4
LML-LML,SDJ-SMB,43.24,41.6
LML-LML,SDJ-CBS,15.17,15.9
LML-LML,SDJ-PIM,14.15,15.3
LML-LML,SDJ-CBN,2.8,4.4
LML-LML,SDJ-BLV,10.21,12.9
LML-LML,BFL-BFL,26.82,23
LML-LML,BFL-KBY,15.34,19.6
LML-LML,DCGL-BAR,15.87,18.7
LML-LML,DCGS-BAR,17.24,18.5
LML-LML,DCGL-KITC,15.87,18.7
LML-LML,DCGS-KITC,15.87,18.7
LML-LML,DCBM-BAR,14.38,18.2
LML-LML,DCBM-KITC,14.38,18.2
LML-LML,MXW-PGJ,28.25,29.2
LML-LML,MXW-KGD,33.63,34.5
LML-LML,PPY-MTG,21.76,24.5
LML-LML,PPY-CTW,18.92,21.6
LML-LML,PPY-PI,13.76,14.3
LML-LML,PPY-GDS,18.5,20.6
LML-LML,TRF-TRF,15.03,15.3
LML-LML,TRF-CNRE,18.32,18.7
LML-LML,JOEL-JOEL,17.22,22.3
LML-LML,HMD-HMD,2.8,4.4
LML-LML,GO_PPL,17.25,17.2
LML-LML,GO_TBT,24.88,26.3
LML-LML,MDV-KBY,15.19,19.4
LML-LML,MDV-KGD,33.32,35.6
LML-LML,MDV-PURI,17.51,20
LML-LML,MDV-PDI,11.7,12.4
LML-LML,MDV-BNTR,5.35,7
LML-LML,MDV-PDHB,32.79,35.1
LML-LML,MDV-GRVY,14.33,14.7
LML-LML,SPHS-SPHS,19.15,20.9
LML-LML,DRSR-DRSR,22.87,25.5
LML-LML,EXP-EXP,17.65,20.2
LML-LML,EXP-AEON,12.9,15.2
LML-LML,HHP-HHP,16.73,21.5
LML-LML,GDL-BSD,16.2,18.2
LML-LML,GDL-PIK,27.41,30.2
LML-LML,GDL-MOI,33.17,36.9
LML-LML,GDL-KHI,40.58,40
LML-LML,GDL-RDL,15.36,15.8
LML-LML,GDL-PRGN,25.79,26.5
LML-LML,GDL-CNRE,19.31,19.1
LML-LML,GDL-PURI,15.86,19.1
LML-LML,GDL-ANC,33.55,32.8
LML-LML,GDL-GLC,15.42,19.1
LML-LML,GDL-SCBD,18.91,21.1
LML-LML,DDF-DDF,3.31,5.2
LML-LML,FDMX-VDLM,14.61,15.9
LML-LML,JIN-RST,33.62,34.3
LML-LML,JIN-CKC,28.25,29.2
LML-LML,PDLM-PDLM,19.33,21.4
LML-LML,GOF-GD,31.26,33.6
LML-LML,SMI-SMI,18.8,21.1
LML-LML,CST-RTIW,22.86,21
LML-LML,GRMK-PSQ,14.66,14.7
LML-LML,GRMK-CBN,35.98,28.8
LML-LML,GRMK-JUN,42.46,38
LML-LML,GRMK-KMY,26.43,27.3
LML-LML,GRMK-TJD,20.31,23.8
LML-LML,GRMK-VTR,6.35,8.6
LML-LML,GRMK-STBD,22.68,24.7
LML-LML,GRMK-FTM,13.86,14.3
LML-LML,GRMK-MRY,16.69,19.5
LML-LML,GRMK-DWS,24.83,23.1
LML-LML,GRMK-CBR,32.65,29.7
LML-LML,GRMK-EMP,27.19,26.6
LML-LML,GRMK-CMP,30.4,31.9
LML-LML,GRMK-LRT,34.92,36.6
LML-LML,GRMK-BSD,14.27,15.4
LML-LML,GRMK-GRH,12.1,14
LML-LML,GRMK-CPNG,32.8,28.7
LML-LML,GRMK-PLM,18.06,20.3
LML-LML,GRMK-DTA,21.58,21.8
LML-LML,GRMK-SOQ,11.77,12.8
LML-LML,GRMK-XML,37.4,33.1
LML-LML,GRMK-DMT,20.93,22.5
LML-LML,BRIK-STR,31.89,32.5
LML-LML,BRIK-ALS,14.85,16.6
LML-LML,BRIK-GDB,181.26,137
LML-LML,BRIK-CKR,63.53,56.7
LML-LML,BRIK-NRG,36.62,33.4
LML-LML,BRIK-LGK,23.32,24
LML-LML,BRIK-BLR,48.1,41.2
LML-LML,BRIK-STL,48.49,39.4
LML-LML,BRIK-KRW,84.69,69.8
LML-LML,BRIK-MTL,15.16,18.6
LML-LML,YMY-BTB,18.42,21.9
LML-LML,GLLR-GLLR,12.48,16.3
LML-LML,CSRR-CSRR,28.34,27.7
LML-LML,MTSJ-MTSJ,18.85,21.6
LML-LML,CST-GLN,14.47,15.2
LML-LML,MBG-MBG,18.98,20
LML-LML,CST-MBG,45.42,41.2
LML-LML,GDK-KGD,34.26,35.3
LML-LML,GDK-SCBD,18.57,20.7
LML-LML,CST-AYM,23.15,23.9
LML-LML,WTC-WTC,25.41,26.9
LML-LML,FYN-FYN,12.6,16
LML-LML,CST-FDC,16.8,21.3
LML-LML,MDS-MDS,16.36,19.4
LML-LML,MDS-SCBD,16.34,20.6
LML-LML,HKN-HKN,35.64,32.7
HYP-HYP,GDS,35.59,30.2
HYP-HYP,CRD,15.85,15.6
HYP-HYP,KJT,12.66,11.2
HYP-HYP,BKS,24.87,21.5
HYP-HYP,CBR,25.33,25
HYP-HYP,MPG,5.2,6
HYP-HYP,RWG,12.75,12.5
HYP-HYP,KBG,20.53,19.5
HYP-HYP,BSD,32.05,30.7
HYP-HYP,STB,3.13,4.9
HYP-HYP,MBS,11.97,12.6
HYP-HYP,DMT,27,21.4
HYP-HYP,DMG,27.04,21.2
HYP-HYP,KL_CKG,21.62,17.7
HYP-HYP,KL_KJ,22.63,20.5
HYP-HYP,ASTR-ASTR,40.14,35.1
HYP-HYP,BRW-BRW,6.23,7.5
HYP-HYP,MGL-MGL,10.12,10.9
HYP-HYP,WSI-ANCB,9.91,11.3
HYP-HYP,WSI-BTS,9.91,11.3
HYP-HYP,WSI-PIK,27.81,25.4
HYP-HYP,WSI-BSD,34.68,29.6
HYP-HYP,WSI-ANC,15.34,17.3
HYP-HYP,BKB-BKB,21.08,23.9
HYP-HYP,RFS-HANG,8.1,8.6
HYP-HYP,RFS-WOLT,5.3,7.2
HYP-HYP,MBL-MBL,6.95,8.3
HYP-HYP,ADS-ADS,8.07,8.5
HYP-HYP,LML-LML,20.6,23.2
HYP-HYP,HYP-HYP,0,0
HYP-HYP,SDJ-CNRE,19.03,21.3
HYP-HYP,SDJ-SDJE,7.19,10
HYP-HYP,SDJ-PSBC,8.55,9
HYP-HYP,SDJ-SCBD,5.85,6
HYP-HYP,SDJ-BNTR,22.24,22.2
HYP-HYP,SDJ-CJTA,16.29,16.1
HYP-HYP,SDJ-PJTN,7.01,9.6
HYP-HYP,SDJ-CBLH,22.03,21.8
HYP-HYP,SDJ-KTBT,17.36,18.2
HYP-HYP,SDJ-ODSS,6.34,6.7
HYP-HYP,SDJ-SOET,22.03,21.8
HYP-HYP,SDJ-SMB,23.39,24.4
HYP-HYP,SDJ-CBS,12.27,13.5
HYP-HYP,SDJ-PIM,11.27,12.6
HYP-HYP,SDJ-CBN,22.03,21.8
HYP-HYP,SDJ-BLV,17.03,17.7
HYP-HYP,BFL-BFL,23.96,23
HYP-HYP,BFL-KBY,4.96,6.2
HYP-HYP,DCGL-BAR,24.08,20.4
HYP-HYP,DCGS-BAR,36.76,30.8
HYP-HYP,DCGL-KITC,24.08,20.4
HYP-HYP,DCGS-KITC,24.08,20.4
HYP-HYP,DCBM-BAR,6.4,7.5
HYP-HYP,DCBM-KITC,6.4,7.5
HYP-HYP,MXW-PGJ,11.47,12.3
HYP-HYP,MXW-KGD,16.42,14.8
HYP-HYP,PPY-MTG,5.62,6.9
HYP-HYP,PPY-CTW,5.52,7.9
HYP-HYP,PPY-PI,11.74,12.2
HYP-HYP,PPY-GDS,35.83,30.1
HYP-HYP,TRF-TRF,14.53,14.2
HYP-HYP,TRF-CNRE,20.15,22.1
HYP-HYP,JOEL-JOEL,5.2,7.3
HYP-HYP,HMD-HMD,22.03,21.8
HYP-HYP,GO_PPL,7.66,8.7
HYP-HYP,GO_TBT,3.32,5.2
HYP-HYP,MDV-KBY,5.11,6.4
HYP-HYP,MDV-KGD,16.08,16
HYP-HYP,MDV-PURI,19.07,16.7
HYP-HYP,MDV-PDI,13.19,12.8
HYP-HYP,MDV-BNTR,17.94,18.8
HYP-HYP,MDV-PDHB,16.01,18.2
HYP-HYP,MDV-GRVY,9.46,11.1
HYP-HYP,SPHS-SPHS,8.87,8.6
HYP-HYP,DRSR-DRSR,5.64,6.7
HYP-HYP,EXP-EXP,6.85,7.6
HYP-HYP,EXP-AEON,31.2,33
HYP-HYP,HHP-HHP,6.61,7.4
HYP-HYP,GDL-BSD,38.83,33.9
HYP-HYP,GDL-PIK,27.01,23.8
HYP-HYP,GDL-MOI,15.96,17.2
HYP-HYP,GDL-KHI,22.29,20.2
HYP-HYP,GDL-RDL,8.23,9.6
HYP-HYP,GDL-PRGN,10.91,11.6
HYP-HYP,GDL-CNRE,18.24,19.3
HYP-HYP,GDL-PURI,19.62,17.1
HYP-HYP,GDL-ANC,14.57,16.1
HYP-HYP,GDL-GLC,23.64,20.8
HYP-HYP,GDL-SCBD,6.86,7.2
HYP-HYP,DDF-DDF,22.49,23.2
HYP-HYP,FDMX-VDLM,16.03,16.7
HYP-HYP,JIN-RST,16.41,14.6
HYP-HYP,JIN-CKC,11.47,12.3
HYP-HYP,PDLM-PDLM,4.43,5.8
HYP-HYP,GOF-GD,32.35,27.5
HYP-HYP,SMI-SMI,8,8.5
HYP-HYP,CST-RTIW,25.33,23.7
HYP-HYP,GRMK-PSQ,14.17,13.6
HYP-HYP,GRMK-CBN,33.56,29.3
HYP-HYP,GRMK-JUN,24.54,21.9
HYP-HYP,GRMK-KMY,9.65,10.4
HYP-HYP,GRMK-TJD,13.28,12.4
HYP-HYP,GRMK-VTR,15.46,15.9
HYP-HYP,GRMK-STBD,2.72,4.2
HYP-HYP,GRMK-FTM,11.8,13
HYP-HYP,GRMK-MRY,17.26,15.3
HYP-HYP,GRMK-DWS,25.03,24.9
HYP-HYP,GRMK-CBR,23.74,22.2
HYP-HYP,GRMK-EMP,17.26,14.8
HYP-HYP,GRMK-CMP,12.12,12.1
HYP-HYP,GRMK-LRT,17.69,17
HYP-HYP,GRMK-BSD,32.89,27.6
HYP-HYP,GRMK-GRH,23.49,24
HYP-HYP,GRMK-CPNG,7.58,8.7
HYP-HYP,GRMK-PLM,9.7,9.5
HYP-HYP,GRMK-DTA,7.15,7.8
HYP-HYP,GRMK-SOQ,14.58,14.6
HYP-HYP,GRMK-XML,14.77,14.8
HYP-HYP,GRMK-DMT,21.16,17.1
HYP-HYP,BRIK-STR,14.68,12.7
HYP-HYP,BRIK-ALS,31.86,25.5
HYP-HYP,BRIK-GDB,173.75,128.9
HYP-HYP,BRIK-CKR,45.31,39.9
HYP-HYP,BRIK-NRG,27.32,23.6
HYP-HYP,BRIK-LGK,38.67,31
HYP-HYP,BRIK-BLR,58.94,43.3
HYP-HYP,BRIK-STL,44.33,37.8
HYP-HYP,BRIK-KRW,66.47,53.1
HYP-HYP,BRIK-MTL,23.37,20.3
HYP-HYP,YMY-BTB,21.45,18.2
HYP-HYP,GLLR-GLLR,30.77,34.1
HYP-HYP,CSRR-CSRR,18.41,15.9
HYP-HYP,MTSJ-MTSJ,5.59,7.6
HYP-HYP,CST-GLN,9.39,11.5
HYP-HYP,MBG-MBG,10.52,12.2
HYP-HYP,CST-MBG,21.41,22.6
HYP-HYP,GDK-KGD,17.05,15.6
HYP-HYP,GDK-SCBD,6.52,6.8
HYP-HYP,CST-AYM,16.15,18.9
HYP-HYP,WTC-WTC,7.05,8.1
HYP-HYP,FYN-FYN,7.61,8.9
HYP-HYP,CST-FDC,8.1,10.5
HYP-HYP,MDS-MDS,9.1,9.9
HYP-HYP,MDS-SCBD,6.49,6.9
HYP-HYP,HKN-HKN,21.99,22.4
SDJ-CNRE,GDS,29.08,29.6
SDJ-CNRE,CRD,7.84,10.1
SDJ-CNRE,KJT,18.53,17.6
SDJ-CNRE,BKS,31.25,29.4
SDJ-CNRE,CBR,26.15,27.8
SDJ-CNRE,MPG,14.08,15.5
SDJ-CNRE,RWG,32.17,28.4
SDJ-CNRE,KBG,26.79,28.5
SDJ-CNRE,BSD,17.02,21.1
SDJ-CNRE,STB,22.12,24.1
SDJ-CNRE,MBS,26.55,27.9
SDJ-CNRE,DMT,34.59,32.5
SDJ-CNRE,DMG,34.63,32.3
SDJ-CNRE,KL_CKG,29.21,28.8
SDJ-CNRE,KL_KJ,42.05,36.4
SDJ-CNRE,ASTR-ASTR,30.37,27.4
SDJ-CNRE,BRW-BRW,16.37,18.2
SDJ-CNRE,MGL-MGL,24.7,26.2
SDJ-CNRE,WSI-ANCB,24.49,26.6
SDJ-CNRE,WSI-BTS,24.49,26.6
SDJ-CNRE,WSI-PIK,36.04,37.5
SDJ-CNRE,WSI-BSD,22.99,21.6
SDJ-CNRE,WSI-ANC,34.81,32.1
SDJ-CNRE,BKB-BKB,15.72,20.2
SDJ-CNRE,RFS-HANG,18.87,17.6
SDJ-CNRE,RFS-WOLT,15.04,17.9
SDJ-CNRE,MBL-MBL,13.99,15.4
SDJ-CNRE,ADS-ADS,19.14,20.7
SDJ-CNRE,LML-LML,15.23,19.5
SDJ-CNRE,HYP-HYP,19.25,20.4
SDJ-CNRE,SDJ-CNRE,0,0
SDJ-CNRE,SDJ-SDJE,11.94,15
SDJ-CNRE,SDJ-PSBC,25.03,26.3
SDJ-CNRE,SDJ-SCBD,16.54,18.8
SDJ-CNRE,SDJ-BNTR,13.38,16.9
SDJ-CNRE,SDJ-CJTA,17.18,18
SDJ-CNRE,SDJ-PJTN,12.21,15.2
SDJ-CNRE,SDJ-CBLH,13.16,16.5
SDJ-CNRE,SDJ-KTBT,32.43,29.5
SDJ-CNRE,SDJ-ODSS,15.76,17.7
SDJ-CNRE,SDJ-SOET,13.16,16.5
SDJ-CNRE,SDJ-SMB,37.45,37.4
SDJ-CNRE,SDJ-CBS,11.26,12.9
SDJ-CNRE,SDJ-PIM,14.37,15.1
SDJ-CNRE,SDJ-CBN,13.16,16.5
SDJ-CNRE,SDJ-BLV,7.78,11.4
SDJ-CNRE,BFL-BFL,14.65,15.7
SDJ-CNRE,BFL-KBY,14.14,15.8
SDJ-CNRE,DCGL-BAR,28.92,29.3
SDJ-CNRE,DCGS-BAR,27.68,27.1
SDJ-CNRE,DCGL-KITC,28.92,29.3
SDJ-CNRE,DCGS-KITC,28.92,29.3
SDJ-CNRE,DCBM-BAR,13.68,15
SDJ-CNRE,DCBM-KITC,13.68,15
SDJ-CNRE,MXW-PGJ,27.95,29.6
SDJ-CNRE,MXW-KGD,35.85,30.7
SDJ-CNRE,PPY-MTG,22.03,24
SDJ-CNRE,PPY-CTW,19.19,21.1
SDJ-CNRE,PPY-PI,13.98,14.1
SDJ-CNRE,PPY-GDS,28.94,29.2
SDJ-CNRE,TRF-TRF,7.33,10.1
SDJ-CNRE,TRF-CNRE,1.47,3.5
SDJ-CNRE,JOEL-JOEL,15.71,18.2
SDJ-CNRE,HMD-HMD,13.16,16.5
SDJ-CNRE,GO_PPL,13.45,14.2
SDJ-CNRE,GO_TBT,20.62,22.6
SDJ-CNRE,MDV-KBY,13.99,15.6
SDJ-CNRE,MDV-KGD,35.51,31.9
SDJ-CNRE,MDV-PURI,25.34,25.8
SDJ-CNRE,MDV-PDI,11.92,12.3
SDJ-CNRE,MDV-BNTR,17.02,18.3
SDJ-CNRE,MDV-PDHB,32.49,35.5
SDJ-CNRE,MDV-GRVY,14.55,14.5
SDJ-CNRE,SPHS-SPHS,20.13,21.4
SDJ-CNRE,DRSR-DRSR,22.93,24.2
SDJ-CNRE,EXP-EXP,17.91,19.8
SDJ-CNRE,EXP-AEON,23.34,23.8
SDJ-CNRE,HHP-HHP,16.03,18.4
SDJ-CNRE,GDL-BSD,26.64,26.8
SDJ-CNRE,GDL-PIK,35.24,35.9
SDJ-CNRE,GDL-MOI,35.39,33.1
SDJ-CNRE,GDL-KHI,41.71,36.1
SDJ-CNRE,GDL-RDL,15.58,15.6
SDJ-CNRE,GDL-PRGN,25.49,26.9
SDJ-CNRE,GDL-CNRE,3.37,5.4
SDJ-CNRE,GDL-PURI,25.88,26.1
SDJ-CNRE,GDL-ANC,37.52,33.4
SDJ-CNRE,GDL-GLC,28.47,29.7
SDJ-CNRE,GDL-SCBD,16.39,18.7
SDJ-CNRE,DDF-DDF,16.57,20.6
SDJ-CNRE,FDMX-VDLM,5.57,7.5
SDJ-CNRE,JIN-RST,35.83,30.5
SDJ-CNRE,JIN-CKC,27.95,29.6
SDJ-CNRE,PDLM-PDLM,18.57,20.5
SDJ-CNRE,GOF-GD,46.25,40.1
SDJ-CNRE,SMI-SMI,19.06,20.7
SDJ-CNRE,CST-RTIW,10.6,12
SDJ-CNRE,GRMK-PSQ,10.8,11.6
SDJ-CNRE,GRMK-CBN,23.8,21.6
SDJ-CNRE,GRMK-JUN,36.66,33.8
SDJ-CNRE,GRMK-KMY,26.13,27.7
SDJ-CNRE,GRMK-TJD,27.17,24.9
SDJ-CNRE,GRMK-VTR,14.54,15.4
SDJ-CNRE,GRMK-STBD,21.71,23.4
SDJ-CNRE,GRMK-FTM,10.05,11.3
SDJ-CNRE,GRMK-MRY,26.09,24.5
SDJ-CNRE,GRMK-DWS,12.56,14
SDJ-CNRE,GRMK-CBR,20.47,22.4
SDJ-CNRE,GRMK-EMP,31.16,27.2
SDJ-CNRE,GRMK-CMP,31.55,28
SDJ-CNRE,GRMK-LRT,37.11,32.9
SDJ-CNRE,GRMK-BSD,24.22,23.8
SDJ-CNRE,GRMK-GRH,26.79,25.2
SDJ-CNRE,GRMK-CPNG,27.01,24.6
SDJ-CNRE,GRMK-PLM,22.02,20.9
SDJ-CNRE,GRMK-DTA,15.79,17.6
SDJ-CNRE,GRMK-SOQ,11.74,12.7
SDJ-CNRE,GRMK-XML,31.61,28.9
SDJ-CNRE,GRMK-DMT,28.75,28.2
SDJ-CNRE,BRIK-STR,34.11,28.6
SDJ-CNRE,BRIK-ALS,28.1,27.6
SDJ-CNRE,BRIK-GDB,169.08,129.8
SDJ-CNRE,BRIK-CKR,57.12,49.8
SDJ-CNRE,BRIK-NRG,30.83,29.3
SDJ-CNRE,BRIK-LGK,33.76,32.6
SDJ-CNRE,BRIK-BLR,60.72,51.8
SDJ-CNRE,BRIK-STL,36.31,32.2
SDJ-CNRE,BRIK-KRW,77.09,62.6
SDJ-CNRE,BRIK-MTL,28.21,29.2
SDJ-CNRE,YMY-BTB,29.04,29.2
SDJ-CNRE,GLLR-GLLR,22.91,24.9
SDJ-CNRE,CSRR-CSRR,32.31,28.3
SDJ-CNRE,MTSJ-MTSJ,19.11,21.2
SDJ-CNRE,CST-GLN,14.68,15.1
SDJ-CNRE,MBG-MBG,13.18,15.8
SDJ-CNRE,CST-MBG,39.63,37
SDJ-CNRE,GDK-KGD,36.48,31.5
SDJ-CNRE,GDK-SCBD,16.88,19.6
SDJ-CNRE,CST-AYM,6.02,9.6
SDJ-CNRE,WTC-WTC,24.59,25.7
SDJ-CNRE,FYN-FYN,16.9,16.2
SDJ-CNRE,CST-FDC,20.83,22.2
SDJ-CNRE,MDS-MDS,17.69,20.2
SDJ-CNRE,MDS-SCBD,15.65,17.4
SDJ-CNRE,HKN-HKN,29.84,28.6
SDJ-SDJE,GDS,36.95,33.4
SDJ-SDJE,CRD,8.93,10.4
SDJ-SDJE,KJT,11.47,10.5
SDJ-SDJE,BKS,24.18,22.3
SDJ-SDJE,CBR,20.55,21.6
SDJ-SDJE,MPG,3.6,5.1
SDJ-SDJE,RWG,19.48,19.5
SDJ-SDJE,KBG,21.89,22.6
SDJ-SDJE,BSD,25.7,25.6
SDJ-SDJE,STB,10.16,13.3
SDJ-SDJE,MBS,18.28,18.8
SDJ-SDJE,DMT,28.36,24.6
SDJ-SDJE,DMG,28.4,24.4
SDJ-SDJE,KL_CKG,22.98,20.8
SDJ-SDJE,KL_KJ,29.36,27.5
SDJ-SDJE,ASTR-ASTR,33.43,30.7
SDJ-SDJE,BRW-BRW,4.42,7.1
SDJ-SDJE,MGL-MGL,16.42,17.1
SDJ-SDJE,WSI-ANCB,16.22,17.5
SDJ-SDJE,WSI-BTS,16.22,17.5
SDJ-SDJE,WSI-PIK,29.17,28.6
SDJ-SDJE,WSI-BSD,30.22,27.2
SDJ-SDJE,WSI-ANC,22.27,22.8
SDJ-SDJE,BKB-BKB,17.72,19.9
SDJ-SDJE,RFS-HANG,7.95,10
SDJ-SDJE,RFS-WOLT,6.88,10.2
SDJ-SDJE,MBL-MBL,3.74,6.5
SDJ-SDJE,ADS-ADS,9.43,11.7
SDJ-SDJE,LML-LML,17.23,19.2
SDJ-SDJE,HYP-HYP,7.3,9.5
SDJ-SDJE,SDJ-CNRE,12.15,15.9
SDJ-SDJE,SDJ-SDJE,0,0
SDJ-SDJE,SDJ-PSBC,13.88,15.6
SDJ-SDJE,SDJ-SCBD,7.21,9.2
SDJ-SDJE,SDJ-BNTR,15.9,17.1
SDJ-SDJE,SDJ-CJTA,10.12,10.9
SDJ-SDJE,SDJ-PJTN,0.31,0.8
SDJ-SDJE,SDJ-CBLH,15.68,16.7
SDJ-SDJE,SDJ-KTBT,20.19,22.4
SDJ-SDJE,SDJ-ODSS,7.7,9.9
SDJ-SDJE,SDJ-SOET,15.68,16.7
SDJ-SDJE,SDJ-SMB,26.86,28.9
SDJ-SDJE,SDJ-CBS,5.26,8
SDJ-SDJE,SDJ-PIM,6.42,11
SDJ-SDJE,SDJ-CBN,15.68,16.7
SDJ-SDJE,SDJ-BLV,10.11,12.5
SDJ-SDJE,BFL-BFL,18.27,18.8
SDJ-SDJE,BFL-KBY,5.98,8.1
SDJ-SDJE,DCGL-BAR,25.44,23.6
SDJ-SDJE,DCGS-BAR,32.61,32.6
SDJ-SDJE,DCGL-KITC,25.44,23.6
SDJ-SDJE,DCGS-KITC,25.44,23.6
SDJ-SDJE,DCBM-BAR,5.52,7.2
SDJ-SDJE,DCBM-KITC,5.52,7.2
SDJ-SDJE,MXW-PGJ,16.8,18.9
SDJ-SDJE,MXW-KGD,23.15,21.8
SDJ-SDJE,PPY-MTG,10.95,13.6
SDJ-SDJE,PPY-CTW,9.48,12.1
SDJ-SDJE,PPY-PI,10.42,10.9
SDJ-SDJE,PPY-GDS,37.19,33.3
SDJ-SDJE,TRF-TRF,7.61,9
SDJ-SDJE,TRF-CNRE,13.23,16.8
SDJ-SDJE,JOEL-JOEL,6.48,10.2
SDJ-SDJE,HMD-HMD,15.68,16.7
SDJ-SDJE,GO_PPL,5.61,8.2
SDJ-SDJE,GO_TBT,8.66,11.6
SDJ-SDJE,MDV-KBY,5.83,7.9
SDJ-SDJE,MDV-KGD,22.82,23
SDJ-SDJE,MDV-PURI,20.43,19.9
SDJ-SDJE,MDV-PDI,8.36,9
SDJ-SDJE,MDV-BNTR,13.47,15.1
SDJ-SDJE,MDV-PDHB,21.34,24.8
SDJ-SDJE,MDV-GRVY,5.27,8.9
SDJ-SDJE,SPHS-SPHS,10.23,11.8
SDJ-SDJE,DRSR-DRSR,10.97,13.3
SDJ-SDJE,EXP-EXP,8.21,10.7
SDJ-SDJE,EXP-AEON,30.57,29.4
SDJ-SDJE,HHP-HHP,7.97,10.5
SDJ-SDJE,GDL-BSD,31.58,32.3
SDJ-SDJE,GDL-PIK,28.37,27
SDJ-SDJE,GDL-MOI,22.7,24.2
SDJ-SDJE,GDL-KHI,29.02,27.2
SDJ-SDJE,GDL-RDL,6.82,10.3
SDJ-SDJE,GDL-PRGN,17.22,17.9
SDJ-SDJE,GDL-CNRE,11.32,14
SDJ-SDJE,GDL-PURI,20.98,20.3
SDJ-SDJE,GDL-ANC,19.9,22.8
SDJ-SDJE,GDL-GLC,24.99,24
SDJ-SDJE,GDL-SCBD,8.22,10.4
SDJ-SDJE,DDF-DDF,18.01,19.6
SDJ-SDJE,FDMX-VDLM,9.11,11.5
SDJ-SDJE,JIN-RST,23.14,21.6
SDJ-SDJE,JIN-CKC,16.8,18.9
SDJ-SDJE,PDLM-PDLM,6.62,9.6
SDJ-SDJE,GOF-GD,33.71,30.7
SDJ-SDJE,SMI-SMI,9.35,11.7
SDJ-SDJE,CST-RTIW,18.46,18.4
SDJ-SDJE,GRMK-PSQ,7.25,8.4
SDJ-SDJE,GRMK-CBN,26.86,24.9
SDJ-SDJE,GRMK-JUN,27.37,26.1
SDJ-SDJE,GRMK-KMY,14.98,17
SDJ-SDJE,GRMK-TJD,14.64,15.6
SDJ-SDJE,GRMK-VTR,10.99,12.2
SDJ-SDJE,GRMK-STBD,9.75,12.6
SDJ-SDJE,GRMK-FTM,5.11,7.1
SDJ-SDJE,GRMK-MRY,18.61,18.5
SDJ-SDJE,GRMK-DWS,20.42,20.4
SDJ-SDJE,GRMK-CBR,19.3,19.6
SDJ-SDJE,GRMK-EMP,18.62,18
SDJ-SDJE,GRMK-CMP,18.86,19.1
SDJ-SDJE,GRMK-LRT,24.42,24
SDJ-SDJE,GRMK-BSD,28.58,28.2
SDJ-SDJE,GRMK-GRH,24.27,24.6
SDJ-SDJE,GRMK-CPNG,14.31,15.7
SDJ-SDJE,GRMK-PLM,11.06,12.7
SDJ-SDJE,GRMK-DTA,5.46,8.1
SDJ-SDJE,GRMK-SOQ,8.19,9.4
SDJ-SDJE,GRMK-XML,18.91,20
SDJ-SDJE,GRMK-DMT,22.52,20.3
SDJ-SDJE,BRIK-STR,21.41,19.7
SDJ-SDJE,BRIK-ALS,33.22,28.7
SDJ-SDJE,BRIK-GDB,172.81,131
SDJ-SDJE,BRIK-CKR,46.05,43.9
SDJ-SDJE,BRIK-NRG,23.77,22.2
SDJ-SDJE,BRIK-LGK,40.03,34.2
SDJ-SDJE,BRIK-BLR,60.3,46.5
SDJ-SDJE,BRIK-STL,39.88,35.2
SDJ-SDJE,BRIK-KRW,67.21,57
SDJ-SDJE,BRIK-MTL,24.73,23.5
SDJ-SDJE,YMY-BTB,22.81,21.4
SDJ-SDJE,GLLR-GLLR,30.14,30.5
SDJ-SDJE,CSRR-CSRR,19.77,19.1
SDJ-SDJE,MTSJ-MTSJ,9.41,12.1
SDJ-SDJE,CST-GLN,6.55,10.9
SDJ-SDJE,MBG-MBG,4.35,7
SDJ-SDJE,CST-MBG,26.6,28.3
SDJ-SDJE,GDK-KGD,23.78,22.6
SDJ-SDJE,GDK-SCBD,7.88,10
SDJ-SDJE,CST-AYM,9.98,13.7
SDJ-SDJE,WTC-WTC,12.64,14.8
SDJ-SDJE,FYN-FYN,8.02,10
SDJ-SDJE,CST-FDC,9.46,13.6
SDJ-SDJE,MDS-MDS,9.52,12.5
SDJ-SDJE,MDS-SCBD,7.48,9.7
SDJ-SDJE,HKN-HKN,22.78,21.5
SDJ-PSBC,GDS,30.3,26.6
SDJ-PSBC,CRD,21.57,18.8
SDJ-PSBC,KJT,16.29,15
SDJ-PSBC,BKS,28.39,24.7
SDJ-PSBC,CBR,28.97,28.9
SDJ-PSBC,MPG,12.3,12.6
SDJ-PSBC,RWG,11.07,11.5
SDJ-PSBC,KBG,15.24,15.9
SDJ-PSBC,BSD,37.25,33.3
SDJ-PSBC,STB,7.4,8.3
SDJ-PSBC,MBS,4.36,4.9
SDJ-PSBC,DMT,20.65,17.3
SDJ-PSBC,DMG,20.69,17.1
SDJ-PSBC,KL_CKG,15.27,13.6
SDJ-PSBC,KL_KJ,15.9,15
SDJ-PSBC,ASTR-ASTR,44.69,41.2
SDJ-PSBC,BRW-BRW,13.33,14.1
SDJ-PSBC,MGL-MGL,2.54,3.1
SDJ-PSBC,WSI-ANCB,2.69,3.4
SDJ-PSBC,WSI-BTS,2.69,3.4
SDJ-PSBC,WSI-PIK,21.7,21.6
SDJ-PSBC,WSI-BSD,29.39,26
SDJ-PSBC,WSI-ANC,6.79,8.4
SDJ-PSBC,BKB-BKB,27.4,26.2
SDJ-PSBC,RFS-HANG,10.64,11.2
SDJ-PSBC,RFS-WOLT,11.01,12.8
SDJ-PSBC,MBL-MBL,13.46,13.7
SDJ-PSBC,ADS-ADS,7.77,8.9
SDJ-PSBC,LML-LML,26.91,25.5
SDJ-PSBC,HYP-HYP,7.36,7.7
SDJ-PSBC,SDJ-CNRE,25.36,27.2
SDJ-PSBC,SDJ-SDJE,14.29,16.6
SDJ-PSBC,SDJ-PSBC,0,0
SDJ-PSBC,SDJ-SCBD,9.4,9.9
SDJ-PSBC,SDJ-BNTR,27.44,24.8
SDJ-PSBC,SDJ-CJTA,21.38,21.4
SDJ-PSBC,SDJ-PJTN,14.1,16.1
SDJ-PSBC,SDJ-CBLH,27.23,24.4
SDJ-PSBC,SDJ-KTBT,20.77,21.4
SDJ-PSBC,SDJ-ODSS,9.65,10.3
SDJ-PSBC,SDJ-SOET,27.23,24.4
SDJ-PSBC,SDJ-SMB,25.1,23.9
SDJ-PSBC,SDJ-CBS,18.47,19.3
SDJ-PSBC,SDJ-PIM,16.48,15.2
SDJ-PSBC,SDJ-CBN,27.23,24.4
SDJ-PSBC,SDJ-BLV,22.79,20.3
SDJ-PSBC,BFL-BFL,29.63,29.4
SDJ-PSBC,BFL-KBY,11.54,12.4
SDJ-PSBC,DCGL-BAR,18.79,16.9
SDJ-PSBC,DCGS-BAR,31.47,27.3
SDJ-PSBC,DCGL-KITC,18.79,16.9
SDJ-PSBC,DCGS-KITC,18.79,16.9
SDJ-PSBC,DCBM-BAR,11.97,12.2
SDJ-PSBC,DCBM-KITC,11.97,12.2
SDJ-PSBC,MXW-PGJ,2.92,3.3
SDJ-PSBC,MXW-KGD,10.52,10.9
SDJ-PSBC,PPY-MTG,4.5,5.3
SDJ-PSBC,PPY-CTW,7.21,8.6
SDJ-PSBC,PPY-PI,16.95,14.8
SDJ-PSBC,PPY-GDS,30.54,26.6
SDJ-PSBC,TRF-TRF,23.04,19.7
SDJ-PSBC,TRF-CNRE,27.1,25.9
SDJ-PSBC,JOEL-JOEL,10.75,12.3
SDJ-PSBC,HMD-HMD,27.23,24.4
SDJ-PSBC,GO_PPL,12.81,13
SDJ-PSBC,GO_TBT,10.42,11.7
SDJ-PSBC,MDV-KBY,11.68,12.6
SDJ-PSBC,MDV-KGD,11.5,12.5
SDJ-PSBC,MDV-PURI,13.78,13.2
SDJ-PSBC,MDV-PDI,18.39,15.4
SDJ-PSBC,MDV-BNTR,23.15,21.4
SDJ-PSBC,MDV-PDHB,7.46,9.3
SDJ-PSBC,MDV-GRVY,16.55,14.6
SDJ-PSBC,SPHS-SPHS,8.22,8.3
SDJ-PSBC,DRSR-DRSR,4.49,5.3
SDJ-PSBC,EXP-EXP,10.72,10.7
SDJ-PSBC,EXP-AEON,33.2,31.2
SDJ-PSBC,HHP-HHP,9.92,10.9
SDJ-PSBC,GDL-BSD,33.54,30.3
SDJ-PSBC,GDL-PIK,20.9,20
SDJ-PSBC,GDL-MOI,10.06,13.3
SDJ-PSBC,GDL-KHI,19.47,17.6
SDJ-PSBC,GDL-RDL,13.38,14
SDJ-PSBC,GDL-PRGN,4.18,4.9
SDJ-PSBC,GDL-CNRE,25.19,23.1
SDJ-PSBC,GDL-PURI,14.33,13.5
SDJ-PSBC,GDL-ANC,6.02,7.2
SDJ-PSBC,GDL-GLC,18.35,17.2
SDJ-PSBC,GDL-SCBD,9.4,9.8
SDJ-PSBC,DDF-DDF,27.69,25.8
SDJ-PSBC,FDMX-VDLM,22.7,20.2
SDJ-PSBC,JIN-RST,10.5,10.7
SDJ-PSBC,JIN-CKC,2.92,3.3
SDJ-PSBC,PDLM-PDLM,10.02,10.8
SDJ-PSBC,GOF-GD,26.24,23.8
SDJ-PSBC,SMI-SMI,7.44,8.8
SDJ-PSBC,CST-RTIW,31.66,29.7
SDJ-PSBC,GRMK-PSQ,22.67,19.1
SDJ-PSBC,GRMK-CBN,38.12,35.4
SDJ-PSBC,GRMK-JUN,27.6,23.6
SDJ-PSBC,GRMK-KMY,1.1,1.4
SDJ-PSBC,GRMK-TJD,7.9,8.9
SDJ-PSBC,GRMK-VTR,20.67,18.4
SDJ-PSBC,GRMK-STBD,6.99,7.7
SDJ-PSBC,GRMK-FTM,17.55,18.4
SDJ-PSBC,GRMK-MRY,11.97,11.8
SDJ-PSBC,GRMK-DWS,30.7,31.4
SDJ-PSBC,GRMK-CBR,27.38,26
SDJ-PSBC,GRMK-EMP,9.55,10.5
SDJ-PSBC,GRMK-CMP,10.43,11.2
SDJ-PSBC,GRMK-LRT,12.73,14
SDJ-PSBC,GRMK-BSD,27.6,24.1
SDJ-PSBC,GRMK-GRH,23.6,22.2
SDJ-PSBC,GRMK-CPNG,9,9.6
SDJ-PSBC,GRMK-PLM,9.84,10.2
SDJ-PSBC,GRMK-DTA,12.82,14.3
SDJ-PSBC,GRMK-SOQ,19.78,17.2
SDJ-PSBC,GRMK-XML,18.34,18.2
SDJ-PSBC,GRMK-DMT,14.81,13
SDJ-PSBC,BRIK-STR,8.78,8.9
SDJ-PSBC,BRIK-ALS,26.57,22
SDJ-PSBC,BRIK-GDB,177.5,133.5
SDJ-PSBC,BRIK-CKR,49.23,42.5
SDJ-PSBC,BRIK-NRG,30.84,26.8
SDJ-PSBC,BRIK-LGK,33.38,27.4
SDJ-PSBC,BRIK-BLR,53.65,39.7
SDJ-PSBC,BRIK-STL,47.97,41.6
SDJ-PSBC,BRIK-KRW,70.22,57.6
SDJ-PSBC,BRIK-MTL,18.08,16.8
SDJ-PSBC,YMY-BTB,15.1,14.1
SDJ-PSBC,GLLR-GLLR,34.37,33.2
SDJ-PSBC,CSRR-CSRR,9.49,9.6
SDJ-PSBC,MTSJ-MTSJ,7.29,8.3
SDJ-PSBC,CST-GLN,16.69,15.1
SDJ-PSBC,MBG-MBG,17.62,18.8
SDJ-PSBC,CST-MBG,21.27,20
SDJ-PSBC,GDK-KGD,11.15,11.7
SDJ-PSBC,GDK-SCBD,9.06,9.4
SDJ-PSBC,CST-AYM,23.25,25.5
SDJ-PSBC,WTC-WTC,5.5,6.2
SDJ-PSBC,FYN-FYN,12.76,13.2
SDJ-PSBC,CST-FDC,10.82,12.6
SDJ-PSBC,MDS-MDS,11.81,12
SDJ-PSBC,MDS-SCBD,9.79,10.5
SDJ-PSBC,HKN-HKN,25.4,25.6
SDJ-SCBD,GDS,32.46,28.2
SDJ-SCBD,CRD,13.58,13.4
SDJ-SCBD,KJT,12.66,10.9
SDJ-SCBD,BKS,24.87,21.3
SDJ-SCBD,CBR,25.34,24.8
SDJ-SCBD,MPG,5.18,5.9
SDJ-SCBD,RWG,18.16,15.6
SDJ-SCBD,KBG,17.4,17.4
SDJ-SCBD,BSD,29.19,27.2
SDJ-SCBD,STB,8.76,9.9
SDJ-SCBD,MBS,13.79,13.6
SDJ-SCBD,DMT,23.87,19.4
SDJ-SCBD,DMG,23.91,19.2
SDJ-SCBD,KL_CKG,18.49,15.6
SDJ-SCBD,KL_KJ,28.04,23.6
SDJ-SCBD,ASTR-ASTR,40.14,34.9
SDJ-SCBD,BRW-BRW,6.2,7.4
SDJ-SCBD,MGL-MGL,11.94,11.9
SDJ-SCBD,WSI-ANCB,11.73,12.3
SDJ-SCBD,WSI-BTS,11.73,12.3
SDJ-SCBD,WSI-PIK,24.68,23.4
SDJ-SCBD,WSI-BSD,31.55,27.5
SDJ-SCBD,WSI-ANC,17.79,17.6
SDJ-SCBD,BKB-BKB,18.23,20.4
SDJ-SCBD,RFS-HANG,2.69,3.4
SDJ-SCBD,RFS-WOLT,1.86,3.3
SDJ-SCBD,MBL-MBL,4.9,5.5
SDJ-SCBD,ADS-ADS,4.95,6.5
SDJ-SCBD,LML-LML,17.74,19.7
SDJ-SCBD,HYP-HYP,5.9,6.2
SDJ-SCBD,SDJ-CNRE,16.8,19
SDJ-SCBD,SDJ-SDJE,7.16,9.9
SDJ-SCBD,SDJ-PSBC,12.27,12
SDJ-SCBD,SDJ-SCBD,0,0
SDJ-SCBD,SDJ-BNTR,19.38,18.7
SDJ-SCBD,SDJ-CJTA,16.27,16
SDJ-SCBD,SDJ-PJTN,6.98,9.5
SDJ-SCBD,SDJ-CBLH,19.17,18.3
SDJ-SCBD,SDJ-KTBT,20.24,18.3
SDJ-SCBD,SDJ-ODSS,0.5,0.7
SDJ-SCBD,SDJ-SOET,19.17,18.3
SDJ-SCBD,SDJ-SMB,26.13,24.7
SDJ-SCBD,SDJ-CBS,9.91,11.1
SDJ-SCBD,SDJ-PIM,8.42,9.1
SDJ-SCBD,SDJ-CBN,19.17,18.3
SDJ-SCBD,SDJ-BLV,14.76,15.6
SDJ-SCBD,BFL-BFL,23.97,22.7
SDJ-SCBD,BFL-KBY,2.38,2.8
SDJ-SCBD,DCGL-BAR,20.95,18.4
SDJ-SCBD,DCGS-BAR,33.63,28.8
SDJ-SCBD,DCGL-KITC,20.95,18.4
SDJ-SCBD,DCGS-KITC,20.95,18.4
SDJ-SCBD,DCBM-BAR,3.82,4.1
SDJ-SCBD,DCBM-KITC,3.82,4.1
SDJ-SCBD,MXW-PGJ,15.19,15.4
SDJ-SCBD,MXW-KGD,21.83,17.8
SDJ-SCBD,PPY-MTG,7.84,9.8
SDJ-SCBD,PPY-CTW,4.99,6.9
SDJ-SCBD,PPY-PI,8.89,8.7
SDJ-SCBD,PPY-GDS,32.7,28.1
SDJ-SCBD,TRF-TRF,12.26,12.1
SDJ-SCBD,TRF-CNRE,17.88,19.9
SDJ-SCBD,JOEL-JOEL,1.59,2.8
SDJ-SCBD,HMD-HMD,19.17,18.3
SDJ-SCBD,GO_PPL,4.86,5.2
SDJ-SCBD,GO_TBT,7.92,8.7
SDJ-SCBD,MDV-KBY,2.53,3
SDJ-SCBD,MDV-KGD,21.49,19
SDJ-SCBD,MDV-PURI,15.95,14.7
SDJ-SCBD,MDV-PDI,10.33,9.4
SDJ-SCBD,MDV-BNTR,15.09,15.3
SDJ-SCBD,MDV-PDHB,19.73,21.3
SDJ-SCBD,MDV-GRVY,6.88,7.7
SDJ-SCBD,SPHS-SPHS,5.74,6.6
SDJ-SCBD,DRSR-DRSR,9.58,10
SDJ-SCBD,EXP-EXP,3.72,5.6
SDJ-SCBD,EXP-AEON,28.34,29.5
SDJ-SCBD,HHP-HHP,0.76,1.4
SDJ-SCBD,GDL-BSD,35.7,31.9
SDJ-SCBD,GDL-PIK,23.88,21.8
SDJ-SCBD,GDL-MOI,21.37,20.3
SDJ-SCBD,GDL-KHI,27.7,23.3
SDJ-SCBD,GDL-RDL,5.65,6.2
SDJ-SCBD,GDL-PRGN,12.73,12.7
SDJ-SCBD,GDL-CNRE,15.97,17.1
SDJ-SCBD,GDL-PURI,16.49,15.1
SDJ-SCBD,GDL-ANC,20.49,18.8
SDJ-SCBD,GDL-GLC,20.51,18.8
SDJ-SCBD,GDL-SCBD,1.12,1.8
SDJ-SCBD,DDF-DDF,19.63,19.8
SDJ-SCBD,FDMX-VDLM,13.76,14.6
SDJ-SCBD,JIN-RST,21.82,17.6
SDJ-SCBD,JIN-CKC,15.19,15.3
SDJ-SCBD,PDLM-PDLM,5.22,6.3
SDJ-SCBD,GOF-GD,29.22,25.5
SDJ-SCBD,SMI-SMI,4.87,6.5
SDJ-SCBD,CST-RTIW,23.1,21.5
SDJ-SCBD,GRMK-PSQ,11.9,11.5
SDJ-SCBD,GRMK-CBN,33.57,29.1
SDJ-SCBD,GRMK-JUN,26.04,22.2
SDJ-SCBD,GRMK-KMY,13.37,13.4
SDJ-SCBD,GRMK-TJD,10.15,10.4
SDJ-SCBD,GRMK-VTR,12.61,12.4
SDJ-SCBD,GRMK-STBD,8.36,9.2
SDJ-SCBD,GRMK-FTM,9.75,10.2
SDJ-SCBD,GRMK-MRY,14.13,13.3
SDJ-SCBD,GRMK-DWS,25.07,23.5
SDJ-SCBD,GRMK-CBR,23.75,22
SDJ-SCBD,GRMK-EMP,14.13,12.8
SDJ-SCBD,GRMK-CMP,17.53,15.1
SDJ-SCBD,GRMK-LRT,23.1,20.1
SDJ-SCBD,GRMK-BSD,29.76,25.6
SDJ-SCBD,GRMK-GRH,20.63,20.5
SDJ-SCBD,GRMK-CPNG,12.99,11.7
SDJ-SCBD,GRMK-PLM,6.57,7.5
SDJ-SCBD,GRMK-DTA,7.15,7.6
SDJ-SCBD,GRMK-SOQ,11.72,11.1
SDJ-SCBD,GRMK-XML,17.59,16.1
SDJ-SCBD,GRMK-DMT,18.03,15.1
SDJ-SCBD,BRIK-STR,20.09,15.8
SDJ-SCBD,BRIK-ALS,28.73,23.5
SDJ-SCBD,BRIK-GDB,173.75,128.6
SDJ-SCBD,BRIK-CKR,45.31,39.7
SDJ-SCBD,BRIK-NRG,27.32,23.4
SDJ-SCBD,BRIK-LGK,35.54,29
SDJ-SCBD,BRIK-BLR,55.81,41.3
SDJ-SCBD,BRIK-STL,44.33,37.6
SDJ-SCBD,BRIK-KRW,66.47,52.8
SDJ-SCBD,BRIK-MTL,20.24,18.3
SDJ-SCBD,YMY-BTB,18.32,16.2
SDJ-SCBD,GLLR-GLLR,27.92,30.6
SDJ-SCBD,CSRR-CSRR,15.28,13.9
SDJ-SCBD,MTSJ-MTSJ,4.92,6.9
SDJ-SCBD,CST-GLN,6.81,8.1
SDJ-SCBD,MBG-MBG,10.49,12.1
SDJ-SCBD,CST-MBG,25.28,24.3
SDJ-SCBD,GDK-KGD,22.46,18.7
SDJ-SCBD,GDK-SCBD,1.61,2.6
SDJ-SCBD,CST-AYM,16.12,18.8
SDJ-SCBD,WTC-WTC,11.24,11.5
SDJ-SCBD,FYN-FYN,5.03,5.5
SDJ-SCBD,CST-FDC,4.66,8
SDJ-SCBD,MDS-MDS,4.23,6
SDJ-SCBD,MDS-SCBD,0.64,0.9
SDJ-SCBD,HKN-HKN,23.5,22.6
SDJ-BNTR,GDS,19.35,20.7
SDJ-BNTR,CRD,12.03,11.7
SDJ-BNTR,KJT,22.88,19
SDJ-BNTR,BKS,35.59,30.8
SDJ-BNTR,CBR,31.96,30.1
SDJ-BNTR,MPG,18.43,16.9
SDJ-BNTR,RWG,36.52,29.8
SDJ-BNTR,KBG,19.6,23.4
SDJ-BNTR,BSD,11.6,13.5
SDJ-BNTR,STB,25.58,22.7
SDJ-BNTR,MBS,29.15,25.4
SDJ-BNTR,DMT,24.12,27.4
SDJ-BNTR,DMG,24.16,27.2
SDJ-BNTR,KL_CKG,21.04,22.7
SDJ-BNTR,KL_KJ,46.4,37.8
SDJ-BNTR,ASTR-ASTR,39.37,33.1
SDJ-BNTR,BRW-BRW,20.71,19.5
SDJ-BNTR,MGL-MGL,27.3,23.7
SDJ-BNTR,WSI-ANCB,27.09,24.1
SDJ-BNTR,WSI-BTS,27.09,24.1
SDJ-BNTR,WSI-PIK,29.25,33.2
SDJ-BNTR,WSI-BSD,12.31,13.5
SDJ-BNTR,WSI-ANC,33.15,29.4
SDJ-BNTR,BKB-BKB,3.91,5.4
SDJ-BNTR,RFS-HANG,17.2,15
SDJ-BNTR,RFS-WOLT,18.09,19.1
SDJ-BNTR,MBL-MBL,18.43,17
SDJ-BNTR,ADS-ADS,21.24,19.4
SDJ-BNTR,LML-LML,3.43,4.7
SDJ-BNTR,HYP-HYP,23.6,21.7
SDJ-BNTR,SDJ-CNRE,15.69,18.2
SDJ-BNTR,SDJ-SDJE,16.29,16.4
SDJ-BNTR,SDJ-PSBC,27.63,23.8
SDJ-BNTR,SDJ-SCBD,21.28,19.4
SDJ-BNTR,SDJ-BNTR,0,0
SDJ-BNTR,SDJ-CJTA,21.53,19.4
SDJ-BNTR,SDJ-PJTN,16.56,16.6
SDJ-BNTR,SDJ-CBLH,0.12,0.2
SDJ-BNTR,SDJ-KTBT,36.78,30.8
SDJ-BNTR,SDJ-ODSS,18.31,18.3
SDJ-BNTR,SDJ-SOET,0.12,0.2
SDJ-BNTR,SDJ-SMB,41.79,38.8
SDJ-BNTR,SDJ-CBS,13.72,13.1
SDJ-BNTR,SDJ-PIM,12.71,12.5
SDJ-BNTR,SDJ-CBN,0.12,0.2
SDJ-BNTR,SDJ-BLV,8.76,10.1
SDJ-BNTR,BFL-BFL,23.64,21.5
SDJ-BNTR,BFL-KBY,17.19,17
SDJ-BNTR,DCGL-BAR,17.59,19.4
SDJ-BNTR,DCGS-BAR,17.95,18.2
SDJ-BNTR,DCGL-KITC,17.59,19.4
SDJ-BNTR,DCGS-KITC,17.59,19.4
SDJ-BNTR,DCBM-BAR,16.23,15.6
SDJ-BNTR,DCBM-KITC,16.23,15.6
SDJ-BNTR,MXW-PGJ,30.55,27.2
SDJ-BNTR,MXW-KGD,40.19,32
SDJ-BNTR,PPY-MTG,24.13,22.7
SDJ-BNTR,PPY-CTW,21.29,19.8
SDJ-BNTR,PPY-PI,12.31,11.5
SDJ-BNTR,PPY-GDS,19.21,20.4
SDJ-BNTR,TRF-TRF,13.58,12.5
SDJ-BNTR,TRF-CNRE,15.14,17.2
SDJ-BNTR,JOEL-JOEL,19.07,19.7
SDJ-BNTR,HMD-HMD,0.12,0.2
SDJ-BNTR,GO_PPL,15.81,14.4
SDJ-BNTR,GO_TBT,24.96,24
SDJ-BNTR,MDV-KBY,17.04,16.8
SDJ-BNTR,MDV-KGD,39.86,33.2
SDJ-BNTR,MDV-PURI,18.22,20.8
SDJ-BNTR,MDV-PDI,10.25,9.6
SDJ-BNTR,MDV-BNTR,7.06,7.6
SDJ-BNTR,MDV-PDHB,35.09,33.1
SDJ-BNTR,MDV-GRVY,12.89,11.9
SDJ-BNTR,SPHS-SPHS,21.45,18.8
SDJ-BNTR,DRSR-DRSR,25.24,23.7
SDJ-BNTR,EXP-EXP,20.02,18.4
SDJ-BNTR,EXP-AEON,13.61,14.9
SDJ-BNTR,HHP-HHP,18.58,19
SDJ-BNTR,GDL-BSD,16.91,18
SDJ-BNTR,GDL-PIK,28.44,31.6
SDJ-BNTR,GDL-MOI,39.74,34.5
SDJ-BNTR,GDL-KHI,46.06,37.5
SDJ-BNTR,GDL-RDL,13.91,13
SDJ-BNTR,GDL-PRGN,28.09,24.5
SDJ-BNTR,GDL-CNRE,16.13,17.6
SDJ-BNTR,GDL-PURI,17.57,19.7
SDJ-BNTR,GDL-ANC,35.85,30.8
SDJ-BNTR,GDL-GLC,17.14,19.7
SDJ-BNTR,GDL-SCBD,21.28,19.3
SDJ-BNTR,DDF-DDF,4.76,5.7
SDJ-BNTR,FDMX-VDLM,13.16,13
SDJ-BNTR,JIN-RST,40.18,31.8
SDJ-BNTR,JIN-CKC,30.55,27.2
SDJ-BNTR,PDLM-PDLM,21.7,19.6
SDJ-BNTR,GOF-GD,32.97,34.2
SDJ-BNTR,SMI-SMI,21.17,19.4
SDJ-BNTR,CST-RTIW,19.68,19.5
SDJ-BNTR,GRMK-PSQ,13.22,11.9
SDJ-BNTR,GRMK-CBN,32.8,27.3
SDJ-BNTR,GRMK-JUN,41.01,35.2
SDJ-BNTR,GRMK-KMY,28.73,25.3
SDJ-BNTR,GRMK-TJD,25.51,22.2
SDJ-BNTR,GRMK-VTR,9.04,9.6
SDJ-BNTR,GRMK-STBD,24.99,22.7
SDJ-BNTR,GRMK-FTM,12.41,11.5
SDJ-BNTR,GRMK-MRY,19.12,21.1
SDJ-BNTR,GRMK-DWS,21.65,21.5
SDJ-BNTR,GRMK-CBR,30.71,28
SDJ-BNTR,GRMK-EMP,29.5,24.6
SDJ-BNTR,GRMK-CMP,35.9,29.3
SDJ-BNTR,GRMK-LRT,41.46,34.3
SDJ-BNTR,GRMK-BSD,13.88,14.6
SDJ-BNTR,GRMK-GRH,13.82,14.6
SDJ-BNTR,GRMK-CPNG,31.35,25.9
SDJ-BNTR,GRMK-PLM,20.36,18.2
SDJ-BNTR,GRMK-DTA,20.13,19
SDJ-BNTR,GRMK-SOQ,10.33,10
SDJ-BNTR,GRMK-XML,35.96,30.3
SDJ-BNTR,GRMK-DMT,21.95,23.5
SDJ-BNTR,BRIK-STR,38.45,30
SDJ-BNTR,BRIK-ALS,16.56,17.3
SDJ-BNTR,BRIK-GDB,175.55,135.2
SDJ-BNTR,BRIK-CKR,62.08,53.9
SDJ-BNTR,BRIK-NRG,35.17,30.6
SDJ-BNTR,BRIK-LGK,24.03,23.8
SDJ-BNTR,BRIK-BLR,49.81,41.9
SDJ-BNTR,BRIK-STL,45.31,37.9
SDJ-BNTR,BRIK-KRW,83.24,67
SDJ-BNTR,BRIK-MTL,16.88,19.2
SDJ-BNTR,YMY-BTB,20.14,22.6
SDJ-BNTR,GLLR-GLLR,13.18,16
SDJ-BNTR,CSRR-CSRR,30.65,25.7
SDJ-BNTR,MTSJ-MTSJ,21.22,19.8
SDJ-BNTR,CST-GLN,13.02,12.4
SDJ-BNTR,MBG-MBG,17.53,17.2
SDJ-BNTR,CST-MBG,43.98,38.4
SDJ-BNTR,GDK-KGD,40.82,32.9
SDJ-BNTR,GDK-SCBD,20.94,18.9
SDJ-BNTR,CST-AYM,21.28,21.9
SDJ-BNTR,WTC-WTC,27.71,24.9
SDJ-BNTR,FYN-FYN,15.24,13.6
SDJ-BNTR,CST-FDC,19.17,19.5
SDJ-BNTR,MDS-MDS,18.73,17.7
SDJ-BNTR,MDS-SCBD,18.19,18
SDJ-BNTR,HKN-HKN,34.19,29.9
SDJ-CJTA,GDS,38.68,37.1
SDJ-CJTA,CRD,13.36,12.7
SDJ-CJTA,KJT,5.15,4.1
SDJ-CJTA,BKS,17.87,16.1
SDJ-CJTA,CBR,14.24,15.4
SDJ-CJTA,MPG,10.91,11.1
SDJ-CJTA,RWG,18.79,14.9
SDJ-CJTA,KBG,31.82,26.4
SDJ-CJTA,BSD,30.14,27.9
SDJ-CJTA,STB,18.26,15.3
SDJ-CJTA,MBS,22.85,21.1
SDJ-CJTA,DMT,38.29,28.4
SDJ-CJTA,DMG,38.33,28.2
SDJ-CJTA,KL_CKG,32.9,24.6
SDJ-CJTA,KL_KJ,28.67,22.9
SDJ-CJTA,ASTR-ASTR,23.69,21.1
SDJ-CJTA,BRW-BRW,10.46,9.2
SDJ-CJTA,MGL-MGL,21.03,19.2
SDJ-CJTA,WSI-ANCB,21.17,19.6
SDJ-CJTA,WSI-BTS,21.17,19.6
SDJ-CJTA,WSI-PIK,39.1,32.4
SDJ-CJTA,WSI-BSD,34.65,29.6
SDJ-CJTA,WSI-ANC,25.28,24.5
SDJ-CJTA,BKB-BKB,22.15,22.2
SDJ-CJTA,RFS-HANG,19.39,15.5
SDJ-CJTA,RFS-WOLT,16.96,14.7
SDJ-CJTA,MBL-MBL,18.61,15.8
SDJ-CJTA,ADS-ADS,19.36,15.5
SDJ-CJTA,LML-LML,21.66,21.6
SDJ-CJTA,HYP-HYP,17.22,13.7
SDJ-CJTA,SDJ-CNRE,16.54,18.1
SDJ-CJTA,SDJ-SDJE,9.89,11.3
SDJ-CJTA,SDJ-PSBC,20.03,18.2
SDJ-CJTA,SDJ-SCBD,17.14,13
SDJ-CJTA,SDJ-BNTR,20.33,19.4
SDJ-CJTA,SDJ-CJTA,0,0
SDJ-CJTA,SDJ-PJTN,10.58,12.2
SDJ-CJTA,SDJ-CBLH,20.11,19
SDJ-CJTA,SDJ-KTBT,19.06,16.2
SDJ-CJTA,SDJ-ODSS,17.63,13.7
SDJ-CJTA,SDJ-SOET,20.11,19
SDJ-CJTA,SDJ-SMB,24.07,24.1
SDJ-CJTA,SDJ-CBS,9.78,10.6
SDJ-CJTA,SDJ-PIM,15.25,14.3
SDJ-CJTA,SDJ-CBN,20.11,19
SDJ-CJTA,SDJ-BLV,14.54,14.8
SDJ-CJTA,BFL-BFL,11.62,11.8
SDJ-CJTA,BFL-KBY,16.62,13.7
SDJ-CJTA,DCGL-BAR,35.37,27.4
SDJ-CJTA,DCGS-BAR,37.04,34.9
SDJ-CJTA,DCGL-KITC,35.37,27.4
SDJ-CJTA,DCGS-KITC,35.37,27.4
SDJ-CJTA,DCBM-BAR,15.85,15
SDJ-CJTA,DCBM-KITC,15.85,15
SDJ-CJTA,MXW-PGJ,21.4,19.5
SDJ-CJTA,MXW-KGD,22.47,17.2
SDJ-CJTA,PPY-MTG,20.88,17.7
SDJ-CJTA,PPY-CTW,19.41,15.9
SDJ-CJTA,PPY-PI,14.86,13.2
SDJ-CJTA,PPY-GDS,38.92,37
SDJ-CJTA,TRF-TRF,12.04,11.3
SDJ-CJTA,TRF-CNRE,17.67,19.2
SDJ-CJTA,JOEL-JOEL,16.86,14.8
SDJ-CJTA,HMD-HMD,20.11,19
SDJ-CJTA,GO_PPL,14.33,13.4
SDJ-CJTA,GO_TBT,14.44,12.7
SDJ-CJTA,MDV-KBY,16.77,13.9
SDJ-CJTA,MDV-KGD,22.13,18.3
SDJ-CJTA,MDV-PURI,30.36,23.7
SDJ-CJTA,MDV-PDI,12.8,11.4
SDJ-CJTA,MDV-BNTR,17.9,17.5
SDJ-CJTA,MDV-PDHB,26.59,22.5
SDJ-CJTA,MDV-GRVY,15.43,13.7
SDJ-CJTA,SPHS-SPHS,20.16,15.6
SDJ-CJTA,DRSR-DRSR,20.9,17.5
SDJ-CJTA,EXP-EXP,18.14,14.5
SDJ-CJTA,EXP-AEON,35,31.7
SDJ-CJTA,HHP-HHP,17.9,14.3
SDJ-CJTA,GDL-BSD,36.01,34.7
SDJ-CJTA,GDL-PIK,38.3,30.8
SDJ-CJTA,GDL-MOI,22.01,19.6
SDJ-CJTA,GDL-KHI,28.33,22.6
SDJ-CJTA,GDL-RDL,16.46,14.7
SDJ-CJTA,GDL-PRGN,23.03,21.2
SDJ-CJTA,GDL-CNRE,15.76,16.4
SDJ-CJTA,GDL-PURI,30.91,24
SDJ-CJTA,GDL-ANC,24.51,23.3
SDJ-CJTA,GDL-GLC,34.92,27.8
SDJ-CJTA,GDL-SCBD,18.15,14.2
SDJ-CJTA,DDF-DDF,22.45,21.9
SDJ-CJTA,FDMX-VDLM,13.54,13.8
SDJ-CJTA,JIN-RST,22.46,17
SDJ-CJTA,JIN-CKC,21.4,19.5
SDJ-CJTA,PDLM-PDLM,16.54,13.7
SDJ-CJTA,GOF-GD,43.64,34.5
SDJ-CJTA,SMI-SMI,19.28,15.5
SDJ-CJTA,CST-RTIW,17.24,16.7
SDJ-CJTA,GRMK-PSQ,11.68,10.7
SDJ-CJTA,GRMK-CBN,17.12,15.3
SDJ-CJTA,GRMK-JUN,23.29,20.5
SDJ-CJTA,GRMK-KMY,19.51,17.9
SDJ-CJTA,GRMK-TJD,24.57,19.4
SDJ-CJTA,GRMK-VTR,15.42,14.5
SDJ-CJTA,GRMK-STBD,18.47,15.6
SDJ-CJTA,GRMK-FTM,10.93,10.4
SDJ-CJTA,GRMK-MRY,28.54,22.3
SDJ-CJTA,GRMK-DWS,16.54,16.8
SDJ-CJTA,GRMK-CBR,12.98,13.4
SDJ-CJTA,GRMK-EMP,28.55,21.8
SDJ-CJTA,GRMK-CMP,18.17,14.5
SDJ-CJTA,GRMK-LRT,23.74,19.4
SDJ-CJTA,GRMK-BSD,33.01,30.5
SDJ-CJTA,GRMK-GRH,28.7,27
SDJ-CJTA,GRMK-CPNG,13.63,11
SDJ-CJTA,GRMK-PLM,20.99,16.5
SDJ-CJTA,GRMK-DTA,10.79,9.3
SDJ-CJTA,GRMK-SOQ,12.62,11.8
SDJ-CJTA,GRMK-XML,18.23,15.4
SDJ-CJTA,GRMK-DMT,32.45,24.1
SDJ-CJTA,BRIK-STR,20.73,15.1
SDJ-CJTA,BRIK-ALS,43.15,32.5
SDJ-CJTA,BRIK-GDB,162.4,123.5
SDJ-CJTA,BRIK-CKR,44.36,39.2
SDJ-CJTA,BRIK-NRG,17.45,16
SDJ-CJTA,BRIK-LGK,49.96,38
SDJ-CJTA,BRIK-BLR,70.23,50.3
SDJ-CJTA,BRIK-STL,29.63,25.9
SDJ-CJTA,BRIK-KRW,65.52,52.3
SDJ-CJTA,BRIK-MTL,34.66,27.3
SDJ-CJTA,YMY-BTB,32.73,25.2
SDJ-CJTA,GLLR-GLLR,34.58,32.8
SDJ-CJTA,CSRR-CSRR,29.7,22.9
SDJ-CJTA,MTSJ-MTSJ,19.33,15.9
SDJ-CJTA,CST-GLN,15.56,14.2
SDJ-CJTA,MBG-MBG,11.19,12
SDJ-CJTA,CST-MBG,25.92,23.6
SDJ-CJTA,GDK-KGD,23.1,18
SDJ-CJTA,GDK-SCBD,17.81,13.8
SDJ-CJTA,CST-AYM,12.24,12.3
SDJ-CJTA,WTC-WTC,15.2,13.4
SDJ-CJTA,FYN-FYN,17.79,15.4
SDJ-CJTA,CST-FDC,19.39,17.4
SDJ-CJTA,MDS-MDS,20.38,16.8
SDJ-CJTA,MDS-SCBD,17.77,13.9
SDJ-CJTA,HKN-HKN,16.47,15.2
SDJ-PJTN,GDS,36.77,32.8
SDJ-PJTN,CRD,9.2,10.5
SDJ-PJTN,KJT,9.64,11.3
SDJ-PJTN,BKS,24.99,23.3
SDJ-PJTN,CBR,21.36,22.6
SDJ-PJTN,MPG,2.54,4.3
SDJ-PJTN,RWG,19.29,18.9
SDJ-PJTN,KBG,21.71,22
SDJ-PJTN,BSD,25.98,25.8
SDJ-PJTN,STB,9.98,12.7
SDJ-PJTN,MBS,18.09,18.2
SDJ-PJTN,DMT,28.17,24
SDJ-PJTN,DMG,28.21,23.8
SDJ-PJTN,KL_CKG,22.79,20.2
SDJ-PJTN,KL_KJ,29.17,26.9
SDJ-PJTN,ASTR-ASTR,34.24,31.7
SDJ-PJTN,BRW-BRW,4.23,6.5
SDJ-PJTN,MGL-MGL,16.24,16.5
SDJ-PJTN,WSI-ANCB,16.03,16.9
SDJ-PJTN,WSI-BTS,16.03,16.9
SDJ-PJTN,WSI-PIK,28.99,28
SDJ-PJTN,WSI-BSD,30.49,27.4
SDJ-PJTN,WSI-ANC,22.09,22.2
SDJ-PJTN,BKB-BKB,17.99,20.1
SDJ-PJTN,RFS-HANG,8.22,10.2
SDJ-PJTN,RFS-WOLT,6.4,9.6
SDJ-PJTN,MBL-MBL,4.02,6.7
SDJ-PJTN,ADS-ADS,9.25,11.1
SDJ-PJTN,LML-LML,17.5,19.4
SDJ-PJTN,HYP-HYP,7.12,8.9
SDJ-PJTN,SDJ-CNRE,12.42,16.1
SDJ-PJTN,SDJ-SDJE,0.31,0.8
SDJ-PJTN,SDJ-PSBC,13.7,15
SDJ-PJTN,SDJ-SCBD,7.02,8.6
SDJ-PJTN,SDJ-BNTR,16.17,17.3
SDJ-PJTN,SDJ-CJTA,10.93,11.8
SDJ-PJTN,SDJ-PJTN,0,0
SDJ-PJTN,SDJ-CBLH,15.95,16.9
SDJ-PJTN,SDJ-KTBT,20.01,21.8
SDJ-PJTN,SDJ-ODSS,7.52,9.3
SDJ-PJTN,SDJ-SOET,15.95,16.9
SDJ-PJTN,SDJ-SMB,26.68,28.3
SDJ-PJTN,SDJ-CBS,5.53,8.2
SDJ-PJTN,SDJ-PIM,6.69,11.2
SDJ-PJTN,SDJ-CBN,15.95,16.9
SDJ-PJTN,SDJ-BLV,10.38,12.7
SDJ-PJTN,BFL-BFL,19.07,19.8
SDJ-PJTN,BFL-KBY,6.25,8.3
SDJ-PJTN,DCGL-BAR,25.26,23
SDJ-PJTN,DCGS-BAR,32.88,32.8
SDJ-PJTN,DCGL-KITC,25.26,23
SDJ-PJTN,DCGS-KITC,25.26,23
SDJ-PJTN,DCBM-BAR,5.79,7.4
SDJ-PJTN,DCBM-KITC,5.79,7.4
SDJ-PJTN,MXW-PGJ,16.62,18.3
SDJ-PJTN,MXW-KGD,22.97,21.2
SDJ-PJTN,PPY-MTG,10.77,13
SDJ-PJTN,PPY-CTW,9.3,11.5
SDJ-PJTN,PPY-PI,10.7,11.1
SDJ-PJTN,PPY-GDS,37,32.7
SDJ-PJTN,TRF-TRF,7.88,9.1
SDJ-PJTN,TRF-CNRE,13.51,17
SDJ-PJTN,JOEL-JOEL,6.3,9.6
SDJ-PJTN,HMD-HMD,15.95,16.9
SDJ-PJTN,GO_PPL,5.88,8.4
SDJ-PJTN,GO_TBT,8.48,11
SDJ-PJTN,MDV-KBY,6.1,8.1
SDJ-PJTN,MDV-KGD,22.63,22.4
SDJ-PJTN,MDV-PURI,20.25,19.3
SDJ-PJTN,MDV-PDI,8.64,9.2
SDJ-PJTN,MDV-BNTR,13.74,15.3
SDJ-PJTN,MDV-PDHB,21.16,24.2
SDJ-PJTN,MDV-GRVY,5.54,9.1
SDJ-PJTN,SPHS-SPHS,10.05,11.2
SDJ-PJTN,DRSR-DRSR,10.79,12.7
SDJ-PJTN,EXP-EXP,8.03,10.2
SDJ-PJTN,EXP-AEON,30.84,29.5
SDJ-PJTN,HHP-HHP,7.79,9.9
SDJ-PJTN,GDL-BSD,31.85,32.5
SDJ-PJTN,GDL-PIK,28.18,26.4
SDJ-PJTN,GDL-MOI,22.51,23.6
SDJ-PJTN,GDL-KHI,28.84,26.6
SDJ-PJTN,GDL-RDL,7.09,10.5
SDJ-PJTN,GDL-PRGN,17.04,17.3
SDJ-PJTN,GDL-CNRE,11.59,14.2
SDJ-PJTN,GDL-PURI,20.8,19.7
SDJ-PJTN,GDL-ANC,19.72,22.2
SDJ-PJTN,GDL-GLC,24.81,23.4
SDJ-PJTN,GDL-SCBD,8.04,9.8
SDJ-PJTN,DDF-DDF,18.28,19.7
SDJ-PJTN,FDMX-VDLM,9.38,11.7
SDJ-PJTN,JIN-RST,22.96,21
SDJ-PJTN,JIN-CKC,16.61,18.3
SDJ-PJTN,PDLM-PDLM,6.44,9
SDJ-PJTN,GOF-GD,33.52,30.1
SDJ-PJTN,SMI-SMI,9.17,11.1
SDJ-PJTN,CST-RTIW,18.73,18.5
SDJ-PJTN,GRMK-PSQ,7.52,8.6
SDJ-PJTN,GRMK-CBN,27.67,25.9
SDJ-PJTN,GRMK-JUN,27.18,25.5
SDJ-PJTN,GRMK-KMY,14.8,16.4
SDJ-PJTN,GRMK-TJD,14.45,15
SDJ-PJTN,GRMK-VTR,11.26,12.4
SDJ-PJTN,GRMK-STBD,9.57,12
SDJ-PJTN,GRMK-FTM,5.38,7.3
SDJ-PJTN,GRMK-MRY,18.43,17.9
SDJ-PJTN,GRMK-DWS,20.69,20.6
SDJ-PJTN,GRMK-CBR,20.1,20.5
SDJ-PJTN,GRMK-EMP,18.44,17.4
SDJ-PJTN,GRMK-CMP,18.67,18.5
SDJ-PJTN,GRMK-LRT,24.24,23.4
SDJ-PJTN,GRMK-BSD,28.85,28.4
SDJ-PJTN,GRMK-GRH,24.54,24.8
SDJ-PJTN,GRMK-CPNG,14.13,15.1
SDJ-PJTN,GRMK-PLM,10.88,12.1
SDJ-PJTN,GRMK-DTA,5.28,7.5
SDJ-PJTN,GRMK-SOQ,8.46,9.6
SDJ-PJTN,GRMK-XML,18.73,19.4
SDJ-PJTN,GRMK-DMT,22.34,19.7
SDJ-PJTN,BRIK-STR,21.23,19.1
SDJ-PJTN,BRIK-ALS,33.04,28.1
SDJ-PJTN,BRIK-GDB,173.61,132
SDJ-PJTN,BRIK-CKR,45.86,43.3
SDJ-PJTN,BRIK-NRG,24.57,23.1
SDJ-PJTN,BRIK-LGK,39.85,33.6
SDJ-PJTN,BRIK-BLR,60.12,45.9
SDJ-PJTN,BRIK-STL,40.69,36.1
SDJ-PJTN,BRIK-KRW,67.02,56.4
SDJ-PJTN,BRIK-MTL,24.55,22.9
SDJ-PJTN,YMY-BTB,22.62,20.8
SDJ-PJTN,GLLR-GLLR,30.42,30.6
SDJ-PJTN,CSRR-CSRR,19.59,18.5
SDJ-PJTN,MTSJ-MTSJ,9.22,11.5
SDJ-PJTN,CST-GLN,6.82,11.1
SDJ-PJTN,MBG-MBG,5.15,7.9
SDJ-PJTN,CST-MBG,26.42,27.7
SDJ-PJTN,GDK-KGD,23.6,22
SDJ-PJTN,GDK-SCBD,7.7,9.4
SDJ-PJTN,CST-AYM,10.78,14.6
SDJ-PJTN,WTC-WTC,12.46,14.2
SDJ-PJTN,FYN-FYN,8.29,10.2
SDJ-PJTN,CST-FDC,9.28,13
SDJ-PJTN,MDS-MDS,10.27,12.4
SDJ-PJTN,MDS-SCBD,7.66,9.5
SDJ-PJTN,HKN-HKN,23.59,22.4
SDJ-CBLH,GDS,19.23,20.6
SDJ-CBLH,CRD,11.91,11.5
SDJ-CBLH,KJT,22.76,18.8
SDJ-CBLH,BKS,35.47,30.6
SDJ-CBLH,CBR,31.84,29.9
SDJ-CBLH,MPG,18.31,16.7
SDJ-CBLH,RWG,36.4,29.6
SDJ-CBLH,KBG,19.48,23.2
SDJ-CBLH,BSD,11.48,13.3
SDJ-CBLH,STB,25.46,22.5
SDJ-CBLH,MBS,29.03,25.3
SDJ-CBLH,DMT,24,27.2
SDJ-CBLH,DMG,24.04,27.1
SDJ-CBLH,KL_CKG,20.92,22.5
SDJ-CBLH,KL_KJ,46.28,37.6
SDJ-CBLH,ASTR-ASTR,39.45,33.1
SDJ-CBLH,BRW-BRW,20.6,19.3
SDJ-CBLH,MGL-MGL,27.18,23.5
SDJ-CBLH,WSI-ANCB,26.97,24
SDJ-CBLH,WSI-BTS,26.97,24
SDJ-CBLH,WSI-PIK,29.13,33.1
SDJ-CBLH,WSI-BSD,12.19,13.3
SDJ-CBLH,WSI-ANC,33.03,29.2
SDJ-CBLH,BKB-BKB,3.8,5.2
SDJ-CBLH,RFS-HANG,17.08,14.8
SDJ-CBLH,RFS-WOLT,17.98,18.9
SDJ-CBLH,MBL-MBL,18.31,16.8
SDJ-CBLH,ADS-ADS,21.12,19.2
SDJ-CBLH,LML-LML,3.31,4.5
SDJ-CBLH,HYP-HYP,23.48,21.5
SDJ-CBLH,SDJ-CNRE,15.77,18.1
SDJ-CBLH,SDJ-SDJE,16.17,16.2
SDJ-CBLH,SDJ-PSBC,27.52,23.6
SDJ-CBLH,SDJ-SCBD,21.17,19.2
SDJ-CBLH,SDJ-BNTR,0.22,0.4
SDJ-CBLH,SDJ-CJTA,21.41,19.2
SDJ-CBLH,SDJ-PJTN,16.44,16.4
SDJ-CBLH,SDJ-CBLH,0,0
SDJ-CBLH,SDJ-KTBT,36.66,30.6
SDJ-CBLH,SDJ-ODSS,18.2,18.1
SDJ-CBLH,SDJ-SOET,0,0
SDJ-CBLH,SDJ-SMB,41.68,38.6
SDJ-CBLH,SDJ-CBS,13.6,12.9
SDJ-CBLH,SDJ-PIM,12.59,12.3
SDJ-CBLH,SDJ-CBN,0,0
SDJ-CBLH,SDJ-BLV,8.64,9.9
SDJ-CBLH,BFL-BFL,23.72,21.4
SDJ-CBLH,BFL-KBY,17.07,16.8
SDJ-CBLH,DCGL-BAR,17.47,19.2
SDJ-CBLH,DCGS-BAR,17.83,18
SDJ-CBLH,DCGL-KITC,17.47,19.2
SDJ-CBLH,DCGS-KITC,17.47,19.2
SDJ-CBLH,DCBM-BAR,16.11,15.4
SDJ-CBLH,DCBM-KITC,16.11,15.4
SDJ-CBLH,MXW-PGJ,30.44,27
SDJ-CBLH,MXW-KGD,40.08,31.9
SDJ-CBLH,PPY-MTG,24.02,22.5
SDJ-CBLH,PPY-CTW,21.17,19.6
SDJ-CBLH,PPY-PI,12.2,11.3
SDJ-CBLH,PPY-GDS,19.09,20.2
SDJ-CBLH,TRF-TRF,13.46,12.3
SDJ-CBLH,TRF-CNRE,15.22,17.1
SDJ-CBLH,JOEL-JOEL,18.95,19.5
SDJ-CBLH,HMD-HMD,0,0
SDJ-CBLH,GO_PPL,15.69,14.2
SDJ-CBLH,GO_TBT,24.85,23.8
SDJ-CBLH,MDV-KBY,16.92,16.6
SDJ-CBLH,MDV-KGD,39.74,33
SDJ-CBLH,MDV-PURI,18.1,20.7
SDJ-CBLH,MDV-PDI,10.13,9.4
SDJ-CBLH,MDV-BNTR,6.95,7.4
SDJ-CBLH,MDV-PDHB,34.97,32.9
SDJ-CBLH,MDV-GRVY,12.77,11.7
SDJ-CBLH,SPHS-SPHS,21.34,18.7
SDJ-CBLH,DRSR-DRSR,25.12,23.5
SDJ-CBLH,EXP-EXP,19.9,18.3
SDJ-CBLH,EXP-AEON,13.49,14.8
SDJ-CBLH,HHP-HHP,18.46,18.8
SDJ-CBLH,GDL-BSD,16.79,17.8
SDJ-CBLH,GDL-PIK,28.32,31.4
SDJ-CBLH,GDL-MOI,39.62,34.3
SDJ-CBLH,GDL-KHI,45.94,37.3
SDJ-CBLH,GDL-RDL,13.8,12.8
SDJ-CBLH,GDL-PRGN,27.98,24.3
SDJ-CBLH,GDL-CNRE,16.2,17.5
SDJ-CBLH,GDL-PURI,17.46,19.6
SDJ-CBLH,GDL-ANC,35.74,30.6
SDJ-CBLH,GDL-GLC,17.02,19.5
SDJ-CBLH,GDL-SCBD,21.16,19.1
SDJ-CBLH,DDF-DDF,4.64,5.5
SDJ-CBLH,FDMX-VDLM,13.04,12.9
SDJ-CBLH,JIN-RST,40.06,31.7
SDJ-CBLH,JIN-CKC,30.43,27
SDJ-CBLH,PDLM-PDLM,21.58,19.5
SDJ-CBLH,GOF-GD,32.85,34
SDJ-CBLH,SMI-SMI,21.05,19.2
SDJ-CBLH,CST-RTIW,19.76,19.4
SDJ-CBLH,GRMK-PSQ,13.1,11.7
SDJ-CBLH,GRMK-CBN,32.87,27.3
SDJ-CBLH,GRMK-JUN,40.89,35
SDJ-CBLH,GRMK-KMY,28.62,25.1
SDJ-CBLH,GRMK-TJD,25.39,22
SDJ-CBLH,GRMK-VTR,8.92,9.5
SDJ-CBLH,GRMK-STBD,24.87,22.5
SDJ-CBLH,GRMK-FTM,12.29,11.3
SDJ-CBLH,GRMK-MRY,19,20.9
SDJ-CBLH,GRMK-DWS,21.72,21.5
SDJ-CBLH,GRMK-CBR,30.59,27.8
SDJ-CBLH,GRMK-EMP,29.38,24.4
SDJ-CBLH,GRMK-CMP,35.78,29.2
SDJ-CBLH,GRMK-LRT,41.34,34.1
SDJ-CBLH,GRMK-BSD,13.95,14.5
SDJ-CBLH,GRMK-GRH,13.7,14.5
SDJ-CBLH,GRMK-CPNG,31.24,25.7
SDJ-CBLH,GRMK-PLM,20.24,18.1
SDJ-CBLH,GRMK-DTA,20.01,18.8
SDJ-CBLH,GRMK-SOQ,10.21,9.8
SDJ-CBLH,GRMK-XML,35.84,30.1
SDJ-CBLH,GRMK-DMT,21.84,23.3
SDJ-CBLH,BRIK-STR,38.34,29.8
SDJ-CBLH,BRIK-ALS,16.44,17.1
SDJ-CBLH,BRIK-GDB,175.63,135.2
SDJ-CBLH,BRIK-CKR,61.96,53.7
SDJ-CBLH,BRIK-NRG,35.06,30.4
SDJ-CBLH,BRIK-LGK,23.91,23.6
SDJ-CBLH,BRIK-BLR,49.69,41.7
SDJ-CBLH,BRIK-STL,45.39,37.8
SDJ-CBLH,BRIK-KRW,83.12,66.8
SDJ-CBLH,BRIK-MTL,16.76,19.1
SDJ-CBLH,YMY-BTB,20.02,22.4
SDJ-CBLH,GLLR-GLLR,13.06,15.8
SDJ-CBLH,CSRR-CSRR,30.53,25.5
SDJ-CBLH,MTSJ-MTSJ,21.1,19.6
SDJ-CBLH,CST-GLN,12.9,12.2
SDJ-CBLH,MBG-MBG,17.41,17
SDJ-CBLH,CST-MBG,43.86,38.2
SDJ-CBLH,GDK-KGD,40.71,32.7
SDJ-CBLH,GDK-SCBD,20.82,18.7
SDJ-CBLH,CST-AYM,21.16,21.7
SDJ-CBLH,WTC-WTC,27.59,24.7
SDJ-CBLH,FYN-FYN,15.12,13.4
SDJ-CBLH,CST-FDC,19.05,19.3
SDJ-CBLH,MDS-MDS,18.61,17.5
SDJ-CBLH,MDS-SCBD,18.08,17.8
SDJ-CBLH,HKN-HKN,34.07,29.7
SDJ-KTBT,GDS,50,42.7
SDJ-KTBT,CRD,29.93,27.4
SDJ-KTBT,KJT,15.65,15.7
SDJ-KTBT,BKS,6.01,8.1
SDJ-KTBT,CBR,15.22,18.2
SDJ-KTBT,MPG,19.95,19.3
SDJ-KTBT,RWG,12.86,15.2
SDJ-KTBT,KBG,34.93,32
SDJ-KTBT,BSD,46.71,42.6
SDJ-KTBT,STB,19.62,20.7
SDJ-KTBT,MBS,24.72,24.3
SDJ-KTBT,DMT,41.4,33.9
SDJ-KTBT,DMG,41.44,33.8
SDJ-KTBT,KL_CKG,36.02,30.2
SDJ-KTBT,KL_KJ,18.77,17.5
SDJ-KTBT,ASTR-ASTR,44.5,38.4
SDJ-KTBT,BRW-BRW,17.08,17.6
SDJ-KTBT,MGL-MGL,24,22.8
SDJ-KTBT,WSI-ANCB,24.14,23.2
SDJ-KTBT,WSI-BTS,24.14,23.2
SDJ-KTBT,WSI-PIK,42.19,37.9
SDJ-KTBT,WSI-BSD,49.08,42.1
SDJ-KTBT,WSI-ANC,30.7,26
SDJ-KTBT,BKB-BKB,35.86,36.9
SDJ-KTBT,RFS-HANG,22.51,21.1
SDJ-KTBT,RFS-WOLT,20.07,20.3
SDJ-KTBT,MBL-MBL,21.72,21.4
SDJ-KTBT,ADS-ADS,22.48,21.1
SDJ-KTBT,LML-LML,35.37,36.3
SDJ-KTBT,HYP-HYP,20.34,19.2
SDJ-KTBT,SDJ-CNRE,33.11,32.8
SDJ-KTBT,SDJ-SDJE,21.93,23.3
SDJ-KTBT,SDJ-PSBC,22.89,22.1
SDJ-KTBT,SDJ-SCBD,20.25,18.5
SDJ-KTBT,SDJ-BNTR,36.9,34.1
SDJ-KTBT,SDJ-CJTA,20.16,19.1
SDJ-KTBT,SDJ-PJTN,21.75,22.9
SDJ-KTBT,SDJ-CBLH,36.68,33.7
SDJ-KTBT,SDJ-KTBT,0,0
SDJ-KTBT,SDJ-ODSS,20.75,19.2
SDJ-KTBT,SDJ-SOET,36.68,33.7
SDJ-KTBT,SDJ-SMB,8.22,11.3
SDJ-KTBT,SDJ-CBS,26.35,25.3
SDJ-KTBT,SDJ-PIM,26.05,25.7
SDJ-KTBT,SDJ-CBN,36.68,33.7
SDJ-KTBT,SDJ-BLV,31.11,29.5
SDJ-KTBT,BFL-BFL,32.43,29.1
SDJ-KTBT,BFL-KBY,19.74,19.3
SDJ-KTBT,DCGL-BAR,38.49,33
SDJ-KTBT,DCGS-BAR,51.17,43.4
SDJ-KTBT,DCGL-KITC,38.49,33
SDJ-KTBT,DCGS-KITC,38.49,33
SDJ-KTBT,DCBM-BAR,21.17,20.6
SDJ-KTBT,DCBM-KITC,21.17,20.6
SDJ-KTBT,MXW-PGJ,23.28,22.8
SDJ-KTBT,MXW-KGD,18.3,17.8
SDJ-KTBT,PPY-MTG,23.99,23.3
SDJ-KTBT,PPY-CTW,22.53,21.4
SDJ-KTBT,PPY-PI,26.52,25.3
SDJ-KTBT,PPY-GDS,50.23,42.7
SDJ-KTBT,TRF-TRF,28.61,26
SDJ-KTBT,TRF-CNRE,34.24,33.9
SDJ-KTBT,JOEL-JOEL,19.97,20.3
SDJ-KTBT,HMD-HMD,36.68,33.7
SDJ-KTBT,GO_PPL,22.43,21.8
SDJ-KTBT,GO_TBT,16.32,17.2
SDJ-KTBT,MDV-KBY,19.88,19.5
SDJ-KTBT,MDV-KGD,16.31,14.7
SDJ-KTBT,MDV-PURI,33.48,29.3
SDJ-KTBT,MDV-PDI,27.96,25.9
SDJ-KTBT,MDV-BNTR,32.72,31.9
SDJ-KTBT,MDV-PDHB,26.63,22.6
SDJ-KTBT,MDV-GRVY,24.24,24.2
SDJ-KTBT,SPHS-SPHS,23.28,21.1
SDJ-KTBT,DRSR-DRSR,24.01,23
SDJ-KTBT,EXP-EXP,21.25,20.1
SDJ-KTBT,EXP-AEON,45.97,46
SDJ-KTBT,HHP-HHP,21.01,19.9
SDJ-KTBT,GDL-BSD,53.23,46.4
SDJ-KTBT,GDL-PIK,41.38,36.3
SDJ-KTBT,GDL-MOI,17.23,18.5
SDJ-KTBT,GDL-KHI,9.73,10.2
SDJ-KTBT,GDL-RDL,23,22.7
SDJ-KTBT,GDL-PRGN,25.2,25
SDJ-KTBT,GDL-CNRE,32.33,31.1
SDJ-KTBT,GDL-PURI,34.03,29.6
SDJ-KTBT,GDL-ANC,30.61,26.3
SDJ-KTBT,GDL-GLC,38.04,33.3
SDJ-KTBT,GDL-SCBD,21.26,19.8
SDJ-KTBT,DDF-DDF,37.26,36.3
SDJ-KTBT,FDMX-VDLM,30.11,28.5
SDJ-KTBT,JIN-RST,18.29,17.6
SDJ-KTBT,JIN-CKC,23.27,22.7
SDJ-KTBT,PDLM-PDLM,19.66,19.3
SDJ-KTBT,GOF-GD,46.72,40
SDJ-KTBT,SMI-SMI,22.4,21
SDJ-KTBT,CST-RTIW,34.99,32.2
SDJ-KTBT,GRMK-PSQ,28.25,25.4
SDJ-KTBT,GRMK-CBN,37.92,32.6
SDJ-KTBT,GRMK-JUN,8.26,8.9
SDJ-KTBT,GRMK-KMY,21.94,20.7
SDJ-KTBT,GRMK-TJD,27.68,25
SDJ-KTBT,GRMK-VTR,30.23,28.9
SDJ-KTBT,GRMK-STBD,19.84,21.1
SDJ-KTBT,GRMK-FTM,27.5,25.1
SDJ-KTBT,GRMK-MRY,31.66,27.9
SDJ-KTBT,GRMK-DWS,34.29,32.3
SDJ-KTBT,GRMK-CBR,24.25,23
SDJ-KTBT,GRMK-EMP,31.67,27.3
SDJ-KTBT,GRMK-CMP,17.96,17.1
SDJ-KTBT,GRMK-LRT,15.97,17.3
SDJ-KTBT,GRMK-BSD,47.29,40.2
SDJ-KTBT,GRMK-GRH,38.26,37.1
SDJ-KTBT,GRMK-CPNG,13.23,15
SDJ-KTBT,GRMK-PLM,24.1,22.1
SDJ-KTBT,GRMK-DTA,17.79,17.3
SDJ-KTBT,GRMK-SOQ,29.19,26.5
SDJ-KTBT,GRMK-XML,6.34,7.3
SDJ-KTBT,GRMK-DMT,35.56,29.7
SDJ-KTBT,BRIK-STR,18.54,16.2
SDJ-KTBT,BRIK-ALS,46.27,38.1
SDJ-KTBT,BRIK-GDB,158.22,118.8
SDJ-KTBT,BRIK-CKR,29.89,27.8
SDJ-KTBT,BRIK-NRG,9.9,10.4
SDJ-KTBT,BRIK-LGK,53.07,43.5
SDJ-KTBT,BRIK-BLR,73.34,55.8
SDJ-KTBT,BRIK-STL,44.83,38.6
SDJ-KTBT,BRIK-KRW,50.94,43
SDJ-KTBT,BRIK-MTL,37.78,32.8
SDJ-KTBT,YMY-BTB,35.85,30.7
SDJ-KTBT,GLLR-GLLR,45.55,47.1
SDJ-KTBT,CSRR-CSRR,33.39,27.1
SDJ-KTBT,MTSJ-MTSJ,22.45,21.5
SDJ-KTBT,CST-GLN,24.16,24.6
SDJ-KTBT,MBG-MBG,22.25,22.3
SDJ-KTBT,CST-MBG,7.68,9.8
SDJ-KTBT,GDK-KGD,16.55,17.8
SDJ-KTBT,GDK-SCBD,20.93,19.4
SDJ-KTBT,CST-AYM,28.81,27
SDJ-KTBT,WTC-WTC,17.22,18.6
SDJ-KTBT,FYN-FYN,22.39,21.9
SDJ-KTBT,CST-FDC,22.51,23
SDJ-KTBT,MDS-MDS,23.5,22.4
SDJ-KTBT,MDS-SCBD,20.89,19.5
SDJ-KTBT,HKN-HKN,5.9,8.1
SDJ-ODSS,GDS,31.97,27.4
SDJ-ODSS,CRD,13.01,12
SDJ-ODSS,KJT,13.72,12.6
SDJ-ODSS,BKS,25.94,23
SDJ-ODSS,CBR,26.4,26.5
SDJ-ODSS,MPG,6.24,7.6
SDJ-ODSS,RWG,15.75,16.9
SDJ-ODSS,KBG,16.91,16.7
SDJ-ODSS,BSD,28.7,26.5
SDJ-ODSS,STB,8.42,10
SDJ-ODSS,MBS,13.29,12.9
SDJ-ODSS,DMT,23.37,18.7
SDJ-ODSS,DMG,23.41,18.5
SDJ-ODSS,KL_CKG,17.99,14.9
SDJ-ODSS,KL_KJ,25.61,25
SDJ-ODSS,ASTR-ASTR,41.2,36.6
SDJ-ODSS,BRW-BRW,7.26,9.1
SDJ-ODSS,MGL-MGL,11.44,11.2
SDJ-ODSS,WSI-ANCB,11.23,11.6
SDJ-ODSS,WSI-BTS,11.23,11.6
SDJ-ODSS,WSI-PIK,24.19,22.6
SDJ-ODSS,WSI-BSD,31.05,26.8
SDJ-ODSS,WSI-ANC,17.29,16.9
SDJ-ODSS,BKB-BKB,17.73,19.7
SDJ-ODSS,RFS-HANG,2.19,2.7
SDJ-ODSS,RFS-WOLT,2.92,5
SDJ-ODSS,MBL-MBL,5.01,5.3
SDJ-ODSS,ADS-ADS,4.45,5.8
SDJ-ODSS,LML-LML,17.24,19
SDJ-ODSS,HYP-HYP,6.96,7.9
SDJ-ODSS,SDJ-CNRE,16.91,18.8
SDJ-ODSS,SDJ-SDJE,8.69,10.6
SDJ-ODSS,SDJ-PSBC,11.78,11.3
SDJ-ODSS,SDJ-SCBD,1.31,2
SDJ-ODSS,SDJ-BNTR,18.89,18
SDJ-ODSS,SDJ-CJTA,17.84,17.2
SDJ-ODSS,SDJ-PJTN,8.97,10.8
SDJ-ODSS,SDJ-CBLH,18.67,17.6
SDJ-ODSS,SDJ-KTBT,21.3,20
SDJ-ODSS,SDJ-ODSS,0,0
SDJ-ODSS,SDJ-SOET,18.67,17.6
SDJ-ODSS,SDJ-SMB,27.19,26.4
SDJ-ODSS,SDJ-CBS,10.02,10.9
SDJ-ODSS,SDJ-PIM,7.92,8.4
SDJ-ODSS,SDJ-CBN,18.67,17.6
SDJ-ODSS,SDJ-BLV,14.23,13.6
SDJ-ODSS,BFL-BFL,25.03,24.4
SDJ-ODSS,BFL-KBY,3.45,4.5
SDJ-ODSS,DCGL-BAR,20.46,17.7
SDJ-ODSS,DCGS-BAR,33.14,28.1
SDJ-ODSS,DCGL-KITC,20.46,17.7
SDJ-ODSS,DCGS-KITC,20.46,17.7
SDJ-ODSS,DCBM-BAR,3.53,3.7
SDJ-ODSS,DCBM-KITC,3.53,3.7
SDJ-ODSS,MXW-PGJ,14.7,14.6
SDJ-ODSS,MXW-KGD,19.4,19.2
SDJ-ODSS,PPY-MTG,7.34,9.1
SDJ-ODSS,PPY-CTW,4.5,6.2
SDJ-ODSS,PPY-PI,8.39,8
SDJ-ODSS,PPY-GDS,32.21,27.4
SDJ-ODSS,TRF-TRF,12.37,11.8
SDJ-ODSS,TRF-CNRE,18,19.7
SDJ-ODSS,JOEL-JOEL,2.66,4.5
SDJ-ODSS,HMD-HMD,18.67,17.6
SDJ-ODSS,GO_PPL,4.36,4.5
SDJ-ODSS,GO_TBT,8.99,10.4
SDJ-ODSS,MDV-KBY,3.59,4.7
SDJ-ODSS,MDV-KGD,18.29,20.3
SDJ-ODSS,MDV-PURI,15.45,14
SDJ-ODSS,MDV-PDI,9.84,8.6
SDJ-ODSS,MDV-BNTR,14.59,14.6
SDJ-ODSS,MDV-PDHB,19.23,20.5
SDJ-ODSS,MDV-GRVY,6.17,7.1
SDJ-ODSS,SPHS-SPHS,5.25,5.8
SDJ-ODSS,DRSR-DRSR,8.44,10.1
SDJ-ODSS,EXP-EXP,3.23,4.8
SDJ-ODSS,EXP-AEON,27.85,28.8
SDJ-ODSS,HHP-HHP,0.27,0.7
SDJ-ODSS,GDL-BSD,35.2,31.1
SDJ-ODSS,GDL-PIK,23.38,21
SDJ-ODSS,GDL-MOI,18.94,21.7
SDJ-ODSS,GDL-KHI,25.29,24.6
SDJ-ODSS,GDL-RDL,4.93,5.5
SDJ-ODSS,GDL-PRGN,12.24,12
SDJ-ODSS,GDL-CNRE,16.08,16.9
SDJ-ODSS,GDL-PURI,16,14.3
SDJ-ODSS,GDL-ANC,19.99,18.1
SDJ-ODSS,GDL-GLC,20.01,18
SDJ-ODSS,GDL-SCBD,0.63,1
SDJ-ODSS,DDF-DDF,19.14,19
SDJ-ODSS,FDMX-VDLM,13.87,14.4
SDJ-ODSS,JIN-RST,19.39,19
SDJ-ODSS,JIN-CKC,14.69,14.6
SDJ-ODSS,PDLM-PDLM,4.91,6
SDJ-ODSS,GOF-GD,28.72,24.8
SDJ-ODSS,SMI-SMI,4.37,5.7
SDJ-ODSS,CST-RTIW,23.22,21.2
SDJ-ODSS,GRMK-PSQ,12.01,11.2
SDJ-ODSS,GRMK-CBN,34.63,30.8
SDJ-ODSS,GRMK-JUN,27.11,23.9
SDJ-ODSS,GRMK-KMY,12.88,12.7
SDJ-ODSS,GRMK-TJD,9.65,9.7
SDJ-ODSS,GRMK-VTR,12.11,11.7
SDJ-ODSS,GRMK-STBD,8.53,10
SDJ-ODSS,GRMK-FTM,9.11,9.9
SDJ-ODSS,GRMK-MRY,13.63,12.6
SDJ-ODSS,GRMK-DWS,25.18,23.3
SDJ-ODSS,GRMK-CBR,24.81,23.7
SDJ-ODSS,GRMK-EMP,13.64,12.1
SDJ-ODSS,GRMK-CMP,15.1,16.5
SDJ-ODSS,GRMK-LRT,19.89,21.4
SDJ-ODSS,GRMK-BSD,29.26,24.9
SDJ-ODSS,GRMK-GRH,20.13,19.8
SDJ-ODSS,GRMK-CPNG,14.05,13.4
SDJ-ODSS,GRMK-PLM,6.08,6.8
SDJ-ODSS,GRMK-DTA,8.22,9.3
SDJ-ODSS,GRMK-SOQ,11.23,10.4
SDJ-ODSS,GRMK-XML,18.66,17.8
SDJ-ODSS,GRMK-DMT,17.54,14.4
SDJ-ODSS,BRIK-STR,17.66,17.2
SDJ-ODSS,BRIK-ALS,28.24,22.8
SDJ-ODSS,BRIK-GDB,174.81,130.3
SDJ-ODSS,BRIK-CKR,46.37,41.4
SDJ-ODSS,BRIK-NRG,28.39,25.1
SDJ-ODSS,BRIK-LGK,35.05,28.3
SDJ-ODSS,BRIK-BLR,55.32,40.5
SDJ-ODSS,BRIK-STL,45.4,39.3
SDJ-ODSS,BRIK-KRW,67.54,54.5
SDJ-ODSS,BRIK-MTL,19.75,17.6
SDJ-ODSS,YMY-BTB,17.82,15.5
SDJ-ODSS,GLLR-GLLR,27.42,29.9
SDJ-ODSS,CSRR-CSRR,14.79,13.1
SDJ-ODSS,MTSJ-MTSJ,4.42,6.2
SDJ-ODSS,CST-GLN,6.09,7.4
SDJ-ODSS,MBG-MBG,11.55,13.8
SDJ-ODSS,CST-MBG,26.34,26
SDJ-ODSS,GDK-KGD,20.03,20.1
SDJ-ODSS,GDK-SCBD,1.12,1.9
SDJ-ODSS,CST-AYM,16.33,18.5
SDJ-ODSS,WTC-WTC,10.11,11.5
SDJ-ODSS,FYN-FYN,4.32,4.8
SDJ-ODSS,CST-FDC,4.16,7.2
SDJ-ODSS,MDS-MDS,3.73,5.3
SDJ-ODSS,MDS-SCBD,1.7,2.6
SDJ-ODSS,HKN-HKN,24.56,24.3
SDJ-SOET,GDS,19.23,20.6
SDJ-SOET,CRD,11.91,11.5
SDJ-SOET,KJT,22.76,18.8
SDJ-SOET,BKS,35.47,30.6
SDJ-SOET,CBR,31.84,29.9
SDJ-SOET,MPG,18.31,16.7
SDJ-SOET,RWG,36.4,29.6
SDJ-SOET,KBG,19.48,23.2
SDJ-SOET,BSD,11.48,13.3
SDJ-SOET,STB,25.46,22.5
SDJ-SOET,MBS,29.03,25.3
SDJ-SOET,DMT,24,27.2
SDJ-SOET,DMG,24.04,27.1
SDJ-SOET,KL_CKG,20.92,22.5
SDJ-SOET,KL_KJ,46.28,37.6
SDJ-SOET,ASTR-ASTR,39.45,33.1
SDJ-SOET,BRW-BRW,20.6,19.3
SDJ-SOET,MGL-MGL,27.18,23.5
SDJ-SOET,WSI-ANCB,26.97,24
SDJ-SOET,WSI-BTS,26.97,24
SDJ-SOET,WSI-PIK,29.13,33.1
SDJ-SOET,WSI-BSD,12.19,13.3
SDJ-SOET,WSI-ANC,33.03,29.2
SDJ-SOET,BKB-BKB,3.8,5.2
SDJ-SOET,RFS-HANG,17.08,14.8
SDJ-SOET,RFS-WOLT,17.98,18.9
SDJ-SOET,MBL-MBL,18.31,16.8
SDJ-SOET,ADS-ADS,21.12,19.2
SDJ-SOET,LML-LML,3.31,4.5
SDJ-SOET,HYP-HYP,23.48,21.5
SDJ-SOET,SDJ-CNRE,15.77,18.1
SDJ-SOET,SDJ-SDJE,16.17,16.2
SDJ-SOET,SDJ-PSBC,27.52,23.6
SDJ-SOET,SDJ-SCBD,21.17,19.2
SDJ-SOET,SDJ-BNTR,0.22,0.4
SDJ-SOET,SDJ-CJTA,21.41,19.2
SDJ-SOET,SDJ-PJTN,16.44,16.4
SDJ-SOET,SDJ-CBLH,0,0
SDJ-SOET,SDJ-KTBT,36.66,30.6
SDJ-SOET,SDJ-ODSS,18.2,18.1
SDJ-SOET,SDJ-SOET,0,0
SDJ-SOET,SDJ-SMB,41.68,38.6
SDJ-SOET,SDJ-CBS,13.6,12.9
SDJ-SOET,SDJ-PIM,12.59,12.3
SDJ-SOET,SDJ-CBN,0,0
SDJ-SOET,SDJ-BLV,8.64,9.9
SDJ-SOET,BFL-BFL,23.72,21.4
SDJ-SOET,BFL-KBY,17.07,16.8
SDJ-SOET,DCGL-BAR,17.47,19.2
SDJ-SOET,DCGS-BAR,17.83,18
SDJ-SOET,DCGL-KITC,17.47,19.2
SDJ-SOET,DCGS-KITC,17.47,19.2
SDJ-SOET,DCBM-BAR,16.11,15.4
SDJ-SOET,DCBM-KITC,16.11,15.4
SDJ-SOET,MXW-PGJ,30.44,27
SDJ-SOET,MXW-KGD,40.08,31.9
SDJ-SOET,PPY-MTG,24.02,22.5
SDJ-SOET,PPY-CTW,21.17,19.6
SDJ-SOET,PPY-PI,12.2,11.3
SDJ-SOET,PPY-GDS,19.09,20.2
SDJ-SOET,TRF-TRF,13.46,12.3
SDJ-SOET,TRF-CNRE,15.22,17.1
SDJ-SOET,JOEL-JOEL,18.95,19.5
SDJ-SOET,HMD-HMD,0,0
SDJ-SOET,GO_PPL,15.69,14.2
SDJ-SOET,GO_TBT,24.85,23.8
SDJ-SOET,MDV-KBY,16.92,16.6
SDJ-SOET,MDV-KGD,39.74,33
SDJ-SOET,MDV-PURI,18.1,20.7
SDJ-SOET,MDV-PDI,10.13,9.4
SDJ-SOET,MDV-BNTR,6.95,7.4
SDJ-SOET,MDV-PDHB,34.97,32.9
SDJ-SOET,MDV-GRVY,12.77,11.7
SDJ-SOET,SPHS-SPHS,21.34,18.7
SDJ-SOET,DRSR-DRSR,25.12,23.5
SDJ-SOET,EXP-EXP,19.9,18.3
SDJ-SOET,EXP-AEON,13.49,14.8
SDJ-SOET,HHP-HHP,18.46,18.8
SDJ-SOET,GDL-BSD,16.79,17.8
SDJ-SOET,GDL-PIK,28.32,31.4
SDJ-SOET,GDL-MOI,39.62,34.3
SDJ-SOET,GDL-KHI,45.94,37.3
SDJ-SOET,GDL-RDL,13.8,12.8
SDJ-SOET,GDL-PRGN,27.98,24.3
SDJ-SOET,GDL-CNRE,16.2,17.5
SDJ-SOET,GDL-PURI,17.46,19.6
SDJ-SOET,GDL-ANC,35.74,30.6
SDJ-SOET,GDL-GLC,17.02,19.5
SDJ-SOET,GDL-SCBD,21.16,19.1
SDJ-SOET,DDF-DDF,4.64,5.5
SDJ-SOET,FDMX-VDLM,13.04,12.9
SDJ-SOET,JIN-RST,40.06,31.7
SDJ-SOET,JIN-CKC,30.43,27
SDJ-SOET,PDLM-PDLM,21.58,19.5
SDJ-SOET,GOF-GD,32.85,34
SDJ-SOET,SMI-SMI,21.05,19.2
SDJ-SOET,CST-RTIW,19.76,19.4
SDJ-SOET,GRMK-PSQ,13.1,11.7
SDJ-SOET,GRMK-CBN,32.87,27.3
SDJ-SOET,GRMK-JUN,40.89,35
SDJ-SOET,GRMK-KMY,28.62,25.1
SDJ-SOET,GRMK-TJD,25.39,22
SDJ-SOET,GRMK-VTR,8.92,9.5
SDJ-SOET,GRMK-STBD,24.87,22.5
SDJ-SOET,GRMK-FTM,12.29,11.3
SDJ-SOET,GRMK-MRY,19,20.9
SDJ-SOET,GRMK-DWS,21.72,21.5
SDJ-SOET,GRMK-CBR,30.59,27.8
SDJ-SOET,GRMK-EMP,29.38,24.4
SDJ-SOET,GRMK-CMP,35.78,29.2
SDJ-SOET,GRMK-LRT,41.34,34.1
SDJ-SOET,GRMK-BSD,13.95,14.5
SDJ-SOET,GRMK-GRH,13.7,14.5
SDJ-SOET,GRMK-CPNG,31.24,25.7
SDJ-SOET,GRMK-PLM,20.24,18.1
SDJ-SOET,GRMK-DTA,20.01,18.8
SDJ-SOET,GRMK-SOQ,10.21,9.8
SDJ-SOET,GRMK-XML,35.84,30.1
SDJ-SOET,GRMK-DMT,21.84,23.3
SDJ-SOET,BRIK-STR,38.34,29.8
SDJ-SOET,BRIK-ALS,16.44,17.1
SDJ-SOET,BRIK-GDB,175.63,135.2
SDJ-SOET,BRIK-CKR,61.96,53.7
SDJ-SOET,BRIK-NRG,35.06,30.4
SDJ-SOET,BRIK-LGK,23.91,23.6
SDJ-SOET,BRIK-BLR,49.69,41.7
SDJ-SOET,BRIK-STL,45.39,37.8
SDJ-SOET,BRIK-KRW,83.12,66.8
SDJ-SOET,BRIK-MTL,16.76,19.1
SDJ-SOET,YMY-BTB,20.02,22.4
SDJ-SOET,GLLR-GLLR,13.06,15.8
SDJ-SOET,CSRR-CSRR,30.53,25.5
SDJ-SOET,MTSJ-MTSJ,21.1,19.6
SDJ-SOET,CST-GLN,12.9,12.2
SDJ-SOET,MBG-MBG,17.41,17
SDJ-SOET,CST-MBG,43.86,38.2
SDJ-SOET,GDK-KGD,40.71,32.7
SDJ-SOET,GDK-SCBD,20.82,18.7
SDJ-SOET,CST-AYM,21.16,21.7
SDJ-SOET,WTC-WTC,27.59,24.7
SDJ-SOET,FYN-FYN,15.12,13.4
SDJ-SOET,CST-FDC,19.05,19.3
SDJ-SOET,MDS-MDS,18.61,17.5
SDJ-SOET,MDS-SCBD,18.08,17.8
SDJ-SOET,HKN-HKN,34.07,29.7
SDJ-SMB,GDS,55.72,47.4
SDJ-SMB,CRD,32.82,31.6
SDJ-SMB,KJT,21.72,20.5
SDJ-SMB,BKS,5.3,6.8
SDJ-SMB,CBR,16.94,20.4
SDJ-SMB,MPG,25.67,24
SDJ-SMB,RWG,16.69,17.7
SDJ-SMB,KBG,40.66,36.7
SDJ-SMB,BSD,49.6,46.9
SDJ-SMB,STB,24.45,25.4
SDJ-SMB,MBS,26.65,26.2
SDJ-SMB,DMT,47.13,38.6
SDJ-SMB,DMG,47.17,38.4
SDJ-SMB,KL_CKG,41.75,34.9
SDJ-SMB,KL_KJ,20.77,20.2
SDJ-SMB,ASTR-ASTR,47.39,42.6
SDJ-SMB,BRW-BRW,23.67,22.4
SDJ-SMB,MGL-MGL,25.93,24.7
SDJ-SMB,WSI-ANCB,26.08,25.1
SDJ-SMB,WSI-BTS,26.08,25.1
SDJ-SMB,WSI-PIK,46.67,41.1
SDJ-SMB,WSI-BSD,54.81,46.8
SDJ-SMB,WSI-ANC,32.69,28.6
SDJ-SMB,BKB-BKB,41.61,41.2
SDJ-SMB,RFS-HANG,28.23,25.8
SDJ-SMB,RFS-WOLT,25.8,25
SDJ-SMB,MBL-MBL,27.45,26
SDJ-SMB,ADS-ADS,28.2,25.7
SDJ-SMB,LML-LML,41.12,40.5
SDJ-SMB,HYP-HYP,26.07,23.9
SDJ-SMB,SDJ-CNRE,36,37.1
SDJ-SMB,SDJ-SDJE,27.66,28
SDJ-SMB,SDJ-PSBC,24.82,24
SDJ-SMB,SDJ-SCBD,25.98,23.2
SDJ-SMB,SDJ-BNTR,39.79,38.4
SDJ-SMB,SDJ-CJTA,23.05,23.4
SDJ-SMB,SDJ-PJTN,27.48,27.5
SDJ-SMB,SDJ-CBLH,39.57,38
SDJ-SMB,SDJ-KTBT,9.33,12.8
SDJ-SMB,SDJ-ODSS,26.47,23.9
SDJ-SMB,SDJ-SOET,39.57,38
SDJ-SMB,SDJ-SMB,0,0
SDJ-SMB,SDJ-CBS,29.24,29.5
SDJ-SMB,SDJ-PIM,31.77,30.3
SDJ-SMB,SDJ-CBN,39.57,38
SDJ-SMB,SDJ-BLV,34,33.8
SDJ-SMB,BFL-BFL,35.32,33.4
SDJ-SMB,BFL-KBY,25.46,23.9
SDJ-SMB,DCGL-BAR,44.21,37.6
SDJ-SMB,DCGS-BAR,56.89,48
SDJ-SMB,DCGL-KITC,44.21,37.6
SDJ-SMB,DCGS-KITC,44.21,37.6
SDJ-SMB,DCBM-BAR,26.9,25.3
SDJ-SMB,DCBM-KITC,26.9,25.3
SDJ-SMB,MXW-PGJ,25.21,24.7
SDJ-SMB,MXW-KGD,18.98,19.9
SDJ-SMB,PPY-MTG,27.05,26.3
SDJ-SMB,PPY-CTW,28.25,26.1
SDJ-SMB,PPY-PI,32.24,29.9
SDJ-SMB,PPY-GDS,55.96,47.3
SDJ-SMB,TRF-TRF,31.5,30.2
SDJ-SMB,TRF-CNRE,37.13,38.1
SDJ-SMB,JOEL-JOEL,25.7,25
SDJ-SMB,HMD-HMD,39.57,38
SDJ-SMB,GO_PPL,28.16,26.5
SDJ-SMB,GO_TBT,21.14,21.8
SDJ-SMB,MDV-KBY,25.61,24.2
SDJ-SMB,MDV-KGD,18.26,17.4
SDJ-SMB,MDV-PURI,39.2,33.9
SDJ-SMB,MDV-PDI,32.26,30.3
SDJ-SMB,MDV-BNTR,37.36,36.4
SDJ-SMB,MDV-PDHB,28.63,25.3
SDJ-SMB,MDV-GRVY,29.96,28.9
SDJ-SMB,SPHS-SPHS,29,25.8
SDJ-SMB,DRSR-DRSR,26.73,25.9
SDJ-SMB,EXP-EXP,26.98,24.8
SDJ-SMB,EXP-AEON,54.46,50.6
SDJ-SMB,HHP-HHP,26.74,24.6
SDJ-SMB,GDL-BSD,58.96,51.1
SDJ-SMB,GDL-PIK,45.87,39.5
SDJ-SMB,GDL-MOI,19.17,21.2
SDJ-SMB,GDL-KHI,7.81,9.9
SDJ-SMB,GDL-RDL,28.73,27.3
SDJ-SMB,GDL-PRGN,27.14,26.9
SDJ-SMB,GDL-CNRE,35.22,35.3
SDJ-SMB,GDL-PURI,39.75,34.3
SDJ-SMB,GDL-ANC,28.31,28.6
SDJ-SMB,GDL-GLC,43.77,38
SDJ-SMB,GDL-SCBD,26.99,24.4
SDJ-SMB,DDF-DDF,41.91,40.8
SDJ-SMB,FDMX-VDLM,33.01,32.8
SDJ-SMB,JIN-RST,18.96,19.7
SDJ-SMB,JIN-CKC,25.21,24.6
SDJ-SMB,PDLM-PDLM,25.39,24
SDJ-SMB,GOF-GD,51.21,43.2
SDJ-SMB,SMI-SMI,28.13,25.7
SDJ-SMB,CST-RTIW,37.89,36.4
SDJ-SMB,GRMK-PSQ,31.14,29.6
SDJ-SMB,GRMK-CBN,40.81,36.8
SDJ-SMB,GRMK-JUN,5.36,7
SDJ-SMB,GRMK-KMY,23.87,22.6
SDJ-SMB,GRMK-TJD,33.41,29.6
SDJ-SMB,GRMK-VTR,34.88,33.5
SDJ-SMB,GRMK-STBD,24.66,25.7
SDJ-SMB,GRMK-FTM,30.39,29.4
SDJ-SMB,GRMK-MRY,37.39,32.5
SDJ-SMB,GRMK-DWS,37.18,36.5
SDJ-SMB,GRMK-CBR,27.14,27.2
SDJ-SMB,GRMK-EMP,36.42,31.1
SDJ-SMB,GRMK-CMP,19.89,19
SDJ-SMB,GRMK-LRT,17.9,19.2
SDJ-SMB,GRMK-BSD,53.02,44.8
SDJ-SMB,GRMK-GRH,43.99,41.7
SDJ-SMB,GRMK-CPNG,17.07,17.9
SDJ-SMB,GRMK-PLM,29.83,26.7
SDJ-SMB,GRMK-DTA,23.52,22
SDJ-SMB,GRMK-SOQ,32.08,30.7
SDJ-SMB,GRMK-XML,12.62,12.8
SDJ-SMB,GRMK-DMT,41.29,34.3
SDJ-SMB,BRIK-STR,20.48,18.1
SDJ-SMB,BRIK-ALS,51.99,42.7
SDJ-SMB,BRIK-GDB,156.08,117.3
SDJ-SMB,BRIK-CKR,26.98,26
SDJ-SMB,BRIK-NRG,7.75,8.9
SDJ-SMB,BRIK-LGK,58.8,48.2
SDJ-SMB,BRIK-BLR,79.07,60.5
SDJ-SMB,BRIK-STL,47.72,42.8
SDJ-SMB,BRIK-KRW,48.8,41.5
SDJ-SMB,BRIK-MTL,43.5,37.5
SDJ-SMB,YMY-BTB,41.58,35.4
SDJ-SMB,GLLR-GLLR,54.04,51.7
SDJ-SMB,CSRR-CSRR,35.39,29.8
SDJ-SMB,MTSJ-MTSJ,28.18,26.2
SDJ-SMB,CST-GLN,29.89,29.2
SDJ-SMB,MBG-MBG,27.98,27
SDJ-SMB,CST-MBG,4.4,8.6
SDJ-SMB,GDK-KGD,18.48,19.7
SDJ-SMB,GDK-SCBD,26.65,24
SDJ-SMB,CST-AYM,31.71,31.2
SDJ-SMB,WTC-WTC,23.85,21.4
SDJ-SMB,FYN-FYN,28.11,26.6
SDJ-SMB,CST-FDC,28.23,27.7
SDJ-SMB,MDS-MDS,29.23,27.1
SDJ-SMB,MDS-SCBD,26.62,24.1
SDJ-SMB,HKN-HKN,7.33,9.3
SDJ-CBS,GDS,32.07,31.9
SDJ-CBS,CRD,6.75,7.5
SDJ-CBS,KJT,10,9.2
SDJ-CBS,BKS,22.71,21
SDJ-CBS,CBR,19.08,20.4
SDJ-CBS,MPG,5.55,7.2
SDJ-CBS,RWG,23.64,20
SDJ-CBS,KBG,21.07,22.4
SDJ-CBS,BSD,23.53,22.7
SDJ-CBS,STB,13.58,15.8
SDJ-CBS,MBS,21.7,21.3
SDJ-CBS,DMT,28.87,26.4
SDJ-CBS,DMG,28.91,26.3
SDJ-CBS,KL_CKG,23.49,22.7
SDJ-CBS,KL_KJ,33.52,28.1
SDJ-CBS,ASTR-ASTR,31.97,29.5
SDJ-CBS,BRW-BRW,7.84,9.8
SDJ-CBS,MGL-MGL,19.85,19.6
SDJ-CBS,WSI-ANCB,19.64,20
SDJ-CBS,WSI-BTS,19.64,20
SDJ-CBS,WSI-PIK,32.59,31.1
SDJ-CBS,WSI-BSD,28.05,24.4
SDJ-CBS,WSI-ANC,25.7,25.3
SDJ-CBS,BKB-BKB,15.55,17
SDJ-CBS,RFS-HANG,13.14,11.6
SDJ-CBS,RFS-WOLT,10,12.7
SDJ-CBS,MBL-MBL,10.25,10.7
SDJ-CBS,ADS-ADS,12.85,14.2
SDJ-CBS,LML-LML,15.06,16.4
SDJ-CBS,HYP-HYP,10.72,12
SDJ-CBS,SDJ-CNRE,9.93,13.2
SDJ-CBS,SDJ-SDJE,3.41,6.6
SDJ-CBS,SDJ-PSBC,17.3,18.1
SDJ-CBS,SDJ-SCBD,10.63,11.7
SDJ-CBS,SDJ-BNTR,13.72,14.2
SDJ-CBS,SDJ-CJTA,8.65,9.6
SDJ-CBS,SDJ-PJTN,3.68,6.9
SDJ-CBS,SDJ-CBLH,13.51,13.8
SDJ-CBS,SDJ-KTBT,23.9,21.1
SDJ-CBS,SDJ-ODSS,11.12,12.4
SDJ-CBS,SDJ-SOET,13.51,13.8
SDJ-CBS,SDJ-SMB,28.92,29
SDJ-CBS,SDJ-CBS,0,0
SDJ-CBS,SDJ-PIM,8.65,9
SDJ-CBS,SDJ-CBN,13.51,13.8
SDJ-CBS,SDJ-BLV,7.93,9.6
SDJ-CBS,BFL-BFL,16.8,17.6
SDJ-CBS,BFL-KBY,10.4,11.1
SDJ-CBS,DCGL-BAR,23.2,23.2
SDJ-CBS,DCGS-BAR,30.43,29.7
SDJ-CBS,DCGL-KITC,23.2,23.2
SDJ-CBS,DCGS-KITC,23.2,23.2
SDJ-CBS,DCBM-BAR,9.24,9.8
SDJ-CBS,DCBM-KITC,9.24,9.8
SDJ-CBS,MXW-PGJ,20.23,21.4
SDJ-CBS,MXW-KGD,27.32,22.3
SDJ-CBS,PPY-MTG,14.38,16.1
SDJ-CBS,PPY-CTW,12.9,14.6
SDJ-CBS,PPY-PI,8.25,8
SDJ-CBS,PPY-GDS,32.31,31.8
SDJ-CBS,TRF-TRF,5.44,6.1
SDJ-CBS,TRF-CNRE,11.06,14
SDJ-CBS,JOEL-JOEL,9.9,12.7
SDJ-CBS,HMD-HMD,13.51,13.8
SDJ-CBS,GO_PPL,7.73,8.2
SDJ-CBS,GO_TBT,12.09,14.3
SDJ-CBS,MDV-KBY,10.25,10.9
SDJ-CBS,MDV-KGD,26.98,23.5
SDJ-CBS,MDV-PURI,19.61,19.7
SDJ-CBS,MDV-PDI,6.19,6.2
SDJ-CBS,MDV-BNTR,11.3,12.3
SDJ-CBS,MDV-PDHB,24.76,27.3
SDJ-CBS,MDV-GRVY,8.83,8.5
SDJ-CBS,SPHS-SPHS,13.65,14.3
SDJ-CBS,DRSR-DRSR,14.4,15.8
SDJ-CBS,EXP-EXP,11.63,13.2
SDJ-CBS,EXP-AEON,28.4,26.5
SDJ-CBS,HHP-HHP,11.39,13
SDJ-CBS,GDL-BSD,29.41,29.4
SDJ-CBS,GDL-PIK,31.79,29.5
SDJ-CBS,GDL-MOI,26.86,24.8
SDJ-CBS,GDL-KHI,33.18,27.8
SDJ-CBS,GDL-RDL,9.85,9.5
SDJ-CBS,GDL-PRGN,20.64,20.4
SDJ-CBS,GDL-CNRE,9.15,11.2
SDJ-CBS,GDL-PURI,20.16,20.1
SDJ-CBS,GDL-ANC,23.33,25.3
SDJ-CBS,GDL-GLC,22.75,23.6
SDJ-CBS,GDL-SCBD,11.64,12.9
SDJ-CBS,DDF-DDF,15.84,16.7
SDJ-CBS,FDMX-VDLM,6.94,8.6
SDJ-CBS,JIN-RST,27.3,22.1
SDJ-CBS,JIN-CKC,20.22,21.4
SDJ-CBS,PDLM-PDLM,10.04,12.1
SDJ-CBS,GOF-GD,37.13,33.2
SDJ-CBS,SMI-SMI,12.78,14.2
SDJ-CBS,CST-RTIW,16.24,15.6
SDJ-CBS,GRMK-PSQ,5.08,5.5
SDJ-CBS,GRMK-CBN,25.39,23.7
SDJ-CBS,GRMK-JUN,28.13,25.4
SDJ-CBS,GRMK-KMY,18.4,19.5
SDJ-CBS,GRMK-TJD,18.06,18.1
SDJ-CBS,GRMK-VTR,8.82,9.3
SDJ-CBS,GRMK-STBD,13.18,15.1
SDJ-CBS,GRMK-FTM,4.33,5.2
SDJ-CBS,GRMK-MRY,20.36,18.4
SDJ-CBS,GRMK-DWS,18.2,17.7
SDJ-CBS,GRMK-CBR,17.83,18.3
SDJ-CBS,GRMK-EMP,22.04,20.5
SDJ-CBS,GRMK-CMP,23.02,19.6
SDJ-CBS,GRMK-LRT,28.58,24.6
SDJ-CBS,GRMK-BSD,26.41,25.3
SDJ-CBS,GRMK-GRH,22.09,21.8
SDJ-CBS,GRMK-CPNG,18.48,16.2
SDJ-CBS,GRMK-PLM,16.3,14.8
SDJ-CBS,GRMK-DTA,7.25,9.2
SDJ-CBS,GRMK-SOQ,6.02,6.6
SDJ-CBS,GRMK-XML,23.08,20.6
SDJ-CBS,GRMK-DMT,23.03,22.2
SDJ-CBS,BRIK-STR,25.58,20.3
SDJ-CBS,BRIK-ALS,30.98,28.3
SDJ-CBS,BRIK-GDB,171.34,129.7
SDJ-CBS,BRIK-CKR,49.2,44.1
SDJ-CBS,BRIK-NRG,22.3,20.9
SDJ-CBS,BRIK-LGK,37.78,33.8
SDJ-CBS,BRIK-BLR,58.05,46.1
SDJ-CBS,BRIK-STL,38.41,33.9
SDJ-CBS,BRIK-KRW,70.36,57.2
SDJ-CBS,BRIK-MTL,22.49,23.1
SDJ-CBS,YMY-BTB,23.31,23.1
SDJ-CBS,GLLR-GLLR,27.97,27.6
SDJ-CBS,CSRR-CSRR,23.19,21.6
SDJ-CBS,MTSJ-MTSJ,12.83,14.6
SDJ-CBS,CST-GLN,8.96,9
SDJ-CBS,MBG-MBG,4.65,7.5
SDJ-CBS,CST-MBG,31.1,28.7
SDJ-CBS,GDK-KGD,27.95,23.2
SDJ-CBS,GDK-SCBD,11.3,12.5
SDJ-CBS,CST-AYM,8.4,12.2
SDJ-CBS,WTC-WTC,16.06,17.3
SDJ-CBS,FYN-FYN,11.18,10.2
SDJ-CBS,CST-FDC,15.11,16.1
SDJ-CBS,MDS-MDS,14.67,14.2
SDJ-CBS,MDS-SCBD,11.36,12.2
SDJ-CBS,HKN-HKN,21.31,20.2
SDJ-PIM,GDS,26.93,28.8
SDJ-PIM,CRD,5.91,6.2
SDJ-PIM,KJT,16.67,13.5
SDJ-PIM,BKS,29.39,25.3
SDJ-PIM,CBR,25.75,24.6
SDJ-PIM,MPG,12.22,11.4
SDJ-PIM,RWG,21.47,20.5
SDJ-PIM,KBG,14.43,15.2
SDJ-PIM,BSD,21.59,20.6
SDJ-PIM,STB,13.7,12.9
SDJ-PIM,MBS,17.28,15.7
SDJ-PIM,DMT,24.88,21.2
SDJ-PIM,DMG,24.92,21
SDJ-PIM,KL_CKG,19.5,17.4
SDJ-PIM,KL_KJ,30.26,28.4
SDJ-PIM,ASTR-ASTR,38.64,33.7
SDJ-PIM,BRW-BRW,10.34,13.1
SDJ-PIM,MGL-MGL,15.42,13.9
SDJ-PIM,WSI-ANCB,15.22,14.4
SDJ-PIM,WSI-BTS,15.22,14.4
SDJ-PIM,WSI-PIK,28.18,25.6
SDJ-PIM,WSI-BSD,19.32,20.9
SDJ-PIM,WSI-ANC,21.27,19.6
SDJ-PIM,BKB-BKB,11.73,13.5
SDJ-PIM,RFS-HANG,5.33,5.2
SDJ-PIM,RFS-WOLT,6.02,9.1
SDJ-PIM,MBL-MBL,5.68,7.3
SDJ-PIM,ADS-ADS,9.37,9.6
SDJ-PIM,LML-LML,11.25,12.8
SDJ-PIM,HYP-HYP,10.04,11.9
SDJ-PIM,SDJ-CNRE,14.59,16.6
SDJ-PIM,SDJ-SDJE,10.08,10.9
SDJ-PIM,SDJ-PSBC,15.76,14.1
SDJ-PIM,SDJ-SCBD,7.01,9.4
SDJ-PIM,SDJ-BNTR,11.78,12.1
SDJ-PIM,SDJ-CJTA,15.32,13.9
SDJ-PIM,SDJ-PJTN,10.35,11.1
SDJ-PIM,SDJ-CBLH,11.57,11.7
SDJ-PIM,SDJ-KTBT,24.38,24
SDJ-PIM,SDJ-ODSS,6.24,8.3
SDJ-PIM,SDJ-SOET,11.57,11.7
SDJ-PIM,SDJ-SMB,30.26,30.4
SDJ-PIM,SDJ-CBS,7.51,7.6
SDJ-PIM,SDJ-PIM,0,0
SDJ-PIM,SDJ-CBN,11.57,11.7
SDJ-PIM,SDJ-BLV,7.12,7.7
SDJ-PIM,BFL-BFL,23.47,21.8
SDJ-PIM,BFL-KBY,5.11,7
SDJ-PIM,DCGL-BAR,21.14,19.4
SDJ-PIM,DCGS-BAR,25.54,26.2
SDJ-PIM,DCGL-KITC,21.14,19.4
SDJ-PIM,DCGS-KITC,21.14,19.4
SDJ-PIM,DCBM-BAR,4.15,5.6
SDJ-PIM,DCBM-KITC,4.15,5.6
SDJ-PIM,MXW-PGJ,18.68,17.4
SDJ-PIM,MXW-KGD,24.06,22.7
SDJ-PIM,PPY-MTG,12.26,12.9
SDJ-PIM,PPY-CTW,9.42,10
SDJ-PIM,PPY-PI,1.28,2.1
SDJ-PIM,PPY-GDS,26.79,28.4
SDJ-PIM,TRF-TRF,7.37,7
SDJ-PIM,TRF-CNRE,11.44,13.3
SDJ-PIM,JOEL-JOEL,6.99,9.7
SDJ-PIM,HMD-HMD,11.57,11.7
SDJ-PIM,GO_PPL,3.55,5.1
SDJ-PIM,GO_TBT,12.06,14.4
SDJ-PIM,MDV-KBY,4.97,6.8
SDJ-PIM,MDV-KGD,23.75,23.8
SDJ-PIM,MDV-PURI,14.79,14.6
SDJ-PIM,MDV-PDI,2.73,2.8
SDJ-PIM,MDV-BNTR,7.49,8.7
SDJ-PIM,MDV-PDHB,23.22,23.3
SDJ-PIM,MDV-GRVY,0.81,1.9
SDJ-PIM,SPHS-SPHS,9.58,9.1
SDJ-PIM,DRSR-DRSR,13.36,13.9
SDJ-PIM,EXP-EXP,8.14,8.7
SDJ-PIM,EXP-AEON,21.2,23
SDJ-PIM,HHP-HHP,6.5,9
SDJ-PIM,GDL-BSD,24.49,26
SDJ-PIM,GDL-PIK,27.37,24
SDJ-PIM,GDL-MOI,23.6,25.1
SDJ-PIM,GDL-KHI,31.01,28.2
SDJ-PIM,GDL-RDL,1.84,3
SDJ-PIM,GDL-PRGN,16.22,14.7
SDJ-PIM,GDL-CNRE,9.52,10.5
SDJ-PIM,GDL-PURI,15.34,14.9
SDJ-PIM,GDL-ANC,23.98,21
SDJ-PIM,GDL-GLC,20.7,19.8
SDJ-PIM,GDL-SCBD,6.87,9.4
SDJ-PIM,DDF-DDF,12.03,13.2
SDJ-PIM,FDMX-VDLM,7.03,7.5
SDJ-PIM,JIN-RST,24.05,22.5
SDJ-PIM,JIN-CKC,18.67,17.4
SDJ-PIM,PDLM-PDLM,9.83,9.9
SDJ-PIM,GOF-GD,32.71,27.7
SDJ-PIM,SMI-SMI,9.29,9.6
SDJ-PIM,CST-RTIW,20.89,19
SDJ-PIM,GRMK-PSQ,7.01,6.4
SDJ-PIM,GRMK-CBN,32.07,27.9
SDJ-PIM,GRMK-JUN,30.18,27.9
SDJ-PIM,GRMK-KMY,16.86,15.5
SDJ-PIM,GRMK-TJD,13.64,12.4
SDJ-PIM,GRMK-VTR,5,5.8
SDJ-PIM,GRMK-STBD,13.11,12.9
SDJ-PIM,GRMK-FTM,6.2,6
SDJ-PIM,GRMK-MRY,12.55,12.1
SDJ-PIM,GRMK-DWS,22.85,21.1
SDJ-PIM,GRMK-CBR,24.5,22.6
SDJ-PIM,GRMK-EMP,17.62,14.8
SDJ-PIM,GRMK-CMP,20.83,20.1
SDJ-PIM,GRMK-LRT,25.35,24.8
SDJ-PIM,GRMK-BSD,24.47,23.2
SDJ-PIM,GRMK-GRH,17.44,18.6
SDJ-PIM,GRMK-CPNG,17.13,17.4
SDJ-PIM,GRMK-PLM,8.48,8.5
SDJ-PIM,GRMK-DTA,11.29,13.2
SDJ-PIM,GRMK-SOQ,4.12,4.6
SDJ-PIM,GRMK-XML,21.73,21.8
SDJ-PIM,GRMK-DMT,19.04,16.9
SDJ-PIM,BRIK-STR,22.32,20.7
SDJ-PIM,BRIK-ALS,28.92,24.5
SDJ-PIM,BRIK-GDB,178.01,134
SDJ-PIM,BRIK-CKR,49.45,45.4
SDJ-PIM,BRIK-NRG,28.97,25.1
SDJ-PIM,BRIK-LGK,35.73,30
SDJ-PIM,BRIK-BLR,56,42.3
SDJ-PIM,BRIK-STL,45.08,38.2
SDJ-PIM,BRIK-KRW,70.61,58.5
SDJ-PIM,BRIK-MTL,20.43,19.3
SDJ-PIM,YMY-BTB,19.33,18
SDJ-PIM,GLLR-GLLR,20.77,24
SDJ-PIM,CSRR-CSRR,18.77,15.9
SDJ-PIM,MTSJ-MTSJ,9.34,10
SDJ-PIM,CST-GLN,0.94,2.4
SDJ-PIM,MBG-MBG,11.32,11.7
SDJ-PIM,CST-MBG,29.42,30
SDJ-PIM,GDK-KGD,24.69,23.5
SDJ-PIM,GDK-SCBD,9.06,9.1
SDJ-PIM,CST-AYM,15.07,16.4
SDJ-PIM,WTC-WTC,15.84,15.1
SDJ-PIM,FYN-FYN,3.37,3.8
SDJ-PIM,CST-FDC,7.3,9.7
SDJ-PIM,MDS-MDS,6.85,7.9
SDJ-PIM,MDS-SCBD,6.12,8
SDJ-PIM,HKN-HKN,27.98,24.4
SDJ-CBN,GDS,19.23,20.6
SDJ-CBN,CRD,11.91,11.5
SDJ-CBN,KJT,22.76,18.8
SDJ-CBN,BKS,35.47,30.6
SDJ-CBN,CBR,31.84,29.9
SDJ-CBN,MPG,18.31,16.7
SDJ-CBN,RWG,36.4,29.6
SDJ-CBN,KBG,19.48,23.2
SDJ-CBN,BSD,11.48,13.3
SDJ-CBN,STB,25.46,22.5
SDJ-CBN,MBS,29.03,25.3
SDJ-CBN,DMT,24,27.2
SDJ-CBN,DMG,24.04,27.1
SDJ-CBN,KL_CKG,20.92,22.5
SDJ-CBN,KL_KJ,46.28,37.6
SDJ-CBN,ASTR-ASTR,39.45,33.1
SDJ-CBN,BRW-BRW,20.6,19.3
SDJ-CBN,MGL-MGL,27.18,23.5
SDJ-CBN,WSI-ANCB,26.97,24
SDJ-CBN,WSI-BTS,26.97,24
SDJ-CBN,WSI-PIK,29.13,33.1
SDJ-CBN,WSI-BSD,12.19,13.3
SDJ-CBN,WSI-ANC,33.03,29.2
SDJ-CBN,BKB-BKB,3.8,5.2
SDJ-CBN,RFS-HANG,17.08,14.8
SDJ-CBN,RFS-WOLT,17.98,18.9
SDJ-CBN,MBL-MBL,18.31,16.8
SDJ-CBN,ADS-ADS,21.12,19.2
SDJ-CBN,LML-LML,3.31,4.5
SDJ-CBN,HYP-HYP,23.48,21.5
SDJ-CBN,SDJ-CNRE,15.77,18.1
SDJ-CBN,SDJ-SDJE,16.17,16.2
SDJ-CBN,SDJ-PSBC,27.52,23.6
SDJ-CBN,SDJ-SCBD,21.17,19.2
SDJ-CBN,SDJ-BNTR,0.22,0.4
SDJ-CBN,SDJ-CJTA,21.41,19.2
SDJ-CBN,SDJ-PJTN,16.44,16.4
SDJ-CBN,SDJ-CBLH,0,0
SDJ-CBN,SDJ-KTBT,36.66,30.6
SDJ-CBN,SDJ-ODSS,18.2,18.1
SDJ-CBN,SDJ-SOET,0,0
SDJ-CBN,SDJ-SMB,41.68,38.6
SDJ-CBN,SDJ-CBS,13.6,12.9
SDJ-CBN,SDJ-PIM,12.59,12.3
SDJ-CBN,SDJ-CBN,0,0
SDJ-CBN,SDJ-BLV,8.64,9.9
SDJ-CBN,BFL-BFL,23.72,21.4
SDJ-CBN,BFL-KBY,17.07,16.8
SDJ-CBN,DCGL-BAR,17.47,19.2
SDJ-CBN,DCGS-BAR,17.83,18
SDJ-CBN,DCGL-KITC,17.47,19.2
SDJ-CBN,DCGS-KITC,17.47,19.2
SDJ-CBN,DCBM-BAR,16.11,15.4
SDJ-CBN,DCBM-KITC,16.11,15.4
SDJ-CBN,MXW-PGJ,30.44,27
SDJ-CBN,MXW-KGD,40.08,31.9
SDJ-CBN,PPY-MTG,24.02,22.5
SDJ-CBN,PPY-CTW,21.17,19.6
SDJ-CBN,PPY-PI,12.2,11.3
SDJ-CBN,PPY-GDS,19.09,20.2
SDJ-CBN,TRF-TRF,13.46,12.3
SDJ-CBN,TRF-CNRE,15.22,17.1
SDJ-CBN,JOEL-JOEL,18.95,19.5
SDJ-CBN,HMD-HMD,0,0
SDJ-CBN,GO_PPL,15.69,14.2
SDJ-CBN,GO_TBT,24.85,23.8
SDJ-CBN,MDV-KBY,16.92,16.6
SDJ-CBN,MDV-KGD,39.74,33
SDJ-CBN,MDV-PURI,18.1,20.7
SDJ-CBN,MDV-PDI,10.13,9.4
SDJ-CBN,MDV-BNTR,6.95,7.4
SDJ-CBN,MDV-PDHB,34.97,32.9
SDJ-CBN,MDV-GRVY,12.77,11.7
SDJ-CBN,SPHS-SPHS,21.34,18.7
SDJ-CBN,DRSR-DRSR,25.12,23.5
SDJ-CBN,EXP-EXP,19.9,18.3
SDJ-CBN,EXP-AEON,13.49,14.8
SDJ-CBN,HHP-HHP,18.46,18.8
SDJ-CBN,GDL-BSD,16.79,17.8
SDJ-CBN,GDL-PIK,28.32,31.4
SDJ-CBN,GDL-MOI,39.62,34.3
SDJ-CBN,GDL-KHI,45.94,37.3
SDJ-CBN,GDL-RDL,13.8,12.8
SDJ-CBN,GDL-PRGN,27.98,24.3
SDJ-CBN,GDL-CNRE,16.2,17.5
SDJ-CBN,GDL-PURI,17.46,19.6
SDJ-CBN,GDL-ANC,35.74,30.6
SDJ-CBN,GDL-GLC,17.02,19.5
SDJ-CBN,GDL-SCBD,21.16,19.1
SDJ-CBN,DDF-DDF,4.64,5.5
SDJ-CBN,FDMX-VDLM,13.04,12.9
SDJ-CBN,JIN-RST,40.06,31.7
SDJ-CBN,JIN-CKC,30.43,27
SDJ-CBN,PDLM-PDLM,21.58,19.5
SDJ-CBN,GOF-GD,32.85,34
SDJ-CBN,SMI-SMI,21.05,19.2
SDJ-CBN,CST-RTIW,19.76,19.4
SDJ-CBN,GRMK-PSQ,13.1,11.7
SDJ-CBN,GRMK-CBN,32.87,27.3
SDJ-CBN,GRMK-JUN,40.89,35
SDJ-CBN,GRMK-KMY,28.62,25.1
SDJ-CBN,GRMK-TJD,25.39,22
SDJ-CBN,GRMK-VTR,8.92,9.5
SDJ-CBN,GRMK-STBD,24.87,22.5
SDJ-CBN,GRMK-FTM,12.29,11.3
SDJ-CBN,GRMK-MRY,19,20.9
SDJ-CBN,GRMK-DWS,21.72,21.5
SDJ-CBN,GRMK-CBR,30.59,27.8
SDJ-CBN,GRMK-EMP,29.38,24.4
SDJ-CBN,GRMK-CMP,35.78,29.2
SDJ-CBN,GRMK-LRT,41.34,34.1
SDJ-CBN,GRMK-BSD,13.95,14.5
SDJ-CBN,GRMK-GRH,13.7,14.5
SDJ-CBN,GRMK-CPNG,31.24,25.7
SDJ-CBN,GRMK-PLM,20.24,18.1
SDJ-CBN,GRMK-DTA,20.01,18.8
SDJ-CBN,GRMK-SOQ,10.21,9.8
SDJ-CBN,GRMK-XML,35.84,30.1
SDJ-CBN,GRMK-DMT,21.84,23.3
SDJ-CBN,BRIK-STR,38.34,29.8
SDJ-CBN,BRIK-ALS,16.44,17.1
SDJ-CBN,BRIK-GDB,175.63,135.2
SDJ-CBN,BRIK-CKR,61.96,53.7
SDJ-CBN,BRIK-NRG,35.06,30.4
SDJ-CBN,BRIK-LGK,23.91,23.6
SDJ-CBN,BRIK-BLR,49.69,41.7
SDJ-CBN,BRIK-STL,45.39,37.8
SDJ-CBN,BRIK-KRW,83.12,66.8
SDJ-CBN,BRIK-MTL,16.76,19.1
SDJ-CBN,YMY-BTB,20.02,22.4
SDJ-CBN,GLLR-GLLR,13.06,15.8
SDJ-CBN,CSRR-CSRR,30.53,25.5
SDJ-CBN,MTSJ-MTSJ,21.1,19.6
SDJ-CBN,CST-GLN,12.9,12.2
SDJ-CBN,MBG-MBG,17.41,17
SDJ-CBN,CST-MBG,43.86,38.2
SDJ-CBN,GDK-KGD,40.71,32.7
SDJ-CBN,GDK-SCBD,20.82,18.7
SDJ-CBN,CST-AYM,21.16,21.7
SDJ-CBN,WTC-WTC,27.59,24.7
SDJ-CBN,FYN-FYN,15.12,13.4
SDJ-CBN,CST-FDC,19.05,19.3
SDJ-CBN,MDS-MDS,18.61,17.5
SDJ-CBN,MDS-SCBD,18.08,17.8
SDJ-CBN,HKN-HKN,34.07,29.7
SDJ-BLV,GDS,26.1,27.4
SDJ-BLV,CRD,1.23,2.3
SDJ-BLV,KJT,16.92,15.1
SDJ-BLV,BKS,29.63,26.9
SDJ-BLV,CBR,26,26.2
SDJ-BLV,MPG,12.47,13
SDJ-BLV,RWG,30.56,25.9
SDJ-BLV,KBG,19.41,22
SDJ-BLV,BSD,17.56,18.2
SDJ-BLV,STB,19.86,18.8
SDJ-BLV,MBS,23.44,21.6
SDJ-BLV,DMT,27.21,26
SDJ-BLV,DMG,27.25,25.8
SDJ-BLV,KL_CKG,21.83,22.2
SDJ-BLV,KL_KJ,40.44,33.9
SDJ-BLV,ASTR-ASTR,35.67,31.9
SDJ-BLV,BRW-BRW,14.75,15.6
SDJ-BLV,MGL-MGL,21.58,19.8
SDJ-BLV,WSI-ANCB,21.38,20.2
SDJ-BLV,WSI-BTS,21.38,20.2
SDJ-BLV,WSI-PIK,28.66,31
SDJ-BLV,WSI-BSD,22.07,19.9
SDJ-BLV,WSI-ANC,27.43,25.5
SDJ-BLV,BKB-BKB,10.1,13
SDJ-BLV,RFS-HANG,11.49,11.1
SDJ-BLV,RFS-WOLT,12.38,15.2
SDJ-BLV,MBL-MBL,12.47,13.1
SDJ-BLV,ADS-ADS,15.53,15.5
SDJ-BLV,LML-LML,9.61,12.3
SDJ-BLV,HYP-HYP,17.64,17.8
SDJ-BLV,SDJ-CNRE,7.86,11.6
SDJ-BLV,SDJ-SDJE,10.33,12.5
SDJ-BLV,SDJ-PSBC,21.92,19.9
SDJ-BLV,SDJ-SCBD,15.57,15.5
SDJ-BLV,SDJ-BNTR,7.75,9.7
SDJ-BLV,SDJ-CJTA,15.57,15.5
SDJ-BLV,SDJ-PJTN,10.6,12.7
SDJ-BLV,SDJ-CBLH,7.53,9.3
SDJ-BLV,SDJ-KTBT,30.82,26.9
SDJ-BLV,SDJ-ODSS,12.6,14.4
SDJ-BLV,SDJ-SOET,7.53,9.3
SDJ-BLV,SDJ-SMB,35.83,34.9
SDJ-BLV,SDJ-CBS,7.76,9.2
SDJ-BLV,SDJ-PIM,6.99,8.6
SDJ-BLV,SDJ-CBN,7.53,9.3
SDJ-BLV,SDJ-BLV,0,0
SDJ-BLV,BFL-BFL,19.94,20.3
SDJ-BLV,BFL-KBY,11.47,13.1
SDJ-BLV,DCGL-BAR,21.54,22.8
SDJ-BLV,DCGS-BAR,24.46,25.2
SDJ-BLV,DCGL-KITC,21.54,22.8
SDJ-BLV,DCGS-KITC,21.54,22.8
SDJ-BLV,DCBM-BAR,10.51,11.7
SDJ-BLV,DCBM-KITC,10.51,11.7
SDJ-BLV,MXW-PGJ,24.84,23.3
SDJ-BLV,MXW-KGD,34.23,28.2
SDJ-BLV,PPY-MTG,18.42,18.8
SDJ-BLV,PPY-CTW,15.58,15.9
SDJ-BLV,PPY-PI,6.6,7.6
SDJ-BLV,PPY-GDS,26.34,27.3
SDJ-BLV,TRF-TRF,3.04,4.8
SDJ-BLV,TRF-CNRE,6.35,9.8
SDJ-BLV,JOEL-JOEL,13.35,15.8
SDJ-BLV,HMD-HMD,7.53,9.3
SDJ-BLV,GO_PPL,9.85,10.5
SDJ-BLV,GO_TBT,19,20.1
SDJ-BLV,MDV-KBY,11.33,12.9
SDJ-BLV,MDV-KGD,33.9,29.3
SDJ-BLV,MDV-PURI,17.96,19.3
SDJ-BLV,MDV-PDI,4.54,5.7
SDJ-BLV,MDV-BNTR,7.77,10.2
SDJ-BLV,MDV-PDHB,29.38,29.2
SDJ-BLV,MDV-GRVY,7.17,8
SDJ-BLV,SPHS-SPHS,15.74,15
SDJ-BLV,DRSR-DRSR,19.52,19.8
SDJ-BLV,EXP-EXP,14.3,14.6
SDJ-BLV,EXP-AEON,22.42,22
SDJ-BLV,HHP-HHP,12.87,15.1
SDJ-BLV,GDL-BSD,23.43,25
SDJ-BLV,GDL-PIK,27.86,29.4
SDJ-BLV,GDL-MOI,33.78,30.6
SDJ-BLV,GDL-KHI,40.1,33.6
SDJ-BLV,GDL-RDL,8.2,9.1
SDJ-BLV,GDL-PRGN,22.38,20.6
SDJ-BLV,GDL-CNRE,6.33,9.1
SDJ-BLV,GDL-PURI,18.51,19.6
SDJ-BLV,GDL-ANC,30.14,26.9
SDJ-BLV,GDL-GLC,21.09,23.1
SDJ-BLV,GDL-SCBD,15.56,15.4
SDJ-BLV,DDF-DDF,10.94,13.4
SDJ-BLV,FDMX-VDLM,3.66,5.3
SDJ-BLV,JIN-RST,34.22,27.9
SDJ-BLV,JIN-CKC,24.83,23.3
SDJ-BLV,PDLM-PDLM,15.99,15.8
SDJ-BLV,GOF-GD,38.87,33.6
SDJ-BLV,SMI-SMI,15.45,15.5
SDJ-BLV,CST-RTIW,15.1,17.4
SDJ-BLV,GRMK-PSQ,3.42,5
SDJ-BLV,GRMK-CBN,29.1,26.1
SDJ-BLV,GRMK-JUN,35.05,31.3
SDJ-BLV,GRMK-KMY,23.02,21.4
SDJ-BLV,GRMK-TJD,19.8,18.3
SDJ-BLV,GRMK-VTR,5.88,7.5
SDJ-BLV,GRMK-STBD,19.27,18.8
SDJ-BLV,GRMK-FTM,6.45,7.6
SDJ-BLV,GRMK-MRY,18.71,18
SDJ-BLV,GRMK-DWS,17.06,19.5
SDJ-BLV,GRMK-CBR,24.74,24.1
SDJ-BLV,GRMK-EMP,23.78,20.7
SDJ-BLV,GRMK-CMP,29.94,25.5
SDJ-BLV,GRMK-LRT,35.5,30.4
SDJ-BLV,GRMK-BSD,20.43,20.8
SDJ-BLV,GRMK-GRH,20.44,21.3
SDJ-BLV,GRMK-CPNG,25.39,22
SDJ-BLV,GRMK-PLM,14.64,14.4
SDJ-BLV,GRMK-DTA,14.17,15.1
SDJ-BLV,GRMK-SOQ,4.37,6.1
SDJ-BLV,GRMK-XML,30,26.4
SDJ-BLV,GRMK-DMT,21.38,21.7
SDJ-BLV,BRIK-STR,32.49,26.1
SDJ-BLV,BRIK-ALS,24.31,24.6
SDJ-BLV,BRIK-GDB,174.38,134.3
SDJ-BLV,BRIK-CKR,56.12,50
SDJ-BLV,BRIK-NRG,29.21,26.7
SDJ-BLV,BRIK-LGK,32.84,30.8
SDJ-BLV,BRIK-BLR,56.4,45.6
SDJ-BLV,BRIK-STL,41.61,36.7
SDJ-BLV,BRIK-KRW,77.28,63.1
SDJ-BLV,BRIK-MTL,20.83,22.6
SDJ-BLV,YMY-BTB,21.66,22.7
SDJ-BLV,GLLR-GLLR,22,23.1
SDJ-BLV,CSRR-CSRR,24.93,21.8
SDJ-BLV,MTSJ-MTSJ,15.5,15.9
SDJ-BLV,CST-GLN,7.3,8.5
SDJ-BLV,MBG-MBG,11.57,13.3
SDJ-BLV,CST-MBG,38.02,34.5
SDJ-BLV,GDK-KGD,34.86,29
SDJ-BLV,GDK-SCBD,15.23,15
SDJ-BLV,CST-AYM,11.87,16.5
SDJ-BLV,WTC-WTC,22,21
SDJ-BLV,FYN-FYN,9.53,9.7
SDJ-BLV,CST-FDC,13.46,15.6
SDJ-BLV,MDS-MDS,13.01,13.8
SDJ-BLV,MDS-SCBD,12.48,14.1
SDJ-BLV,HKN-HKN,28.23,26
BFL-BFL,GDS,33.23,29.3
BFL-BFL,CRD,17.13,17.1
BFL-BFL,KJT,17.05,12.4
BFL-BFL,BKS,29.77,24.4
BFL-BFL,CBR,17.01,18.1
BFL-BFL,MPG,16.8,16.7
BFL-BFL,RWG,30.69,23.2
BFL-BFL,KBG,34.03,32.3
BFL-BFL,BSD,25.48,22
BFL-BFL,STB,22.96,22.1
BFL-BFL,MBS,34.74,29.4
BFL-BFL,DMT,42.98,35.3
BFL-BFL,DMG,43.02,35.1
BFL-BFL,KL_CKG,37.6,31.6
BFL-BFL,KL_KJ,40.57,31.2
BFL-BFL,ASTR-ASTR,20.22,15.9
BFL-BFL,BRW-BRW,16.38,15.8
BFL-BFL,MGL-MGL,32.92,27.6
BFL-BFL,WSI-ANCB,33.07,27.9
BFL-BFL,WSI-BTS,33.07,27.9
BFL-BFL,WSI-PIK,43.8,39.3
BFL-BFL,WSI-BSD,27.14,21.3
BFL-BFL,WSI-ANC,37.17,32.9
BFL-BFL,BKB-BKB,24.84,20.6
BFL-BFL,RFS-HANG,26.1,21.4
BFL-BFL,RFS-WOLT,22.28,21.7
BFL-BFL,MBL-MBL,21.22,19.2
BFL-BFL,ADS-ADS,24.06,22.4
BFL-BFL,LML-LML,24.35,19.9
BFL-BFL,HYP-HYP,21.92,20.6
BFL-BFL,SDJ-CNRE,12.65,12.8
BFL-BFL,SDJ-SDJE,15.78,16.9
BFL-BFL,SDJ-PSBC,27.27,26.3
BFL-BFL,SDJ-SCBD,21.83,19.9
BFL-BFL,SDJ-BNTR,20.08,17.6
BFL-BFL,SDJ-CJTA,12.1,9.3
BFL-BFL,SDJ-PJTN,16.47,17.8
BFL-BFL,SDJ-CBLH,19.87,17.2
BFL-BFL,SDJ-KTBT,30.95,24.5
BFL-BFL,SDJ-ODSS,22.33,20.6
BFL-BFL,SDJ-SOET,19.87,17.2
BFL-BFL,SDJ-SMB,35.97,32.4
BFL-BFL,SDJ-CBS,15.68,16.2
BFL-BFL,SDJ-PIM,21.6,18.9
BFL-BFL,SDJ-CBN,19.87,17.2
BFL-BFL,SDJ-BLV,16.52,17
BFL-BFL,BFL-BFL,0,0
BFL-BFL,BFL-KBY,21.37,19.6
BFL-BFL,DCGL-BAR,37.75,32.6
BFL-BFL,DCGS-BAR,31.83,26.8
BFL-BFL,DCGL-KITC,37.75,32.6
BFL-BFL,DCGS-KITC,37.75,32.6
BFL-BFL,DCBM-BAR,20.92,18.7
BFL-BFL,DCBM-KITC,20.92,18.7
BFL-BFL,MXW-PGJ,33.3,27.8
BFL-BFL,MXW-KGD,34.37,25.5
BFL-BFL,PPY-MTG,25.57,24.7
BFL-BFL,PPY-CTW,24.11,22.8
BFL-BFL,PPY-PI,21.21,17.9
BFL-BFL,PPY-GDS,33.09,28.9
BFL-BFL,TRF-TRF,18.4,15.9
BFL-BFL,TRF-CNRE,12.1,11.8
BFL-BFL,JOEL-JOEL,21.55,21.7
BFL-BFL,HMD-HMD,19.87,17.2
BFL-BFL,GO_PPL,20.68,18
BFL-BFL,GO_TBT,20.42,19.9
BFL-BFL,MDV-KBY,21.23,19.4
BFL-BFL,MDV-KGD,34.03,26.7
BFL-BFL,MDV-PURI,32.57,29.6
BFL-BFL,MDV-PDI,19.15,16
BFL-BFL,MDV-BNTR,26.75,21.5
BFL-BFL,MDV-PDHB,38.48,30.8
BFL-BFL,MDV-GRVY,21.78,18.3
BFL-BFL,SPHS-SPHS,24.86,22.5
BFL-BFL,DRSR-DRSR,25.59,24.4
BFL-BFL,EXP-EXP,22.83,21.5
BFL-BFL,EXP-AEON,27.49,23.5
BFL-BFL,HHP-HHP,22.59,21.3
BFL-BFL,GDL-BSD,30.79,26.5
BFL-BFL,GDL-PIK,42.99,37.7
BFL-BFL,GDL-MOI,33.91,27.9
BFL-BFL,GDL-KHI,40.23,31
BFL-BFL,GDL-RDL,22.81,19.4
BFL-BFL,GDL-PRGN,31.84,28.6
BFL-BFL,GDL-CNRE,13.08,12.2
BFL-BFL,GDL-PURI,33.12,29.9
BFL-BFL,GDL-ANC,36.4,31.7
BFL-BFL,GDL-GLC,37.54,32.7
BFL-BFL,GDL-SCBD,22.84,21.2
BFL-BFL,DDF-DDF,25.68,20.9
BFL-BFL,FDMX-VDLM,15.28,14.3
BFL-BFL,JIN-RST,34.35,25.3
BFL-BFL,JIN-CKC,33.3,27.8
BFL-BFL,PDLM-PDLM,21.24,20.7
BFL-BFL,GOF-GD,48.33,41.4
BFL-BFL,SMI-SMI,23.98,22.4
BFL-BFL,CST-RTIW,6.87,6.5
BFL-BFL,GRMK-PSQ,18.03,15.4
BFL-BFL,GRMK-CBN,13.65,10.1
BFL-BFL,GRMK-JUN,35.18,28.8
BFL-BFL,GRMK-KMY,31.41,26.2
BFL-BFL,GRMK-TJD,29.26,26.3
BFL-BFL,GRMK-VTR,22.9,18.9
BFL-BFL,GRMK-STBD,23.17,22.5
BFL-BFL,GRMK-FTM,17.29,15.1
BFL-BFL,GRMK-MRY,33.32,28.3
BFL-BFL,GRMK-DWS,6.17,6.6
BFL-BFL,GRMK-CBR,11.34,12.8
BFL-BFL,GRMK-EMP,33.25,28.7
BFL-BFL,GRMK-CMP,30.07,22.8
BFL-BFL,GRMK-LRT,35.63,27.8
BFL-BFL,GRMK-BSD,28.37,23.5
BFL-BFL,GRMK-GRH,30.94,24.9
BFL-BFL,GRMK-CPNG,25.53,19.4
BFL-BFL,GRMK-PLM,25.68,23.4
BFL-BFL,GRMK-DTA,15.42,14.8
BFL-BFL,GRMK-SOQ,18.98,16.4
BFL-BFL,GRMK-XML,30.13,23.8
BFL-BFL,GRMK-DMT,37.14,31
BFL-BFL,BRIK-STR,32.63,23.5
BFL-BFL,BRIK-ALS,32.25,27.3
BFL-BFL,BRIK-GDB,158.93,118.3
BFL-BFL,BRIK-CKR,47.98,40.1
BFL-BFL,BRIK-NRG,29.35,24.3
BFL-BFL,BRIK-LGK,37.91,32.3
BFL-BFL,BRIK-BLR,64.87,51.5
BFL-BFL,BRIK-STL,26.16,20.7
BFL-BFL,BRIK-KRW,67.95,52.9
BFL-BFL,BRIK-MTL,37.04,32.5
BFL-BFL,YMY-BTB,37.43,32.1
BFL-BFL,GLLR-GLLR,27.06,24.6
BFL-BFL,CSRR-CSRR,34.4,29.8
BFL-BFL,MTSJ-MTSJ,24.03,22.9
BFL-BFL,CST-GLN,21.92,18.8
BFL-BFL,MBG-MBG,12.88,13.3
BFL-BFL,CST-MBG,37.82,32
BFL-BFL,GDK-KGD,34.99,26.3
BFL-BFL,GDK-SCBD,22.51,20.8
BFL-BFL,CST-AYM,8.76,8.5
BFL-BFL,WTC-WTC,27.1,21.7
BFL-BFL,FYN-FYN,24.14,20
BFL-BFL,CST-FDC,24.09,24.4
BFL-BFL,MDS-MDS,25.08,23.8
BFL-BFL,MDS-SCBD,22.47,20.8
BFL-BFL,HKN-HKN,28.36,23.6
BFL-KBY,GDS,33.87,29
BFL-KBY,CRD,10.92,10.8
BFL-KBY,KJT,11.85,10.5
BFL-KBY,BKS,24.06,20.9
BFL-KBY,CBR,24.53,24.4
BFL-KBY,MPG,4.36,5.5
BFL-KBY,RWG,17.34,15.2
BFL-KBY,KBG,14.72,16.4
BFL-KBY,BSD,27.65,25.5
BFL-KBY,STB,7.95,9.5
BFL-KBY,MBS,13.57,13.9
BFL-KBY,DMT,25.27,20.2
BFL-KBY,DMG,25.31,20.1
BFL-KBY,KL_CKG,19.89,16.5
BFL-KBY,KL_KJ,27.22,23.2
BFL-KBY,ASTR-ASTR,40.23,34.2
BFL-KBY,BRW-BRW,5.39,7
BFL-KBY,MGL-MGL,11.72,12.2
BFL-KBY,WSI-ANCB,11.51,12.6
BFL-KBY,WSI-BTS,11.51,12.6
BFL-KBY,WSI-PIK,26.09,24.2
BFL-KBY,WSI-BSD,25.38,25.8
BFL-KBY,WSI-ANC,19.19,18.4
BFL-KBY,BKB-BKB,16.69,18.7
BFL-KBY,RFS-HANG,3.13,3.7
BFL-KBY,RFS-WOLT,0.91,2.1
BFL-KBY,MBL-MBL,2.25,2.8
BFL-KBY,ADS-ADS,6.16,6.7
BFL-KBY,LML-LML,16.2,18
BFL-KBY,HYP-HYP,5.09,5.8
BFL-KBY,SDJ-CNRE,14.15,16.4
BFL-KBY,SDJ-SDJE,5.93,8.1
BFL-KBY,SDJ-PSBC,11.67,11.9
BFL-KBY,SDJ-SCBD,2.86,4
BFL-KBY,SDJ-BNTR,17.85,17
BFL-KBY,SDJ-CJTA,15.07,14.7
BFL-KBY,SDJ-PJTN,6.2,8.4
BFL-KBY,SDJ-CBLH,17.63,16.6
BFL-KBY,SDJ-KTBT,19.43,17.9
BFL-KBY,SDJ-ODSS,2.08,2.9
BFL-KBY,SDJ-SOET,17.63,16.6
BFL-KBY,SDJ-SMB,25.31,24.3
BFL-KBY,SDJ-CBS,7.26,8.5
BFL-KBY,SDJ-PIM,6.88,7.4
BFL-KBY,SDJ-CBN,17.63,16.6
BFL-KBY,SDJ-BLV,12.1,12.9
BFL-KBY,BFL-BFL,23.16,22.3
BFL-KBY,BFL-KBY,0,0
BFL-KBY,DCGL-BAR,22.36,19.3
BFL-KBY,DCGS-BAR,35.04,29.6
BFL-KBY,DCGL-KITC,22.36,19.3
BFL-KBY,DCGS-KITC,22.36,19.3
BFL-KBY,DCBM-BAR,2,2.4
BFL-KBY,DCBM-KITC,2,2.4
BFL-KBY,MXW-PGJ,14.59,15.2
BFL-KBY,MXW-KGD,21.02,17.4
BFL-KBY,PPY-MTG,8.74,9.8
BFL-KBY,PPY-CTW,6.21,7.1
BFL-KBY,PPY-PI,7.35,7
BFL-KBY,PPY-GDS,34.11,29
BFL-KBY,TRF-TRF,9.61,9.4
BFL-KBY,TRF-CNRE,15.23,17.3
BFL-KBY,JOEL-JOEL,1.25,3
BFL-KBY,HMD-HMD,17.63,16.6
BFL-KBY,GO_PPL,3.26,3.5
BFL-KBY,GO_TBT,7.11,8.3
BFL-KBY,MDV-KBY,0.15,0.2
BFL-KBY,MDV-KGD,20.68,18.6
BFL-KBY,MDV-PURI,17.35,15.6
BFL-KBY,MDV-PDI,8.79,7.7
BFL-KBY,MDV-BNTR,13.55,13.6
BFL-KBY,MDV-PDHB,19.13,21.1
BFL-KBY,MDV-GRVY,5.07,6
BFL-KBY,SPHS-SPHS,7.15,7.4
BFL-KBY,DRSR-DRSR,8.76,9.6
BFL-KBY,EXP-EXP,4.93,5.8
BFL-KBY,EXP-AEON,26.8,27.8
BFL-KBY,HHP-HHP,2.35,3.5
BFL-KBY,GDL-BSD,30.1,30.8
BFL-KBY,GDL-PIK,25.28,22.6
BFL-KBY,GDL-MOI,20.56,19.9
BFL-KBY,GDL-KHI,26.88,22.9
BFL-KBY,GDL-RDL,3.83,4.4
BFL-KBY,GDL-PRGN,12.51,13
BFL-KBY,GDL-CNRE,13.32,14.5
BFL-KBY,GDL-PURI,17.9,15.9
BFL-KBY,GDL-ANC,17.69,19
BFL-KBY,GDL-GLC,21.91,19.6
BFL-KBY,GDL-SCBD,2.71,3.9
BFL-KBY,DDF-DDF,18.09,18
BFL-KBY,FDMX-VDLM,11.11,11.9
BFL-KBY,JIN-RST,21.01,17.2
BFL-KBY,JIN-CKC,14.59,15.2
BFL-KBY,PDLM-PDLM,4.41,5.9
BFL-KBY,GOF-GD,30.62,26.3
BFL-KBY,SMI-SMI,6.08,6.7
BFL-KBY,CST-RTIW,20.45,18.8
BFL-KBY,GRMK-PSQ,9.25,8.8
BFL-KBY,GRMK-CBN,33.66,28.4
BFL-KBY,GRMK-JUN,25.23,21.8
BFL-KBY,GRMK-KMY,12.77,13.3
BFL-KBY,GRMK-TJD,11.56,11.3
BFL-KBY,GRMK-VTR,11.07,10.7
BFL-KBY,GRMK-STBD,7.54,8.8
BFL-KBY,GRMK-FTM,7.1,7.6
BFL-KBY,GRMK-MRY,12.84,13.2
BFL-KBY,GRMK-DWS,22.42,20.9
BFL-KBY,GRMK-CBR,22.94,21.6
BFL-KBY,GRMK-EMP,15.54,13.6
BFL-KBY,GRMK-CMP,16.72,14.7
BFL-KBY,GRMK-LRT,22.29,19.7
BFL-KBY,GRMK-BSD,26.71,26
BFL-KBY,GRMK-GRH,19.09,18.8
BFL-KBY,GRMK-CPNG,12.18,11.3
BFL-KBY,GRMK-PLM,7.98,8.4
BFL-KBY,GRMK-DTA,6.34,7.2
BFL-KBY,GRMK-SOQ,10.18,9.4
BFL-KBY,GRMK-XML,16.78,15.7
BFL-KBY,GRMK-DMT,19.44,16
BFL-KBY,BRIK-STR,19.28,15.4
BFL-KBY,BRIK-ALS,30.14,24.4
BFL-KBY,BRIK-GDB,172.94,128.2
BFL-KBY,BRIK-CKR,44.5,39.3
BFL-KBY,BRIK-NRG,26.51,23
BFL-KBY,BRIK-LGK,36.95,29.8
BFL-KBY,BRIK-BLR,57.22,42.1
BFL-KBY,BRIK-STL,43.52,37.1
BFL-KBY,BRIK-KRW,65.66,52.4
BFL-KBY,BRIK-MTL,21.65,19.1
BFL-KBY,YMY-BTB,19.72,17
BFL-KBY,GLLR-GLLR,26.38,28.9
BFL-KBY,CSRR-CSRR,16.69,14.7
BFL-KBY,MTSJ-MTSJ,6.13,7.2
BFL-KBY,CST-GLN,4.99,6.3
BFL-KBY,MBG-MBG,9.68,11.7
BFL-KBY,CST-MBG,24.47,23.9
BFL-KBY,GDK-KGD,21.65,18.3
BFL-KBY,GDK-SCBD,3.2,4.8
BFL-KBY,CST-AYM,13.57,16.1
BFL-KBY,WTC-WTC,10.43,11.1
BFL-KBY,FYN-FYN,3.22,3.7
BFL-KBY,CST-FDC,5.1,8.3
BFL-KBY,MDS-MDS,4.71,6.2
BFL-KBY,MDS-SCBD,1.96,2.6
BFL-KBY,HKN-HKN,22.69,22.2
DCGL-BAR,GDS,16.4,17.1
DCGL-BAR,CRD,20.89,21.2
DCGL-BAR,KJT,30.18,23.1
DCGL-BAR,BKS,42.4,33.4
DCGL-BAR,CBR,42.86,37
DCGL-BAR,MPG,23.18,19.1
DCGL-BAR,RWG,28.37,25.7
DCGL-BAR,KBG,8.4,10.8
DCGL-BAR,BSD,24.69,24.4
DCGL-BAR,STB,21.03,18.3
DCGL-BAR,MBS,19,16.7
DCGL-BAR,DMT,9.93,11
DCGL-BAR,DMG,9.97,10.9
DCGL-BAR,KL_CKG,6.9,8.1
DCGL-BAR,KL_KJ,35.49,29.9
DCGL-BAR,ASTR-ASTR,56.08,43.5
DCGL-BAR,BRW-BRW,24.82,20.2
DCGL-BAR,MGL-MGL,17.14,14.9
DCGL-BAR,WSI-ANCB,16.94,15.3
DCGL-BAR,WSI-BTS,16.94,15.3
DCGL-BAR,WSI-PIK,16.5,19.9
DCGL-BAR,WSI-BSD,15.49,16.5
DCGL-BAR,WSI-ANC,22.92,20.7
DCGL-BAR,BKB-BKB,15.6,18.3
DCGL-BAR,RFS-HANG,18.06,16.8
DCGL-BAR,RFS-WOLT,21.08,18.8
DCGL-BAR,MBL-MBL,23.53,19.7
DCGL-BAR,ADS-ADS,19.61,16.5
DCGL-BAR,LML-LML,15.12,17.7
DCGL-BAR,HYP-HYP,21.32,18.5
DCGL-BAR,SDJ-CNRE,32.4,28.6
DCGL-BAR,SDJ-SDJE,25.17,23.1
DCGL-BAR,SDJ-PSBC,17.48,15
DCGL-BAR,SDJ-SCBD,19.47,15.9
DCGL-BAR,SDJ-BNTR,17.41,20.2
DCGL-BAR,SDJ-CJTA,30.38,28.8
DCGL-BAR,SDJ-PJTN,24.99,22.7
DCGL-BAR,SDJ-CBLH,17.19,19.8
DCGL-BAR,SDJ-KTBT,37.76,30.4
DCGL-BAR,SDJ-ODSS,19.72,16.3
DCGL-BAR,SDJ-SOET,17.19,19.8
DCGL-BAR,SDJ-SMB,43.65,36.9
DCGL-BAR,SDJ-CBS,22.57,22.6
DCGL-BAR,SDJ-PIM,20,18.8
DCGL-BAR,SDJ-CBN,17.19,19.8
DCGL-BAR,SDJ-BLV,22.1,22.7
DCGL-BAR,BFL-BFL,40.35,31.9
DCGL-BAR,BFL-KBY,21.61,18.4
DCGL-BAR,DCGL-BAR,0,0
DCGL-BAR,DCGS-BAR,17.57,17.8
DCGL-BAR,DCGL-KITC,0,0
DCGL-BAR,DCGS-KITC,0,0
DCGL-BAR,DCBM-BAR,22.04,18.2
DCGL-BAR,DCBM-KITC,22.04,18.2
DCGL-BAR,MXW-PGJ,20.4,18.4
DCGL-BAR,MXW-KGD,28.18,25
DCGL-BAR,PPY-MTG,18.11,15.5
DCGL-BAR,PPY-CTW,18.56,16.3
DCGL-BAR,PPY-PI,20.47,18.4
DCGL-BAR,PPY-GDS,16.64,17.1
DCGL-BAR,TRF-TRF,22.43,22
DCGL-BAR,TRF-CNRE,31.85,27.6
DCGL-BAR,JOEL-JOEL,20.82,18.3
DCGL-BAR,HMD-HMD,17.19,19.8
DCGL-BAR,GO_PPL,22.88,19
DCGL-BAR,GO_TBT,25.45,20.8
DCGL-BAR,MDV-KBY,21.75,18.6
DCGL-BAR,MDV-KGD,27.87,26.1
DCGL-BAR,MDV-PURI,7.03,8.3
DCGL-BAR,MDV-PDI,21.91,19
DCGL-BAR,MDV-BNTR,15.94,18.7
DCGL-BAR,MDV-PDHB,24.94,24.3
DCGL-BAR,MDV-GRVY,20.07,18.2
DCGL-BAR,SPHS-SPHS,15.89,13.2
DCGL-BAR,DRSR-DRSR,19.05,17.1
DCGL-BAR,EXP-EXP,18.39,15.6
DCGL-BAR,EXP-AEON,19.31,21.7
DCGL-BAR,HHP-HHP,19.99,16.9
DCGL-BAR,GDL-BSD,19.64,20.8
DCGL-BAR,GDL-PIK,15.69,18.3
DCGL-BAR,GDL-MOI,27.73,27.4
DCGL-BAR,GDL-KHI,36.22,30.7
DCGL-BAR,GDL-RDL,19.43,18.4
DCGL-BAR,GDL-PRGN,17.94,15.7
DCGL-BAR,GDL-CNRE,24.5,25.5
DCGL-BAR,GDL-PURI,6.38,7.2
DCGL-BAR,GDL-ANC,25.61,22.2
DCGL-BAR,GDL-GLC,0.43,1.4
DCGL-BAR,GDL-SCBD,19.47,15.9
DCGL-BAR,DDF-DDF,14.89,17.2
DCGL-BAR,FDMX-VDLM,22.01,22.5
DCGL-BAR,JIN-RST,28.17,24.8
DCGL-BAR,JIN-CKC,20.39,18.4
DCGL-BAR,PDLM-PDLM,19.89,16.2
DCGL-BAR,GOF-GD,15.26,19.5
DCGL-BAR,SMI-SMI,19.54,16.5
DCGL-BAR,CST-RTIW,36.39,29.9
DCGL-BAR,GRMK-PSQ,22.07,21.4
DCGL-BAR,GRMK-CBN,49.51,37.7
DCGL-BAR,GRMK-JUN,43.56,34.3
DCGL-BAR,GRMK-KMY,18.58,16.5
DCGL-BAR,GRMK-TJD,13.19,13
DCGL-BAR,GRMK-VTR,16.33,17.5
DCGL-BAR,GRMK-STBD,20.44,18.3
DCGL-BAR,GRMK-FTM,21.26,20.9
DCGL-BAR,GRMK-MRY,9.62,10.5
DCGL-BAR,GRMK-DWS,38.36,31.9
DCGL-BAR,GRMK-CBR,41.27,34.1
DCGL-BAR,GRMK-EMP,19.26,15.8
DCGL-BAR,GRMK-CMP,26.37,24.4
DCGL-BAR,GRMK-LRT,29.48,27.1
DCGL-BAR,GRMK-BSD,13.7,14.6
DCGL-BAR,GRMK-GRH,7.02,8.4
DCGL-BAR,GRMK-CPNG,25.8,23.7
DCGL-BAR,GRMK-PLM,17.51,15.1
DCGL-BAR,GRMK-DTA,24.67,19.7
DCGL-BAR,GRMK-SOQ,19.18,19.5
DCGL-BAR,GRMK-XML,35.11,28.3
DCGL-BAR,GRMK-DMT,7.82,8.9
DCGL-BAR,BRIK-STR,26.45,23
DCGL-BAR,BRIK-ALS,12.67,12.5
DCGL-BAR,BRIK-GDB,191.27,140.8
DCGL-BAR,BRIK-CKR,62.83,51.8
DCGL-BAR,BRIK-NRG,44.84,35.5
DCGL-BAR,BRIK-LGK,19.48,17.9
DCGL-BAR,BRIK-BLR,39.75,30.2
DCGL-BAR,BRIK-STL,62.02,48.3
DCGL-BAR,BRIK-KRW,83.99,65
DCGL-BAR,BRIK-MTL,2.34,4
DCGL-BAR,YMY-BTB,4.8,6.4
DCGL-BAR,GLLR-GLLR,20.47,23.7
DCGL-BAR,CSRR-CSRR,20.42,16.9
DCGL-BAR,MTSJ-MTSJ,18.64,15.9
DCGL-BAR,CST-GLN,20.2,18.8
DCGL-BAR,MBG-MBG,29.13,24.7
DCGL-BAR,CST-MBG,38.01,33.2
DCGL-BAR,GDK-KGD,28.81,25.8
DCGL-BAR,GDK-SCBD,19.13,15.5
DCGL-BAR,CST-AYM,30.13,31.4
DCGL-BAR,WTC-WTC,22.74,20.3
DCGL-BAR,FYN-FYN,18.39,17.2
DCGL-BAR,CST-FDC,18.49,17.5
DCGL-BAR,MDS-MDS,19.48,16.9
DCGL-BAR,MDS-SCBD,19.86,16.5
DCGL-BAR,HKN-HKN,41.02,34.8
DCGS-BAR,GDS,2.59,3.3
DCGS-BAR,CRD,28.15,27
DCGS-BAR,KJT,39,34.2
DCGS-BAR,BKS,56.26,45.4
DCGS-BAR,CBR,46.93,41.9
DCGS-BAR,MPG,37.05,31
DCGS-BAR,RWG,42.24,37.6
DCGS-BAR,KBG,22.27,22.7
DCGS-BAR,BSD,12.94,14.1
DCGS-BAR,STB,34.9,30.2
DCGS-BAR,MBS,32.87,28.6
DCGS-BAR,DMT,19.5,19.4
DCGS-BAR,DMG,17.93,18.3
DCGS-BAR,KL_CKG,23.71,22.1
DCGS-BAR,KL_KJ,49.36,41.8
DCGS-BAR,ASTR-ASTR,51.15,41.5
DCGS-BAR,BRW-BRW,38.69,32.1
DCGS-BAR,MGL-MGL,31.01,26.9
DCGS-BAR,WSI-ANCB,30.81,27.3
DCGS-BAR,WSI-BTS,30.81,27.3
DCGS-BAR,WSI-PIK,31.95,32.5
DCGS-BAR,WSI-BSD,6.46,6.8
DCGS-BAR,WSI-ANC,36.79,32.6
DCGS-BAR,BKB-BKB,17.87,18.5
DCGS-BAR,RFS-HANG,26.11,26.8
DCGS-BAR,RFS-WOLT,34.95,30.8
DCGS-BAR,MBL-MBL,29.17,30.8
DCGS-BAR,ADS-ADS,33.48,28.5
DCGS-BAR,LML-LML,17.38,17.8
DCGS-BAR,HYP-HYP,35.19,30.4
DCGS-BAR,SDJ-CNRE,27.47,26.5
DCGS-BAR,SDJ-SDJE,32.41,31.6
DCGS-BAR,SDJ-PSBC,31.35,27
DCGS-BAR,SDJ-SCBD,33.34,27.8
DCGS-BAR,SDJ-BNTR,17.86,18
DCGS-BAR,SDJ-CJTA,42.08,34.1
DCGS-BAR,SDJ-PJTN,32.68,31.9
DCGS-BAR,SDJ-CBLH,17.64,17.6
DCGS-BAR,SDJ-KTBT,51.63,42.4
DCGS-BAR,SDJ-ODSS,33.59,28.2
DCGS-BAR,SDJ-SOET,17.64,17.6
DCGS-BAR,SDJ-SMB,57.52,48.8
DCGS-BAR,SDJ-CBS,29.84,28.4
DCGS-BAR,SDJ-PIM,26.27,27
DCGS-BAR,SDJ-CBN,17.64,17.6
DCGS-BAR,SDJ-BLV,24.88,25.4
DCGS-BAR,BFL-BFL,35.43,29.8
DCGS-BAR,BFL-KBY,35.48,30.3
DCGS-BAR,DCGL-BAR,18.05,17.7
DCGS-BAR,DCGS-BAR,0,0
DCGS-BAR,DCGL-KITC,18.05,17.7
DCGS-BAR,DCGS-KITC,18.05,17.7
DCGS-BAR,DCBM-BAR,27.64,29
DCGS-BAR,DCBM-KITC,27.64,29
DCGS-BAR,MXW-PGJ,34.27,30.3
DCGS-BAR,MXW-KGD,42.05,36.9
DCGS-BAR,PPY-MTG,31.98,27.4
DCGS-BAR,PPY-CTW,32.43,28.2
DCGS-BAR,PPY-PI,25.88,26
DCGS-BAR,PPY-GDS,2.26,3.2
DCGS-BAR,TRF-TRF,29.7,27.8
DCGS-BAR,TRF-CNRE,26.93,25.5
DCGS-BAR,JOEL-JOEL,34.69,30.2
DCGS-BAR,HMD-HMD,17.64,17.6
DCGS-BAR,GO_PPL,27.75,29.1
DCGS-BAR,GO_TBT,39.32,32.8
DCGS-BAR,MDV-KBY,28.45,30.3
DCGS-BAR,MDV-KGD,41.74,38
DCGS-BAR,MDV-PURI,20.9,20.2
DCGS-BAR,MDV-PDI,24.56,24.6
DCGS-BAR,MDV-BNTR,19.78,19.4
DCGS-BAR,MDV-PDHB,38.81,36.2
DCGS-BAR,MDV-GRVY,26.45,26.5
DCGS-BAR,SPHS-SPHS,29.75,25.1
DCGS-BAR,DRSR-DRSR,32.92,29.1
DCGS-BAR,EXP-EXP,32.26,27.5
DCGS-BAR,EXP-AEON,5.23,6.9
DCGS-BAR,HHP-HHP,33.86,28.9
DCGS-BAR,GDL-BSD,5.23,5.8
DCGS-BAR,GDL-PIK,31.14,30.9
DCGS-BAR,GDL-MOI,41.6,39.3
DCGS-BAR,GDL-KHI,50.08,42.7
DCGS-BAR,GDL-RDL,27.48,27.5
DCGS-BAR,GDL-PRGN,31.81,27.6
DCGS-BAR,GDL-CNRE,27.91,26
DCGS-BAR,GDL-PURI,20.25,19.1
DCGS-BAR,GDL-ANC,39.48,34.1
DCGS-BAR,GDL-GLC,17.6,18.1
DCGS-BAR,GDL-SCBD,33.34,27.8
DCGS-BAR,DDF-DDF,15.61,17.4
DCGS-BAR,FDMX-VDLM,30.11,28.1
DCGS-BAR,JIN-RST,42.04,36.7
DCGS-BAR,JIN-CKC,34.26,30.3
DCGS-BAR,PDLM-PDLM,33.76,28.1
DCGS-BAR,GOF-GD,24.8,26.2
DCGS-BAR,SMI-SMI,33.41,28.4
DCGS-BAR,CST-RTIW,31.47,27.8
DCGS-BAR,GRMK-PSQ,29.34,27.2
DCGS-BAR,GRMK-CBN,44.58,35.7
DCGS-BAR,GRMK-JUN,57.43,46.2
DCGS-BAR,GRMK-KMY,32.45,28.4
DCGS-BAR,GRMK-TJD,27.06,24.9
DCGS-BAR,GRMK-VTR,20.6,20.2
DCGS-BAR,GRMK-STBD,34.31,30.3
DCGS-BAR,GRMK-FTM,28.53,26.8
DCGS-BAR,GRMK-MRY,23.49,22.5
DCGS-BAR,GRMK-DWS,33.43,29.9
DCGS-BAR,GRMK-CBR,41.26,36.5
DCGS-BAR,GRMK-EMP,33.13,27.8
DCGS-BAR,GRMK-CMP,40.23,36.3
DCGS-BAR,GRMK-LRT,43.34,39.1
DCGS-BAR,GRMK-BSD,6.57,7.6
DCGS-BAR,GRMK-GRH,10.93,12.4
DCGS-BAR,GRMK-CPNG,39.67,35.6
DCGS-BAR,GRMK-PLM,31.38,27
DCGS-BAR,GRMK-DTA,38.54,31.6
DCGS-BAR,GRMK-SOQ,26.45,25.3
DCGS-BAR,GRMK-XML,48.98,40.2
DCGS-BAR,GRMK-DMT,24.63,22.9
DCGS-BAR,BRIK-STR,40.31,34.9
DCGS-BAR,BRIK-ALS,5.96,7.3
DCGS-BAR,BRIK-GDB,182.09,141.8
DCGS-BAR,BRIK-CKR,76.7,63.8
DCGS-BAR,BRIK-NRG,51.3,45.9
DCGS-BAR,BRIK-LGK,7.08,8.2
DCGS-BAR,BRIK-BLR,34.39,28.3
DCGS-BAR,BRIK-STL,57.09,46.2
DCGS-BAR,BRIK-KRW,97.87,76.7
DCGS-BAR,BRIK-MTL,17.34,17.6
DCGS-BAR,YMY-BTB,21.47,21.7
DCGS-BAR,GLLR-GLLR,8.73,11.3
DCGS-BAR,CSRR-CSRR,34.28,28.9
DCGS-BAR,MTSJ-MTSJ,32.5,27.9
DCGS-BAR,CST-GLN,26.58,27
DCGS-BAR,MBG-MBG,33.65,32.5
DCGS-BAR,CST-MBG,51.88,45.1
DCGS-BAR,GDK-KGD,42.68,37.7
DCGS-BAR,GDK-SCBD,33,27.4
DCGS-BAR,CST-AYM,31.76,30.7
DCGS-BAR,WTC-WTC,36.6,32.2
DCGS-BAR,FYN-FYN,26.43,27.3
DCGS-BAR,CST-FDC,32.36,29.4
DCGS-BAR,MDS-MDS,33.35,28.8
DCGS-BAR,MDS-SCBD,33.73,28.4
DCGS-BAR,HKN-HKN,50.31,45.2
DCGL-KITC,GDS,16.4,17.1
DCGL-KITC,CRD,20.89,21.2
DCGL-KITC,KJT,30.18,23.1
DCGL-KITC,BKS,42.4,33.4
DCGL-KITC,CBR,42.86,37
DCGL-KITC,MPG,23.18,19.1
DCGL-KITC,RWG,28.37,25.7
DCGL-KITC,KBG,8.4,10.8
DCGL-KITC,BSD,24.69,24.4
DCGL-KITC,STB,21.03,18.3
DCGL-KITC,MBS,19,16.7
DCGL-KITC,DMT,9.93,11
DCGL-KITC,DMG,9.97,10.9
DCGL-KITC,KL_CKG,6.9,8.1
DCGL-KITC,KL_KJ,35.49,29.9
DCGL-KITC,ASTR-ASTR,56.08,43.5
DCGL-KITC,BRW-BRW,24.82,20.2
DCGL-KITC,MGL-MGL,17.14,14.9
DCGL-KITC,WSI-ANCB,16.94,15.3
DCGL-KITC,WSI-BTS,16.94,15.3
DCGL-KITC,WSI-PIK,16.5,19.9
DCGL-KITC,WSI-BSD,15.49,16.5
DCGL-KITC,WSI-ANC,22.92,20.7
DCGL-KITC,BKB-BKB,15.6,18.3
DCGL-KITC,RFS-HANG,18.06,16.8
DCGL-KITC,RFS-WOLT,21.08,18.8
DCGL-KITC,MBL-MBL,23.53,19.7
DCGL-KITC,ADS-ADS,19.61,16.5
DCGL-KITC,LML-LML,15.12,17.7
DCGL-KITC,HYP-HYP,21.32,18.5
DCGL-KITC,SDJ-CNRE,32.4,28.6
DCGL-KITC,SDJ-SDJE,25.17,23.1
DCGL-KITC,SDJ-PSBC,17.48,15
DCGL-KITC,SDJ-SCBD,19.47,15.9
DCGL-KITC,SDJ-BNTR,17.41,20.2
DCGL-KITC,SDJ-CJTA,30.38,28.8
DCGL-KITC,SDJ-PJTN,24.99,22.7
DCGL-KITC,SDJ-CBLH,17.19,19.8
DCGL-KITC,SDJ-KTBT,37.76,30.4
DCGL-KITC,SDJ-ODSS,19.72,16.3
DCGL-KITC,SDJ-SOET,17.19,19.8
DCGL-KITC,SDJ-SMB,43.65,36.9
DCGL-KITC,SDJ-CBS,22.57,22.6
DCGL-KITC,SDJ-PIM,20,18.8
DCGL-KITC,SDJ-CBN,17.19,19.8
DCGL-KITC,SDJ-BLV,22.1,22.7
DCGL-KITC,BFL-BFL,40.35,31.9
DCGL-KITC,BFL-KBY,21.61,18.4
DCGL-KITC,DCGL-BAR,0,0
DCGL-KITC,DCGS-BAR,17.57,17.8
DCGL-KITC,DCGL-KITC,0,0
DCGL-KITC,DCGS-KITC,0,0
DCGL-KITC,DCBM-BAR,22.04,18.2
DCGL-KITC,DCBM-KITC,22.04,18.2
DCGL-KITC,MXW-PGJ,20.4,18.4
DCGL-KITC,MXW-KGD,28.18,25
DCGL-KITC,PPY-MTG,18.11,15.5
DCGL-KITC,PPY-CTW,18.56,16.3
DCGL-KITC,PPY-PI,20.47,18.4
DCGL-KITC,PPY-GDS,16.64,17.1
DCGL-KITC,TRF-TRF,22.43,22
DCGL-KITC,TRF-CNRE,31.85,27.6
DCGL-KITC,JOEL-JOEL,20.82,18.3
DCGL-KITC,HMD-HMD,17.19,19.8
DCGL-KITC,GO_PPL,22.88,19
DCGL-KITC,GO_TBT,25.45,20.8
DCGL-KITC,MDV-KBY,21.75,18.6
DCGL-KITC,MDV-KGD,27.87,26.1
DCGL-KITC,MDV-PURI,7.03,8.3
DCGL-KITC,MDV-PDI,21.91,19
DCGL-KITC,MDV-BNTR,15.94,18.7
DCGL-KITC,MDV-PDHB,24.94,24.3
DCGL-KITC,MDV-GRVY,20.07,18.2
DCGL-KITC,SPHS-SPHS,15.89,13.2
DCGL-KITC,DRSR-DRSR,19.05,17.1
DCGL-KITC,EXP-EXP,18.39,15.6
DCGL-KITC,EXP-AEON,19.31,21.7
DCGL-KITC,HHP-HHP,19.99,16.9
DCGL-KITC,GDL-BSD,19.64,20.8
DCGL-KITC,GDL-PIK,15.69,18.3
DCGL-KITC,GDL-MOI,27.73,27.4
DCGL-KITC,GDL-KHI,36.22,30.7
DCGL-KITC,GDL-RDL,19.43,18.4
DCGL-KITC,GDL-PRGN,17.94,15.7
DCGL-KITC,GDL-CNRE,24.5,25.5
DCGL-KITC,GDL-PURI,6.38,7.2
DCGL-KITC,GDL-ANC,25.61,22.2
DCGL-KITC,GDL-GLC,0.43,1.4
DCGL-KITC,GDL-SCBD,19.47,15.9
DCGL-KITC,DDF-DDF,14.89,17.2
DCGL-KITC,FDMX-VDLM,22.01,22.5
DCGL-KITC,JIN-RST,28.17,24.8
DCGL-KITC,JIN-CKC,20.39,18.4
DCGL-KITC,PDLM-PDLM,19.89,16.2
DCGL-KITC,GOF-GD,15.26,19.5
DCGL-KITC,SMI-SMI,19.54,16.5
DCGL-KITC,CST-RTIW,36.39,29.9
DCGL-KITC,GRMK-PSQ,22.07,21.4
DCGL-KITC,GRMK-CBN,49.51,37.7
DCGL-KITC,GRMK-JUN,43.56,34.3
DCGL-KITC,GRMK-KMY,18.58,16.5
DCGL-KITC,GRMK-TJD,13.19,13
DCGL-KITC,GRMK-VTR,16.33,17.5
DCGL-KITC,GRMK-STBD,20.44,18.3
DCGL-KITC,GRMK-FTM,21.26,20.9
DCGL-KITC,GRMK-MRY,9.62,10.5
DCGL-KITC,GRMK-DWS,38.36,31.9
DCGL-KITC,GRMK-CBR,41.27,34.1
DCGL-KITC,GRMK-EMP,19.26,15.8
DCGL-KITC,GRMK-CMP,26.37,24.4
DCGL-KITC,GRMK-LRT,29.48,27.1
DCGL-KITC,GRMK-BSD,13.7,14.6
DCGL-KITC,GRMK-GRH,7.02,8.4
DCGL-KITC,GRMK-CPNG,25.8,23.7
DCGL-KITC,GRMK-PLM,17.51,15.1
DCGL-KITC,GRMK-DTA,24.67,19.7
DCGL-KITC,GRMK-SOQ,19.18,19.5
DCGL-KITC,GRMK-XML,35.11,28.3
DCGL-KITC,GRMK-DMT,7.82,8.9
DCGL-KITC,BRIK-STR,26.45,23
DCGL-KITC,BRIK-ALS,12.67,12.5
DCGL-KITC,BRIK-GDB,191.27,140.8
DCGL-KITC,BRIK-CKR,62.83,51.8
DCGL-KITC,BRIK-NRG,44.84,35.5
DCGL-KITC,BRIK-LGK,19.48,17.9
DCGL-KITC,BRIK-BLR,39.75,30.2
DCGL-KITC,BRIK-STL,62.02,48.3
DCGL-KITC,BRIK-KRW,83.99,65
DCGL-KITC,BRIK-MTL,2.34,4
DCGL-KITC,YMY-BTB,4.8,6.4
DCGL-KITC,GLLR-GLLR,20.47,23.7
DCGL-KITC,CSRR-CSRR,20.42,16.9
DCGL-KITC,MTSJ-MTSJ,18.64,15.9
DCGL-KITC,CST-GLN,20.2,18.8
DCGL-KITC,MBG-MBG,29.13,24.7
DCGL-KITC,CST-MBG,38.01,33.2
DCGL-KITC,GDK-KGD,28.81,25.8
DCGL-KITC,GDK-SCBD,19.13,15.5
DCGL-KITC,CST-AYM,30.13,31.4
DCGL-KITC,WTC-WTC,22.74,20.3
DCGL-KITC,FYN-FYN,18.39,17.2
DCGL-KITC,CST-FDC,18.49,17.5
DCGL-KITC,MDS-MDS,19.48,16.9
DCGL-KITC,MDS-SCBD,19.86,16.5
DCGL-KITC,HKN-HKN,41.02,34.8
DCGS-KITC,GDS,16.4,17.1
DCGS-KITC,CRD,20.89,21.2
DCGS-KITC,KJT,30.18,23.1
DCGS-KITC,BKS,42.4,33.4
DCGS-KITC,CBR,42.86,37
DCGS-KITC,MPG,23.18,19.1
DCGS-KITC,RWG,28.37,25.7
DCGS-KITC,KBG,8.4,10.8
DCGS-KITC,BSD,24.69,24.4
DCGS-KITC,STB,21.03,18.3
DCGS-KITC,MBS,19,16.7
DCGS-KITC,DMT,9.93,11
DCGS-KITC,DMG,9.97,10.9
DCGS-KITC,KL_CKG,6.9,8.1
DCGS-KITC,KL_KJ,35.49,29.9
DCGS-KITC,ASTR-ASTR,56.08,43.5
DCGS-KITC,BRW-BRW,24.82,20.2
DCGS-KITC,MGL-MGL,17.14,14.9
DCGS-KITC,WSI-ANCB,16.94,15.3
DCGS-KITC,WSI-BTS,16.94,15.3
DCGS-KITC,WSI-PIK,16.5,19.9
DCGS-KITC,WSI-BSD,15.49,16.5
DCGS-KITC,WSI-ANC,22.92,20.7
DCGS-KITC,BKB-BKB,15.6,18.3
DCGS-KITC,RFS-HANG,18.06,16.8
DCGS-KITC,RFS-WOLT,21.08,18.8
DCGS-KITC,MBL-MBL,23.53,19.7
DCGS-KITC,ADS-ADS,19.61,16.5
DCGS-KITC,LML-LML,15.12,17.7
DCGS-KITC,HYP-HYP,21.32,18.5
DCGS-KITC,SDJ-CNRE,32.4,28.6
DCGS-KITC,SDJ-SDJE,25.17,23.1
DCGS-KITC,SDJ-PSBC,17.48,15
DCGS-KITC,SDJ-SCBD,19.47,15.9
DCGS-KITC,SDJ-BNTR,17.41,20.2
DCGS-KITC,SDJ-CJTA,30.38,28.8
DCGS-KITC,SDJ-PJTN,24.99,22.7
DCGS-KITC,SDJ-CBLH,17.19,19.8
DCGS-KITC,SDJ-KTBT,37.76,30.4
DCGS-KITC,SDJ-ODSS,19.72,16.3
DCGS-KITC,SDJ-SOET,17.19,19.8
DCGS-KITC,SDJ-SMB,43.65,36.9
DCGS-KITC,SDJ-CBS,22.57,22.6
DCGS-KITC,SDJ-PIM,20,18.8
DCGS-KITC,SDJ-CBN,17.19,19.8
DCGS-KITC,SDJ-BLV,22.1,22.7
DCGS-KITC,BFL-BFL,40.35,31.9
DCGS-KITC,BFL-KBY,21.61,18.4
DCGS-KITC,DCGL-BAR,0,0
DCGS-KITC,DCGS-BAR,17.57,17.8
DCGS-KITC,DCGL-KITC,0,0
DCGS-KITC,DCGS-KITC,0,0
DCGS-KITC,DCBM-BAR,22.04,18.2
DCGS-KITC,DCBM-KITC,22.04,18.2
DCGS-KITC,MXW-PGJ,20.4,18.4
DCGS-KITC,MXW-KGD,28.18,25
DCGS-KITC,PPY-MTG,18.11,15.5
DCGS-KITC,PPY-CTW,18.56,16.3
DCGS-KITC,PPY-PI,20.47,18.4
DCGS-KITC,PPY-GDS,16.64,17.1
DCGS-KITC,TRF-TRF,22.43,22
DCGS-KITC,TRF-CNRE,31.85,27.6
DCGS-KITC,JOEL-JOEL,20.82,18.3
DCGS-KITC,HMD-HMD,17.19,19.8
DCGS-KITC,GO_PPL,22.88,19
DCGS-KITC,GO_TBT,25.45,20.8
DCGS-KITC,MDV-KBY,21.75,18.6
DCGS-KITC,MDV-KGD,27.87,26.1
DCGS-KITC,MDV-PURI,7.03,8.3
DCGS-KITC,MDV-PDI,21.91,19
DCGS-KITC,MDV-BNTR,15.94,18.7
DCGS-KITC,MDV-PDHB,24.94,24.3
DCGS-KITC,MDV-GRVY,20.07,18.2
DCGS-KITC,SPHS-SPHS,15.89,13.2
DCGS-KITC,DRSR-DRSR,19.05,17.1
DCGS-KITC,EXP-EXP,18.39,15.6
DCGS-KITC,EXP-AEON,19.31,21.7
DCGS-KITC,HHP-HHP,19.99,16.9
DCGS-KITC,GDL-BSD,19.64,20.8
DCGS-KITC,GDL-PIK,15.69,18.3
DCGS-KITC,GDL-MOI,27.73,27.4
DCGS-KITC,GDL-KHI,36.22,30.7
DCGS-KITC,GDL-RDL,19.43,18.4
DCGS-KITC,GDL-PRGN,17.94,15.7
DCGS-KITC,GDL-CNRE,24.5,25.5
DCGS-KITC,GDL-PURI,6.38,7.2
DCGS-KITC,GDL-ANC,25.61,22.2
DCGS-KITC,GDL-GLC,0.43,1.4
DCGS-KITC,GDL-SCBD,19.47,15.9
DCGS-KITC,DDF-DDF,14.89,17.2
DCGS-KITC,FDMX-VDLM,22.01,22.5
DCGS-KITC,JIN-RST,28.17,24.8
DCGS-KITC,JIN-CKC,20.39,18.4
DCGS-KITC,PDLM-PDLM,19.89,16.2
DCGS-KITC,GOF-GD,15.26,19.5
DCGS-KITC,SMI-SMI,19.54,16.5
DCGS-KITC,CST-RTIW,36.39,29.9
DCGS-KITC,GRMK-PSQ,22.07,21.4
DCGS-KITC,GRMK-CBN,49.51,37.7
DCGS-KITC,GRMK-JUN,43.56,34.3
DCGS-KITC,GRMK-KMY,18.58,16.5
DCGS-KITC,GRMK-TJD,13.19,13
DCGS-KITC,GRMK-VTR,16.33,17.5
DCGS-KITC,GRMK-STBD,20.44,18.3
DCGS-KITC,GRMK-FTM,21.26,20.9
DCGS-KITC,GRMK-MRY,9.62,10.5
DCGS-KITC,GRMK-DWS,38.36,31.9
DCGS-KITC,GRMK-CBR,41.27,34.1
DCGS-KITC,GRMK-EMP,19.26,15.8
DCGS-KITC,GRMK-CMP,26.37,24.4
DCGS-KITC,GRMK-LRT,29.48,27.1
DCGS-KITC,GRMK-BSD,13.7,14.6
DCGS-KITC,GRMK-GRH,7.02,8.4
DCGS-KITC,GRMK-CPNG,25.8,23.7
DCGS-KITC,GRMK-PLM,17.51,15.1
DCGS-KITC,GRMK-DTA,24.67,19.7
DCGS-KITC,GRMK-SOQ,19.18,19.5
DCGS-KITC,GRMK-XML,35.11,28.3
DCGS-KITC,GRMK-DMT,7.82,8.9
DCGS-KITC,BRIK-STR,26.45,23
DCGS-KITC,BRIK-ALS,12.67,12.5
DCGS-KITC,BRIK-GDB,191.27,140.8
DCGS-KITC,BRIK-CKR,62.83,51.8
DCGS-KITC,BRIK-NRG,44.84,35.5
DCGS-KITC,BRIK-LGK,19.48,17.9
DCGS-KITC,BRIK-BLR,39.75,30.2
DCGS-KITC,BRIK-STL,62.02,48.3
DCGS-KITC,BRIK-KRW,83.99,65
DCGS-KITC,BRIK-MTL,2.34,4
DCGS-KITC,YMY-BTB,4.8,6.4
DCGS-KITC,GLLR-GLLR,20.47,23.7
DCGS-KITC,CSRR-CSRR,20.42,16.9
DCGS-KITC,MTSJ-MTSJ,18.64,15.9
DCGS-KITC,CST-GLN,20.2,18.8
DCGS-KITC,MBG-MBG,29.13,24.7
DCGS-KITC,CST-MBG,38.01,33.2
DCGS-KITC,GDK-KGD,28.81,25.8
DCGS-KITC,GDK-SCBD,19.13,15.5
DCGS-KITC,CST-AYM,30.13,31.4
DCGS-KITC,WTC-WTC,22.74,20.3
DCGS-KITC,FYN-FYN,18.39,17.2
DCGS-KITC,CST-FDC,18.49,17.5
DCGS-KITC,MDS-MDS,19.48,16.9
DCGS-KITC,MDS-SCBD,19.86,16.5
DCGS-KITC,HKN-HKN,41.02,34.8
DCBM-BAR,GDS,33.17,28
DCBM-BAR,CRD,10.76,10.3
DCBM-BAR,KJT,13.21,11.7
DCBM-BAR,BKS,25.42,22
DCBM-BAR,CBR,25.34,25
DCBM-BAR,MPG,5.72,6.6
DCBM-BAR,RWG,18.7,16.3
DCBM-BAR,KBG,14,15.5
DCBM-BAR,BSD,26.93,24.6
DCBM-BAR,STB,9.43,10
DCBM-BAR,MBS,12.87,12.9
DCBM-BAR,DMT,24.57,19.2
DCBM-BAR,DMG,24.61,19.1
DCBM-BAR,KL_CKG,19.19,15.5
DCBM-BAR,KL_KJ,28.58,24.3
DCBM-BAR,ASTR-ASTR,40.07,33.7
DCBM-BAR,BRW-BRW,6.75,8.2
DCBM-BAR,MGL-MGL,11.02,11.2
DCBM-BAR,WSI-ANCB,10.81,11.6
DCBM-BAR,WSI-BTS,10.81,11.6
DCBM-BAR,WSI-PIK,25.39,23.2
DCBM-BAR,WSI-BSD,24.66,24.9
DCBM-BAR,WSI-ANC,18.49,17.5
DCBM-BAR,BKB-BKB,15.97,17.8
DCBM-BAR,RFS-HANG,2.43,2.7
DCBM-BAR,RFS-WOLT,2.43,4.3
DCBM-BAR,MBL-MBL,2.09,2.3
DCBM-BAR,ADS-ADS,5.46,5.8
DCBM-BAR,LML-LML,15.48,17.1
DCBM-BAR,HYP-HYP,6.45,6.9
DCBM-BAR,SDJ-CNRE,13.99,15.9
DCBM-BAR,SDJ-SDJE,5.77,7.6
DCBM-BAR,SDJ-PSBC,11.35,11.3
DCBM-BAR,SDJ-SCBD,3.29,4.3
DCBM-BAR,SDJ-BNTR,17.13,16.1
DCBM-BAR,SDJ-CJTA,14.91,14.2
DCBM-BAR,SDJ-PJTN,6.04,7.9
DCBM-BAR,SDJ-CBLH,16.91,15.7
DCBM-BAR,SDJ-KTBT,20.78,19
DCBM-BAR,SDJ-ODSS,2.51,3.2
DCBM-BAR,SDJ-SOET,16.91,15.7
DCBM-BAR,SDJ-SMB,26.67,25.4
DCBM-BAR,SDJ-CBS,7.1,8
DCBM-BAR,SDJ-PIM,6.16,6.5
DCBM-BAR,SDJ-CBN,16.91,15.7
DCBM-BAR,SDJ-BLV,11.94,12.4
DCBM-BAR,BFL-BFL,24.34,22.1
DCBM-BAR,BFL-KBY,1.52,2.2
DCBM-BAR,DCGL-BAR,21.66,18.3
DCBM-BAR,DCGS-BAR,34.34,28.7
DCBM-BAR,DCGL-KITC,21.66,18.3
DCBM-BAR,DCGS-KITC,21.66,18.3
DCBM-BAR,DCBM-BAR,0,0
DCBM-BAR,DCBM-KITC,0,0
DCBM-BAR,MXW-PGJ,14.27,14.7
DCBM-BAR,MXW-KGD,22.38,18.6
DCBM-BAR,PPY-MTG,8.35,9.1
DCBM-BAR,PPY-CTW,5.51,6.1
DCBM-BAR,PPY-PI,6.63,6.1
DCBM-BAR,PPY-GDS,33.4,28
DCBM-BAR,TRF-TRF,9.45,8.9
DCBM-BAR,TRF-CNRE,15.07,16.8
DCBM-BAR,JOEL-JOEL,3.27,4.6
DCBM-BAR,HMD-HMD,16.91,15.7
DCBM-BAR,GO_PPL,2.54,2.6
DCBM-BAR,GO_TBT,8.47,9.4
DCBM-BAR,MDV-KBY,1.38,2
DCBM-BAR,MDV-KGD,22.04,19.7
DCBM-BAR,MDV-PURI,16.65,14.6
DCBM-BAR,MDV-PDI,8.07,6.8
DCBM-BAR,MDV-BNTR,12.83,12.7
DCBM-BAR,MDV-PDHB,18.81,20.6
DCBM-BAR,MDV-GRVY,4.35,5
DCBM-BAR,SPHS-SPHS,6.45,6.4
DCBM-BAR,DRSR-DRSR,9.45,10.1
DCBM-BAR,EXP-EXP,4.23,4.8
DCBM-BAR,EXP-AEON,26.08,26.9
DCBM-BAR,HHP-HHP,2.78,3.9
DCBM-BAR,GDL-BSD,29.38,29.9
DCBM-BAR,GDL-PIK,24.58,21.6
DCBM-BAR,GDL-MOI,21.92,21
DCBM-BAR,GDL-KHI,28.24,24
DCBM-BAR,GDL-RDL,3.12,3.5
DCBM-BAR,GDL-PRGN,11.81,12
DCBM-BAR,GDL-CNRE,13.16,14
DCBM-BAR,GDL-PURI,17.2,14.9
DCBM-BAR,GDL-ANC,17.37,18.5
DCBM-BAR,GDL-GLC,21.21,18.6
DCBM-BAR,GDL-SCBD,3.14,4.2
DCBM-BAR,DDF-DDF,17.37,17.1
DCBM-BAR,FDMX-VDLM,10.95,11.4
DCBM-BAR,JIN-RST,22.36,18.4
DCBM-BAR,JIN-CKC,14.27,14.7
DCBM-BAR,PDLM-PDLM,5.91,6
DCBM-BAR,GOF-GD,29.92,25.4
DCBM-BAR,SMI-SMI,5.38,5.7
DCBM-BAR,CST-RTIW,20.29,18.3
DCBM-BAR,GRMK-PSQ,9.09,8.3
DCBM-BAR,GRMK-CBN,33.5,27.9
DCBM-BAR,GRMK-JUN,26.59,22.9
DCBM-BAR,GRMK-KMY,12.45,12.7
DCBM-BAR,GRMK-TJD,10.85,10.3
DCBM-BAR,GRMK-VTR,10.35,9.8
DCBM-BAR,GRMK-STBD,9.54,10
DCBM-BAR,GRMK-FTM,6.94,7.1
DCBM-BAR,GRMK-MRY,12.12,12.3
DCBM-BAR,GRMK-DWS,22.26,20.4
DCBM-BAR,GRMK-CBR,24.3,22.7
DCBM-BAR,GRMK-EMP,14.84,12.7
DCBM-BAR,GRMK-CMP,18.08,15.9
DCBM-BAR,GRMK-LRT,23.64,20.8
DCBM-BAR,GRMK-BSD,25.99,25.1
DCBM-BAR,GRMK-GRH,18.37,17.9
DCBM-BAR,GRMK-CPNG,13.54,12.4
DCBM-BAR,GRMK-PLM,7.27,7.4
DCBM-BAR,GRMK-DTA,7.7,8.3
DCBM-BAR,GRMK-SOQ,9.46,8.5
DCBM-BAR,GRMK-XML,18.14,16.8
DCBM-BAR,GRMK-DMT,18.74,15
DCBM-BAR,BRIK-STR,20.64,16.5
DCBM-BAR,BRIK-ALS,29.44,23.4
DCBM-BAR,BRIK-GDB,174.3,129.4
DCBM-BAR,BRIK-CKR,45.86,40.4
DCBM-BAR,BRIK-NRG,27.87,24.1
DCBM-BAR,BRIK-LGK,36.25,28.8
DCBM-BAR,BRIK-BLR,56.52,41.1
DCBM-BAR,BRIK-STL,44.88,38.3
DCBM-BAR,BRIK-KRW,67.02,53.5
DCBM-BAR,BRIK-MTL,20.95,18.2
DCBM-BAR,YMY-BTB,19.02,16.1
DCBM-BAR,GLLR-GLLR,25.66,28
DCBM-BAR,CSRR-CSRR,15.99,13.7
DCBM-BAR,MTSJ-MTSJ,5.43,6.2
DCBM-BAR,CST-GLN,4.27,5.4
DCBM-BAR,MBG-MBG,10.91,12.1
DCBM-BAR,CST-MBG,25.83,25
DCBM-BAR,GDK-KGD,23.01,19.4
DCBM-BAR,GDK-SCBD,3.63,5.1
DCBM-BAR,CST-AYM,13.4,15.6
DCBM-BAR,WTC-WTC,11.12,11.5
DCBM-BAR,FYN-FYN,2.5,2.8
DCBM-BAR,CST-FDC,4.39,7.3
DCBM-BAR,MDS-MDS,4,5.2
DCBM-BAR,MDS-SCBD,2.4,2.9
DCBM-BAR,HKN-HKN,24.05,23.4
DCBM-KITC,GDS,33.17,28
DCBM-KITC,CRD,10.76,10.3
DCBM-KITC,KJT,13.21,11.7
DCBM-KITC,BKS,25.42,22
DCBM-KITC,CBR,25.34,25
DCBM-KITC,MPG,5.72,6.6
DCBM-KITC,RWG,18.7,16.3
DCBM-KITC,KBG,14,15.5
DCBM-KITC,BSD,26.93,24.6
DCBM-KITC,STB,9.43,10
DCBM-KITC,MBS,12.87,12.9
DCBM-KITC,DMT,24.57,19.2
DCBM-KITC,DMG,24.61,19.1
DCBM-KITC,KL_CKG,19.19,15.5
DCBM-KITC,KL_KJ,28.58,24.3
DCBM-KITC,ASTR-ASTR,40.07,33.7
DCBM-KITC,BRW-BRW,6.75,8.2
DCBM-KITC,MGL-MGL,11.02,11.2
DCBM-KITC,WSI-ANCB,10.81,11.6
DCBM-KITC,WSI-BTS,10.81,11.6
DCBM-KITC,WSI-PIK,25.39,23.2
DCBM-KITC,WSI-BSD,24.66,24.9
DCBM-KITC,WSI-ANC,18.49,17.5
DCBM-KITC,BKB-BKB,15.97,17.8
DCBM-KITC,RFS-HANG,2.43,2.7
DCBM-KITC,RFS-WOLT,2.43,4.3
DCBM-KITC,MBL-MBL,2.09,2.3
DCBM-KITC,ADS-ADS,5.46,5.8
DCBM-KITC,LML-LML,15.48,17.1
DCBM-KITC,HYP-HYP,6.45,6.9
DCBM-KITC,SDJ-CNRE,13.99,15.9
DCBM-KITC,SDJ-SDJE,5.77,7.6
DCBM-KITC,SDJ-PSBC,11.35,11.3
DCBM-KITC,SDJ-SCBD,3.29,4.3
DCBM-KITC,SDJ-BNTR,17.13,16.1
DCBM-KITC,SDJ-CJTA,14.91,14.2
DCBM-KITC,SDJ-PJTN,6.04,7.9
DCBM-KITC,SDJ-CBLH,16.91,15.7
DCBM-KITC,SDJ-KTBT,20.78,19
DCBM-KITC,SDJ-ODSS,2.51,3.2
DCBM-KITC,SDJ-SOET,16.91,15.7
DCBM-KITC,SDJ-SMB,26.67,25.4
DCBM-KITC,SDJ-CBS,7.1,8
DCBM-KITC,SDJ-PIM,6.16,6.5
DCBM-KITC,SDJ-CBN,16.91,15.7
DCBM-KITC,SDJ-BLV,11.94,12.4
DCBM-KITC,BFL-BFL,24.34,22.1
DCBM-KITC,BFL-KBY,1.52,2.2
DCBM-KITC,DCGL-BAR,21.66,18.3
DCBM-KITC,DCGS-BAR,34.34,28.7
DCBM-KITC,DCGL-KITC,21.66,18.3
DCBM-KITC,DCGS-KITC,21.66,18.3
DCBM-KITC,DCBM-BAR,0,0
DCBM-KITC,DCBM-KITC,0,0
DCBM-KITC,MXW-PGJ,14.27,14.7
DCBM-KITC,MXW-KGD,22.38,18.6
DCBM-KITC,PPY-MTG,8.35,9.1
DCBM-KITC,PPY-CTW,5.51,6.1
DCBM-KITC,PPY-PI,6.63,6.1
DCBM-KITC,PPY-GDS,33.4,28
DCBM-KITC,TRF-TRF,9.45,8.9
DCBM-KITC,TRF-CNRE,15.07,16.8
DCBM-KITC,JOEL-JOEL,3.27,4.6
DCBM-KITC,HMD-HMD,16.91,15.7
DCBM-KITC,GO_PPL,2.54,2.6
DCBM-KITC,GO_TBT,8.47,9.4
DCBM-KITC,MDV-KBY,1.38,2
DCBM-KITC,MDV-KGD,22.04,19.7
DCBM-KITC,MDV-PURI,16.65,14.6
DCBM-KITC,MDV-PDI,8.07,6.8
DCBM-KITC,MDV-BNTR,12.83,12.7
DCBM-KITC,MDV-PDHB,18.81,20.6
DCBM-KITC,MDV-GRVY,4.35,5
DCBM-KITC,SPHS-SPHS,6.45,6.4
DCBM-KITC,DRSR-DRSR,9.45,10.1
DCBM-KITC,EXP-EXP,4.23,4.8
DCBM-KITC,EXP-AEON,26.08,26.9
DCBM-KITC,HHP-HHP,2.78,3.9
DCBM-KITC,GDL-BSD,29.38,29.9
DCBM-KITC,GDL-PIK,24.58,21.6
DCBM-KITC,GDL-MOI,21.92,21
DCBM-KITC,GDL-KHI,28.24,24
DCBM-KITC,GDL-RDL,3.12,3.5
DCBM-KITC,GDL-PRGN,11.81,12
DCBM-KITC,GDL-CNRE,13.16,14
DCBM-KITC,GDL-PURI,17.2,14.9
DCBM-KITC,GDL-ANC,17.37,18.5
DCBM-KITC,GDL-GLC,21.21,18.6
DCBM-KITC,GDL-SCBD,3.14,4.2
DCBM-KITC,DDF-DDF,17.37,17.1
DCBM-KITC,FDMX-VDLM,10.95,11.4
DCBM-KITC,JIN-RST,22.36,18.4
DCBM-KITC,JIN-CKC,14.27,14.7
DCBM-KITC,PDLM-PDLM,5.91,6
DCBM-KITC,GOF-GD,29.92,25.4
DCBM-KITC,SMI-SMI,5.38,5.7
DCBM-KITC,CST-RTIW,20.29,18.3
DCBM-KITC,GRMK-PSQ,9.09,8.3
DCBM-KITC,GRMK-CBN,33.5,27.9
DCBM-KITC,GRMK-JUN,26.59,22.9
DCBM-KITC,GRMK-KMY,12.45,12.7
DCBM-KITC,GRMK-TJD,10.85,10.3
DCBM-KITC,GRMK-VTR,10.35,9.8
DCBM-KITC,GRMK-STBD,9.54,10
DCBM-KITC,GRMK-FTM,6.94,7.1
DCBM-KITC,GRMK-MRY,12.12,12.3
DCBM-KITC,GRMK-DWS,22.26,20.4
DCBM-KITC,GRMK-CBR,24.3,22.7
DCBM-KITC,GRMK-EMP,14.84,12.7
DCBM-KITC,GRMK-CMP,18.08,15.9
DCBM-KITC,GRMK-LRT,23.64,20.8
DCBM-KITC,GRMK-BSD,25.99,25.1
DCBM-KITC,GRMK-GRH,18.37,17.9
DCBM-KITC,GRMK-CPNG,13.54,12.4
DCBM-KITC,GRMK-PLM,7.27,7.4
DCBM-KITC,GRMK-DTA,7.7,8.3
DCBM-KITC,GRMK-SOQ,9.46,8.5
DCBM-KITC,GRMK-XML,18.14,16.8
DCBM-KITC,GRMK-DMT,18.74,15
DCBM-KITC,BRIK-STR,20.64,16.5
DCBM-KITC,BRIK-ALS,29.44,23.4
DCBM-KITC,BRIK-GDB,174.3,129.4
DCBM-KITC,BRIK-CKR,45.86,40.4
DCBM-KITC,BRIK-NRG,27.87,24.1
DCBM-KITC,BRIK-LGK,36.25,28.8
DCBM-KITC,BRIK-BLR,56.52,41.1
DCBM-KITC,BRIK-STL,44.88,38.3
DCBM-KITC,BRIK-KRW,67.02,53.5
DCBM-KITC,BRIK-MTL,20.95,18.2
DCBM-KITC,YMY-BTB,19.02,16.1
DCBM-KITC,GLLR-GLLR,25.66,28
DCBM-KITC,CSRR-CSRR,15.99,13.7
DCBM-KITC,MTSJ-MTSJ,5.43,6.2
DCBM-KITC,CST-GLN,4.27,5.4
DCBM-KITC,MBG-MBG,10.91,12.1
DCBM-KITC,CST-MBG,25.83,25
DCBM-KITC,GDK-KGD,23.01,19.4
DCBM-KITC,GDK-SCBD,3.63,5.1
DCBM-KITC,CST-AYM,13.4,15.6
DCBM-KITC,WTC-WTC,11.12,11.5
DCBM-KITC,FYN-FYN,2.5,2.8
DCBM-KITC,CST-FDC,4.39,7.3
DCBM-KITC,MDS-MDS,4,5.2
DCBM-KITC,MDS-SCBD,2.4,2.9
DCBM-KITC,HKN-HKN,24.05,23.4
MXW-PGJ,GDS,32.82,29.4
MXW-PGJ,CRD,24.09,21.5
MXW-PGJ,KJT,17.83,16.7
MXW-PGJ,BKS,29.26,25.9
MXW-PGJ,CBR,30.51,30.5
MXW-PGJ,MPG,14.82,15.3
MXW-PGJ,RWG,12.6,13.2
MXW-PGJ,KBG,16.31,16.9
MXW-PGJ,BSD,39.77,36
MXW-PGJ,STB,9.92,11.1
MXW-PGJ,MBS,2.45,3.5
MXW-PGJ,DMT,22.4,19.1
MXW-PGJ,DMG,22.44,18.9
MXW-PGJ,KL_CKG,17.02,15.4
MXW-PGJ,KL_KJ,14.02,13.6
MXW-PGJ,ASTR-ASTR,46.22,42.9
MXW-PGJ,BRW-BRW,14.5,16.4
MXW-PGJ,MGL-MGL,4.33,5.1
MXW-PGJ,WSI-ANCB,4.48,5.4
MXW-PGJ,WSI-BTS,4.48,5.4
MXW-PGJ,WSI-PIK,18.17,19.8
MXW-PGJ,WSI-BSD,31.91,28.7
MXW-PGJ,WSI-ANC,4.92,7
MXW-PGJ,BKB-BKB,29.92,28.9
MXW-PGJ,RFS-HANG,13.14,13.7
MXW-PGJ,RFS-WOLT,13.52,15.4
MXW-PGJ,MBL-MBL,15.97,16.3
MXW-PGJ,ADS-ADS,10.29,11.6
MXW-PGJ,LML-LML,29.43,28.2
MXW-PGJ,HYP-HYP,9.88,10.4
MXW-PGJ,SDJ-CNRE,27.87,29.8
MXW-PGJ,SDJ-SDJE,16.81,19.3
MXW-PGJ,SDJ-PSBC,3.76,4.2
MXW-PGJ,SDJ-SCBD,11.91,12.5
MXW-PGJ,SDJ-BNTR,29.96,27.5
MXW-PGJ,SDJ-CJTA,22.91,23
MXW-PGJ,SDJ-PJTN,16.62,18.8
MXW-PGJ,SDJ-CBLH,29.75,27.1
MXW-PGJ,SDJ-KTBT,23.29,22.8
MXW-PGJ,SDJ-ODSS,12.16,12.8
MXW-PGJ,SDJ-SOET,29.75,27.1
MXW-PGJ,SDJ-SMB,25.97,25.1
MXW-PGJ,SDJ-CBS,20.98,21.9
MXW-PGJ,SDJ-PIM,19,17.9
MXW-PGJ,SDJ-CBN,29.75,27.1
MXW-PGJ,SDJ-BLV,25.31,23.1
MXW-PGJ,BFL-BFL,31.17,31.1
MXW-PGJ,BFL-KBY,14.05,14.9
MXW-PGJ,DCGL-BAR,21.31,19.6
MXW-PGJ,DCGS-BAR,33.99,30
MXW-PGJ,DCGL-KITC,21.31,19.6
MXW-PGJ,DCGS-KITC,21.31,19.6
MXW-PGJ,DCBM-BAR,14.48,14.8
MXW-PGJ,DCBM-KITC,14.48,14.8
MXW-PGJ,MXW-PGJ,0,0
MXW-PGJ,MXW-KGD,10.55,11.6
MXW-PGJ,PPY-MTG,7.01,7.9
MXW-PGJ,PPY-CTW,9.73,11.4
MXW-PGJ,PPY-PI,19.47,17.5
MXW-PGJ,PPY-GDS,33.06,29.3
MXW-PGJ,TRF-TRF,25.56,22.4
MXW-PGJ,TRF-CNRE,29.62,28.7
MXW-PGJ,JOEL-JOEL,13.26,14.9
MXW-PGJ,HMD-HMD,29.75,27.1
MXW-PGJ,GO_PPL,15.32,15.5
MXW-PGJ,GO_TBT,11.4,13.4
MXW-PGJ,MDV-KBY,14.19,15.1
MXW-PGJ,MDV-KGD,11.54,13.2
MXW-PGJ,MDV-PURI,16.3,15.9
MXW-PGJ,MDV-PDI,20.91,18.1
MXW-PGJ,MDV-BNTR,25.67,24.1
MXW-PGJ,MDV-PDHB,8.33,8.6
MXW-PGJ,MDV-GRVY,19.07,17.4
MXW-PGJ,SPHS-SPHS,10.73,11
MXW-PGJ,DRSR-DRSR,7.01,8
MXW-PGJ,EXP-EXP,12.06,13.4
MXW-PGJ,EXP-AEON,35.72,34
MXW-PGJ,HHP-HHP,12.43,13.5
MXW-PGJ,GDL-BSD,36.06,33.1
MXW-PGJ,GDL-PIK,17.37,18.2
MXW-PGJ,GDL-MOI,10.1,14.1
MXW-PGJ,GDL-KHI,20.34,18.8
MXW-PGJ,GDL-RDL,15.89,16.5
MXW-PGJ,GDL-PRGN,2.93,4.2
MXW-PGJ,GDL-CNRE,27.71,25.9
MXW-PGJ,GDL-PURI,16.85,16.3
MXW-PGJ,GDL-ANC,4.15,5.8
MXW-PGJ,GDL-GLC,20.87,20
MXW-PGJ,GDL-SCBD,11.9,12.4
MXW-PGJ,DDF-DDF,30.21,28.5
MXW-PGJ,FDMX-VDLM,25.22,22.9
MXW-PGJ,JIN-RST,10.54,11.4
MXW-PGJ,JIN-CKC,0.1,0.6
MXW-PGJ,PDLM-PDLM,12.52,13.4
MXW-PGJ,GOF-GD,22.71,21.9
MXW-PGJ,SMI-SMI,9.96,11.5
MXW-PGJ,CST-RTIW,34.17,32.2
MXW-PGJ,GRMK-PSQ,25.19,21.8
MXW-PGJ,GRMK-CBN,39.65,37.1
MXW-PGJ,GRMK-JUN,28.47,24.8
MXW-PGJ,GRMK-KMY,2.64,3.2
MXW-PGJ,GRMK-TJD,9.37,10.5
MXW-PGJ,GRMK-VTR,23.18,21.2
MXW-PGJ,GRMK-STBD,9.51,10.4
MXW-PGJ,GRMK-FTM,20.06,20.9
MXW-PGJ,GRMK-MRY,14.48,14.5
MXW-PGJ,GRMK-DWS,32.24,33.1
MXW-PGJ,GRMK-CBR,28.92,27.7
MXW-PGJ,GRMK-EMP,6.9,8.3
MXW-PGJ,GRMK-CMP,10.49,12.4
MXW-PGJ,GRMK-LRT,12.44,14.9
MXW-PGJ,GRMK-BSD,30.12,26.8
MXW-PGJ,GRMK-GRH,26.12,24.9
MXW-PGJ,GRMK-CPNG,10.54,11.3
MXW-PGJ,GRMK-PLM,12.36,12.9
MXW-PGJ,GRMK-DTA,14.35,15.9
MXW-PGJ,GRMK-SOQ,22.3,19.9
MXW-PGJ,GRMK-XML,19.87,19.8
MXW-PGJ,GRMK-DMT,16.57,14.8
MXW-PGJ,BRIK-STR,8.81,9.6
MXW-PGJ,BRIK-ALS,29.09,24.7
MXW-PGJ,BRIK-GDB,179.03,135.1
MXW-PGJ,BRIK-CKR,50.1,43.7
MXW-PGJ,BRIK-NRG,31.71,28
MXW-PGJ,BRIK-LGK,35.9,30.2
MXW-PGJ,BRIK-BLR,56.17,42.5
MXW-PGJ,BRIK-STL,49.5,43.3
MXW-PGJ,BRIK-KRW,71.75,59.3
MXW-PGJ,BRIK-MTL,20.6,19.5
MXW-PGJ,YMY-BTB,16.85,15.9
MXW-PGJ,GLLR-GLLR,36.89,36
MXW-PGJ,CSRR-CSRR,7.61,8.2
MXW-PGJ,MTSJ-MTSJ,9.81,11.1
MXW-PGJ,CST-GLN,19.21,17.9
MXW-PGJ,MBG-MBG,18.81,20.9
MXW-PGJ,CST-MBG,22.14,21.2
MXW-PGJ,GDK-KGD,11.18,12.5
MXW-PGJ,GDK-SCBD,11.57,12
MXW-PGJ,CST-AYM,26.76,27.7
MXW-PGJ,WTC-WTC,7.04,7.9
MXW-PGJ,FYN-FYN,15.27,15.8
MXW-PGJ,CST-FDC,13.34,15.3
MXW-PGJ,MDS-MDS,14.33,14.7
MXW-PGJ,MDS-SCBD,12.3,13.1
MXW-PGJ,HKN-HKN,26.93,27.3
MXW-KGD,GDS,39.7,36.6
MXW-KGD,CRD,30.34,26.5
MXW-KGD,KJT,17.02,13.4
MXW-KGD,BKS,24.72,20.5
MXW-KGD,CBR,29.7,27.3
MXW-KGD,MPG,20.73,17.1
MXW-KGD,RWG,9.29,9.4
MXW-KGD,KBG,24.63,25.9
MXW-KGD,BSD,47.61,41.6
MXW-KGD,STB,13.73,13.3
MXW-KGD,MBS,11.9,13.3
MXW-KGD,DMT,30.05,27.3
MXW-KGD,DMG,30.09,27.1
MXW-KGD,KL_CKG,24.66,23.5
MXW-KGD,KL_KJ,10.07,10.8
MXW-KGD,ASTR-ASTR,45.42,39.6
MXW-KGD,BRW-BRW,18.45,15.4
MXW-KGD,MGL-MGL,11.75,12.2
MXW-KGD,WSI-ANCB,11.9,12.5
MXW-KGD,WSI-BTS,11.9,12.5
MXW-KGD,WSI-PIK,27.18,26.8
MXW-KGD,WSI-BSD,38.78,36
MXW-KGD,WSI-ANC,13.2,14.4
MXW-KGD,BKB-BKB,36.64,34.7
MXW-KGD,RFS-HANG,18.45,18
MXW-KGD,RFS-WOLT,20.86,18.1
MXW-KGD,MBL-MBL,22.51,19.1
MXW-KGD,ADS-ADS,15.68,16.3
MXW-KGD,LML-LML,36.16,34
MXW-KGD,HYP-HYP,14.66,14
MXW-KGD,SDJ-CNRE,33.52,32.2
MXW-KGD,SDJ-SDJE,22.72,21.1
MXW-KGD,SDJ-PSBC,10.64,11.4
MXW-KGD,SDJ-SCBD,21.04,16.3
MXW-KGD,SDJ-BNTR,37.8,33.1
MXW-KGD,SDJ-CJTA,22.11,19.7
MXW-KGD,SDJ-PJTN,22.54,20.6
MXW-KGD,SDJ-CBLH,37.59,32.7
MXW-KGD,SDJ-KTBT,17.41,16.4
MXW-KGD,SDJ-ODSS,21.54,17
MXW-KGD,SDJ-SOET,37.59,32.7
MXW-KGD,SDJ-SMB,21.43,19.6
MXW-KGD,SDJ-CBS,26.76,24.4
MXW-KGD,SDJ-PIM,26.83,23.4
MXW-KGD,SDJ-CBN,37.59,32.7
MXW-KGD,SDJ-BLV,31.52,28.6
MXW-KGD,BFL-BFL,35.4,30.2
MXW-KGD,BFL-KBY,20.52,17
MXW-KGD,DCGL-BAR,28.19,26.8
MXW-KGD,DCGS-BAR,40.87,37.2
MXW-KGD,DCGL-KITC,28.19,26.8
MXW-KGD,DCGS-KITC,28.19,26.8
MXW-KGD,DCBM-BAR,21.96,18.4
MXW-KGD,DCBM-KITC,21.96,18.4
MXW-KGD,MXW-PGJ,10.46,11.7
MXW-KGD,MXW-KGD,0,0
MXW-KGD,PPY-MTG,12.87,13.8
MXW-KGD,PPY-CTW,15.12,16
MXW-KGD,PPY-PI,27.3,23
MXW-KGD,PPY-GDS,39.93,36.5
MXW-KGD,TRF-TRF,29.02,25.1
MXW-KGD,TRF-CNRE,34.65,33
MXW-KGD,JOEL-JOEL,20.76,18.1
MXW-KGD,HMD-HMD,37.59,32.7
MXW-KGD,GO_PPL,23.22,19.6
MXW-KGD,GO_TBT,15.13,13.9
MXW-KGD,MDV-KBY,20.67,17.3
MXW-KGD,MDV-KGD,4.23,5.4
MXW-KGD,MDV-PURI,23.18,23.1
MXW-KGD,MDV-PDI,28.75,23.7
MXW-KGD,MDV-BNTR,33.51,29.6
MXW-KGD,MDV-PDHB,7.98,10.4
MXW-KGD,MDV-GRVY,25.02,22
MXW-KGD,SPHS-SPHS,17.76,18.2
MXW-KGD,DRSR-DRSR,12.55,13.4
MXW-KGD,EXP-EXP,17.37,17.6
MXW-KGD,EXP-AEON,42.6,41.2
MXW-KGD,HHP-HHP,21.8,17.7
MXW-KGD,GDL-BSD,42.93,40.3
MXW-KGD,GDL-PIK,26.38,25.2
MXW-KGD,GDL-MOI,1.86,5.3
MXW-KGD,GDL-KHI,15.8,13.3
MXW-KGD,GDL-RDL,23.79,20.4
MXW-KGD,GDL-PRGN,12.39,14
MXW-KGD,GDL-CNRE,32.73,30.2
MXW-KGD,GDL-PURI,23.73,23.5
MXW-KGD,GDL-ANC,13.12,14.8
MXW-KGD,GDL-GLC,27.74,27.2
MXW-KGD,GDL-SCBD,17.21,16.7
MXW-KGD,DDF-DDF,38.05,34.1
MXW-KGD,FDMX-VDLM,30.52,27.6
MXW-KGD,JIN-RST,1.44,2.2
MXW-KGD,JIN-CKC,10.46,11.7
MXW-KGD,PDLM-PDLM,20.45,17.1
MXW-KGD,GOF-GD,31.72,28.9
MXW-KGD,SMI-SMI,15.35,16.2
MXW-KGD,CST-RTIW,37.17,32.1
MXW-KGD,GRMK-PSQ,28.66,24.5
MXW-KGD,GRMK-CBN,38.85,33.8
MXW-KGD,GRMK-JUN,23.94,19.3
MXW-KGD,GRMK-KMY,9.69,10.1
MXW-KGD,GRMK-TJD,17.29,18.8
MXW-KGD,GRMK-VTR,31.02,26.7
MXW-KGD,GRMK-STBD,13.94,13.6
MXW-KGD,GRMK-FTM,27.36,23.9
MXW-KGD,GRMK-MRY,21.36,21.7
MXW-KGD,GRMK-DWS,36.47,32.2
MXW-KGD,GRMK-CBR,28.11,24.4
MXW-KGD,GRMK-EMP,16.93,16.8
MXW-KGD,GRMK-CMP,5.73,6.3
MXW-KGD,GRMK-LRT,4.2,6
MXW-KGD,GRMK-BSD,36.99,34
MXW-KGD,GRMK-GRH,33,32.2
MXW-KGD,GRMK-CPNG,10.31,9.1
MXW-KGD,GRMK-PLM,18.59,19.1
MXW-KGD,GRMK-DTA,18.58,15.1
MXW-KGD,GRMK-SOQ,30.14,25.5
MXW-KGD,GRMK-XML,17.62,15.7
MXW-KGD,GRMK-DMT,24.21,23
MXW-KGD,BRIK-STR,2.12,3.2
MXW-KGD,BRIK-ALS,35.97,31.9
MXW-KGD,BRIK-GDB,173.6,129.9
MXW-KGD,BRIK-CKR,45.56,38.2
MXW-KGD,BRIK-NRG,27.17,22.5
MXW-KGD,BRIK-LGK,42.77,37.4
MXW-KGD,BRIK-BLR,63.04,49.7
MXW-KGD,BRIK-STL,48.7,40
MXW-KGD,BRIK-KRW,66.32,54.1
MXW-KGD,BRIK-MTL,27.48,26.7
MXW-KGD,YMY-BTB,24.49,24.1
MXW-KGD,GLLR-GLLR,43.76,43.2
MXW-KGD,CSRR-CSRR,15.9,15.6
MXW-KGD,MTSJ-MTSJ,15.2,15.7
MXW-KGD,CST-GLN,24.95,22.3
MXW-KGD,MBG-MBG,23.04,20.1
MXW-KGD,CST-MBG,17.6,15.7
MXW-KGD,GDK-KGD,2.08,3.3
MXW-KGD,GDK-SCBD,16.87,16.2
MXW-KGD,CST-AYM,30.99,26.9
MXW-KGD,WTC-WTC,9.7,8.6
MXW-KGD,FYN-FYN,23.17,19.7
MXW-KGD,CST-FDC,18.62,20.5
MXW-KGD,MDS-MDS,19.62,19.9
MXW-KGD,MDS-SCBD,21.68,17.2
MXW-KGD,HKN-HKN,22.82,22.3
PPY-MTG,GDS,29.99,26.2
PPY-MTG,CRD,18.36,16.1
PPY-MTG,KJT,17.04,14.5
PPY-MTG,BKS,27.92,23.8
PPY-MTG,CBR,29.72,28.3
PPY-MTG,MPG,9.7,10.1
PPY-MTG,RWG,11.16,11.6
PPY-MTG,KBG,14.93,15.5
PPY-MTG,BSD,34.04,30.5
PPY-MTG,STB,4.8,5.9
PPY-MTG,MBS,6.8,7.2
PPY-MTG,DMT,20.68,17.1
PPY-MTG,DMG,20.72,16.9
PPY-MTG,KL_CKG,15.3,13.3
PPY-MTG,KL_KJ,17.18,16.7
PPY-MTG,ASTR-ASTR,44.52,38.4
PPY-MTG,BRW-BRW,11.68,11.6
PPY-MTG,MGL-MGL,4.95,5.5
PPY-MTG,WSI-ANCB,4.74,6
PPY-MTG,WSI-BTS,4.74,6
PPY-MTG,WSI-PIK,22.17,22
PPY-MTG,WSI-BSD,29.07,25.6
PPY-MTG,WSI-ANC,10.17,12
PPY-MTG,BKB-BKB,24.19,23.4
PPY-MTG,RFS-HANG,7.37,7.7
PPY-MTG,RFS-WOLT,7.75,9.4
PPY-MTG,MBL-MBL,10.19,10.2
PPY-MTG,ADS-ADS,5.03,5.7
PPY-MTG,LML-LML,23.7,22.7
PPY-MTG,HYP-HYP,4.76,5.3
PPY-MTG,SDJ-CNRE,22.1,23.8
PPY-MTG,SDJ-SDJE,11.69,14.1
PPY-MTG,SDJ-PSBC,3.38,3.6
PPY-MTG,SDJ-SCBD,6.14,6.4
PPY-MTG,SDJ-BNTR,24.24,22
PPY-MTG,SDJ-CJTA,20.79,20.3
PPY-MTG,SDJ-PJTN,11.5,13.7
PPY-MTG,SDJ-CBLH,24.02,21.6
PPY-MTG,SDJ-KTBT,21.96,20.7
PPY-MTG,SDJ-ODSS,6.39,6.8
PPY-MTG,SDJ-SOET,24.02,21.6
PPY-MTG,SDJ-SMB,24.63,23
PPY-MTG,SDJ-CBS,15.21,15.9
PPY-MTG,SDJ-PIM,13.27,12.4
PPY-MTG,SDJ-CBN,24.02,21.6
PPY-MTG,SDJ-BLV,19.58,17.6
PPY-MTG,BFL-BFL,28.35,26.3
PPY-MTG,BFL-KBY,8.27,8.9
PPY-MTG,DCGL-BAR,18.48,16.5
PPY-MTG,DCGS-BAR,31.16,26.8
PPY-MTG,DCGL-KITC,18.48,16.5
PPY-MTG,DCGS-KITC,18.48,16.5
PPY-MTG,DCBM-BAR,8.71,8.7
PPY-MTG,DCBM-KITC,8.71,8.7
PPY-MTG,MXW-PGJ,6.3,7
PPY-MTG,MXW-KGD,10.97,10.9
PPY-MTG,PPY-MTG,0,0
PPY-MTG,PPY-CTW,4.47,5.4
PPY-MTG,PPY-PI,13.74,12
PPY-MTG,PPY-GDS,30.22,26.1
PPY-MTG,TRF-TRF,17.55,16.8
PPY-MTG,TRF-CNRE,23.18,24.7
PPY-MTG,JOEL-JOEL,7.48,8.8
PPY-MTG,HMD-HMD,24.02,21.6
PPY-MTG,GO_PPL,9.54,9.5
PPY-MTG,GO_TBT,7.82,9.3
PPY-MTG,MDV-KBY,8.42,9.1
PPY-MTG,MDV-KGD,10.66,12
PPY-MTG,MDV-PURI,13.47,12.8
PPY-MTG,MDV-PDI,15.18,12.7
PPY-MTG,MDV-BNTR,19.94,18.6
PPY-MTG,MDV-PDHB,10.84,12.9
PPY-MTG,MDV-GRVY,13.35,11.9
PPY-MTG,SPHS-SPHS,4.84,5.5
PPY-MTG,DRSR-DRSR,1.84,3.1
PPY-MTG,EXP-EXP,6.29,7.4
PPY-MTG,EXP-AEON,32.89,30.8
PPY-MTG,HHP-HHP,6.65,7.5
PPY-MTG,GDL-BSD,33.22,29.9
PPY-MTG,GDL-PIK,21.36,20.4
PPY-MTG,GDL-MOI,10.52,13.4
PPY-MTG,GDL-KHI,19,16.7
PPY-MTG,GDL-RDL,10.12,10.5
PPY-MTG,GDL-PRGN,5.74,6.3
PPY-MTG,GDL-CNRE,21.27,21.9
PPY-MTG,GDL-PURI,14.02,13.1
PPY-MTG,GDL-ANC,9.4,10.8
PPY-MTG,GDL-GLC,18.03,16.8
PPY-MTG,GDL-SCBD,6.13,6.4
PPY-MTG,DDF-DDF,24.48,23
PPY-MTG,FDMX-VDLM,19.49,17.4
PPY-MTG,JIN-RST,10.96,10.7
PPY-MTG,JIN-CKC,6.29,6.9
PPY-MTG,PDLM-PDLM,6.75,7.4
PPY-MTG,GOF-GD,26.7,24.1
PPY-MTG,SMI-SMI,4.7,5.5
PPY-MTG,CST-RTIW,28.4,26.2
PPY-MTG,GRMK-PSQ,17.19,16.2
PPY-MTG,GRMK-CBN,37.95,32.6
PPY-MTG,GRMK-JUN,27.14,22.7
PPY-MTG,GRMK-KMY,4.48,5
PPY-MTG,GRMK-TJD,7.58,8.5
PPY-MTG,GRMK-VTR,17.46,15.7
PPY-MTG,GRMK-STBD,4.39,5.2
PPY-MTG,GRMK-FTM,14.29,14.9
PPY-MTG,GRMK-MRY,11.65,11.4
PPY-MTG,GRMK-DWS,29.42,28.2
PPY-MTG,GRMK-CBR,28.13,25.5
PPY-MTG,GRMK-EMP,11.56,10.9
PPY-MTG,GRMK-CMP,9.16,10.3
PPY-MTG,GRMK-LRT,12.27,13.1
PPY-MTG,GRMK-BSD,27.28,23.7
PPY-MTG,GRMK-GRH,23.29,21.8
PPY-MTG,GRMK-CPNG,9.05,9.8
PPY-MTG,GRMK-PLM,7.17,7.8
PPY-MTG,GRMK-DTA,11.53,11.1
PPY-MTG,GRMK-SOQ,16.57,14.4
PPY-MTG,GRMK-XML,18.39,18.3
PPY-MTG,GRMK-DMT,14.85,12.8
PPY-MTG,BRIK-STR,9.23,8.9
PPY-MTG,BRIK-ALS,26.26,21.5
PPY-MTG,BRIK-GDB,178.13,132.2
PPY-MTG,BRIK-CKR,48.76,41.6
PPY-MTG,BRIK-NRG,30.37,25.9
PPY-MTG,BRIK-LGK,33.07,27
PPY-MTG,BRIK-BLR,53.34,39.3
PPY-MTG,BRIK-STL,48.71,41.1
PPY-MTG,BRIK-KRW,70.85,56.3
PPY-MTG,BRIK-MTL,17.77,16.3
PPY-MTG,YMY-BTB,15.13,13.9
PPY-MTG,GLLR-GLLR,34.05,32.8
PPY-MTG,CSRR-CSRR,12.71,12
PPY-MTG,MTSJ-MTSJ,4.54,5.1
PPY-MTG,CST-GLN,13.48,12.4
PPY-MTG,MBG-MBG,15.99,16.1
PPY-MTG,CST-MBG,20.8,19.1
PPY-MTG,GDK-KGD,11.6,11.7
PPY-MTG,GDK-SCBD,5.79,6
PPY-MTG,CST-AYM,23.94,22.9
PPY-MTG,WTC-WTC,5.53,6.2
PPY-MTG,FYN-FYN,9.5,9.8
PPY-MTG,CST-FDC,8.32,10.2
PPY-MTG,MDS-MDS,9.31,9.6
PPY-MTG,MDS-SCBD,6.53,7
PPY-MTG,HKN-HKN,25.45,25.8
PPY-CTW,GDS,31.82,28.1
PPY-CTW,CRD,15.87,15.3
PPY-CTW,KJT,14.71,12.7
PPY-CTW,BKS,26.92,23.1
PPY-CTW,CBR,27.39,26.6
PPY-CTW,MPG,7.72,8.6
PPY-CTW,RWG,12.99,13.8
PPY-CTW,KBG,16.76,17.4
PPY-CTW,BSD,31.55,29.8
PPY-CTW,STB,5.73,7.1
PPY-CTW,MBS,9.11,9.9
PPY-CTW,DMT,23.23,19.3
PPY-CTW,DMG,23.27,19.1
PPY-CTW,KL_CKG,17.85,15.6
PPY-CTW,KL_KJ,22.85,21.9
PPY-CTW,ASTR-ASTR,42.19,36.7
PPY-CTW,BRW-BRW,9.35,9.8
PPY-CTW,MGL-MGL,7.26,8.2
PPY-CTW,WSI-ANCB,7.05,8.6
PPY-CTW,WSI-BTS,7.05,8.6
PPY-CTW,WSI-PIK,24.92,23.5
PPY-CTW,WSI-BSD,30.91,27.5
PPY-CTW,WSI-ANC,12.59,16.1
PPY-CTW,BKB-BKB,20.58,22.9
PPY-CTW,RFS-HANG,5.04,6
PPY-CTW,RFS-WOLT,5.42,7.6
PPY-CTW,MBL-MBL,7.86,8.5
PPY-CTW,ADS-ADS,1.7,2.7
PPY-CTW,LML-LML,20.09,22.2
PPY-CTW,HYP-HYP,3.35,4.8
PPY-CTW,SDJ-CNRE,19.77,22.1
PPY-CTW,SDJ-SDJE,9.7,12.5
PPY-CTW,SDJ-PSBC,7.59,8.3
PPY-CTW,SDJ-SCBD,3.81,4.7
PPY-CTW,SDJ-BNTR,21.74,21.3
PPY-CTW,SDJ-CJTA,18.79,18.6
PPY-CTW,SDJ-PJTN,9.52,12.1
PPY-CTW,SDJ-CBLH,21.52,20.9
PPY-CTW,SDJ-KTBT,19.43,19.8
PPY-CTW,SDJ-ODSS,4.06,5.1
PPY-CTW,SDJ-SOET,21.52,20.9
PPY-CTW,SDJ-SMB,25.46,26
PPY-CTW,SDJ-CBS,12.88,14.1
PPY-CTW,SDJ-PIM,10.77,11.6
PPY-CTW,SDJ-CBN,21.52,20.9
PPY-CTW,SDJ-BLV,17.08,16.8
PPY-CTW,BFL-BFL,26.02,24.5
PPY-CTW,BFL-KBY,5.94,7.2
PPY-CTW,DCGL-BAR,20.31,18.3
PPY-CTW,DCGS-BAR,32.99,28.7
PPY-CTW,DCGL-KITC,20.31,18.3
PPY-CTW,DCGS-KITC,20.31,18.3
PPY-CTW,DCBM-BAR,6.38,7
PPY-CTW,DCBM-KITC,6.38,7
PPY-CTW,MXW-PGJ,10.51,11.6
PPY-CTW,MXW-KGD,16.65,16.2
PPY-CTW,PPY-MTG,4.59,6
PPY-CTW,PPY-CTW,0,0
PPY-CTW,PPY-PI,11.24,11.2
PPY-CTW,PPY-GDS,32.06,28
PPY-CTW,TRF-TRF,15.22,15.1
PPY-CTW,TRF-CNRE,20.85,23
PPY-CTW,JOEL-JOEL,5.15,7.1
PPY-CTW,HMD-HMD,21.52,20.9
PPY-CTW,GO_PPL,7.21,7.8
PPY-CTW,GO_TBT,5.39,6.8
PPY-CTW,MDV-KBY,6.09,7.4
PPY-CTW,MDV-KGD,15.54,17.3
PPY-CTW,MDV-PURI,15.3,14.6
PPY-CTW,MDV-PDI,12.69,11.9
PPY-CTW,MDV-BNTR,17.44,17.8
PPY-CTW,MDV-PDHB,15.05,17.5
PPY-CTW,MDV-GRVY,9.02,10.3
PPY-CTW,SPHS-SPHS,5.1,6.5
PPY-CTW,DRSR-DRSR,5.69,7
PPY-CTW,EXP-EXP,3.96,5.6
PPY-CTW,EXP-AEON,30.7,32
PPY-CTW,HHP-HHP,4.32,5.7
PPY-CTW,GDL-BSD,35.06,31.8
PPY-CTW,GDL-PIK,24.12,21.9
PPY-CTW,GDL-MOI,16.19,18.6
PPY-CTW,GDL-KHI,22.53,21.6
PPY-CTW,GDL-RDL,7.78,8.8
PPY-CTW,GDL-PRGN,8.05,8.9
PPY-CTW,GDL-CNRE,18.93,20.2
PPY-CTW,GDL-PURI,15.85,15
PPY-CTW,GDL-ANC,13.61,15.5
PPY-CTW,GDL-GLC,19.87,18.7
PPY-CTW,GDL-SCBD,3.8,4.7
PPY-CTW,DDF-DDF,21.99,22.3
PPY-CTW,FDMX-VDLM,16.72,17.6
PPY-CTW,JIN-RST,16.64,16
PPY-CTW,JIN-CKC,10.51,11.6
PPY-CTW,PDLM-PDLM,3.06,4.7
PPY-CTW,GOF-GD,29.46,25.6
PPY-CTW,SMI-SMI,1.62,2.7
PPY-CTW,CST-RTIW,26.07,24.5
PPY-CTW,GRMK-PSQ,14.86,14.5
PPY-CTW,GRMK-CBN,35.62,30.9
PPY-CTW,GRMK-JUN,26.6,23.6
PPY-CTW,GRMK-KMY,8.69,9.7
PPY-CTW,GRMK-TJD,9.51,10.3
PPY-CTW,GRMK-VTR,14.96,14.9
PPY-CTW,GRMK-STBD,5.78,6.9
PPY-CTW,GRMK-FTM,11.96,13.2
PPY-CTW,GRMK-MRY,13.49,13.2
PPY-CTW,GRMK-DWS,27.09,26.5
PPY-CTW,GRMK-CBR,25.8,23.8
PPY-CTW,GRMK-EMP,13.49,12.7
PPY-CTW,GRMK-CMP,12.35,13.5
PPY-CTW,GRMK-LRT,17.14,18.4
PPY-CTW,GRMK-BSD,29.12,25.5
PPY-CTW,GRMK-GRH,22.99,23.1
PPY-CTW,GRMK-CPNG,9.65,10.3
PPY-CTW,GRMK-PLM,5.93,7.4
PPY-CTW,GRMK-DTA,9.2,9.4
PPY-CTW,GRMK-SOQ,14.08,13.7
PPY-CTW,GRMK-XML,16.84,16.5
PPY-CTW,GRMK-DMT,17.39,15
PPY-CTW,BRIK-STR,14.91,14.1
PPY-CTW,BRIK-ALS,28.09,23.4
PPY-CTW,BRIK-GDB,175.8,130.4
PPY-CTW,BRIK-CKR,47.36,41.5
PPY-CTW,BRIK-NRG,29.37,25.2
PPY-CTW,BRIK-LGK,34.9,28.9
PPY-CTW,BRIK-BLR,55.17,41.2
PPY-CTW,BRIK-STL,46.38,39.4
PPY-CTW,BRIK-KRW,68.52,54.6
PPY-CTW,BRIK-MTL,19.6,18.2
PPY-CTW,YMY-BTB,17.68,16.1
PPY-CTW,GLLR-GLLR,30.27,33.1
PPY-CTW,CSRR-CSRR,14.64,13.8
PPY-CTW,MTSJ-MTSJ,0.38,1.6
PPY-CTW,CST-GLN,8.94,10.7
PPY-CTW,MBG-MBG,13.66,14.4
PPY-CTW,CST-MBG,24.33,24
PPY-CTW,GDK-KGD,17.28,17
PPY-CTW,GDK-SCBD,3.46,4.3
PPY-CTW,CST-AYM,21.61,21.2
PPY-CTW,WTC-WTC,7.36,8.4
PPY-CTW,FYN-FYN,7.17,8
PPY-CTW,CST-FDC,5.21,8.5
PPY-CTW,MDS-MDS,6.2,7.9
PPY-CTW,MDS-SCBD,4.2,5.3
PPY-CTW,HKN-HKN,24.06,24
PPY-PI,GDS,25.8,27.5
PPY-PI,CRD,4.78,4.9
PPY-PI,KJT,15.54,12.2
PPY-PI,BKS,28.25,24
PPY-PI,CBR,24.62,23.3
PPY-PI,MPG,11.09,10.1
PPY-PI,RWG,24.16,21.9
PPY-PI,KBG,17.12,16.6
PPY-PI,BSD,20.46,19.4
PPY-PI,STB,16.4,14.3
PPY-PI,MBS,19.97,17
PPY-PI,DMT,27.57,22.5
PPY-PI,DMG,27.61,22.4
PPY-PI,KL_CKG,22.19,18.8
PPY-PI,KL_KJ,32.96,29.8
PPY-PI,ASTR-ASTR,37.51,32.4
PPY-PI,BRW-BRW,13.38,12.8
PPY-PI,MGL-MGL,18.11,15.3
PPY-PI,WSI-ANCB,17.91,15.7
PPY-PI,WSI-BTS,17.91,15.7
PPY-PI,WSI-PIK,30.87,27
PPY-PI,WSI-BSD,18.19,19.7
PPY-PI,WSI-ANC,23.96,21
PPY-PI,BKB-BKB,10.6,12.2
PPY-PI,RFS-HANG,8.02,6.6
PPY-PI,RFS-WOLT,8.91,10.7
PPY-PI,MBL-MBL,8.57,8.9
PPY-PI,ADS-ADS,12.06,11
PPY-PI,LML-LML,10.12,11.6
PPY-PI,HYP-HYP,12.93,13.4
PPY-PI,SDJ-CNRE,13.45,15.3
PPY-PI,SDJ-SDJE,8.95,9.6
PPY-PI,SDJ-PSBC,18.45,15.4
PPY-PI,SDJ-SCBD,12.1,11
PPY-PI,SDJ-BNTR,10.65,10.9
PPY-PI,SDJ-CJTA,14.19,12.6
PPY-PI,SDJ-PJTN,9.22,9.9
PPY-PI,SDJ-CBLH,10.43,10.5
PPY-PI,SDJ-KTBT,29.44,24.1
PPY-PI,SDJ-ODSS,9.13,9.9
PPY-PI,SDJ-SOET,10.43,10.5
PPY-PI,SDJ-SMB,33.16,32
PPY-PI,SDJ-CBS,6.38,6.3
PPY-PI,SDJ-PIM,3.52,4.1
PPY-PI,SDJ-CBN,10.43,10.5
PPY-PI,SDJ-BLV,5.99,6.4
PPY-PI,BFL-BFL,22.34,20.5
PPY-PI,BFL-KBY,8,8.6
PPY-PI,DCGL-BAR,20.09,20
PPY-PI,DCGS-BAR,24.4,25
PPY-PI,DCGL-KITC,20.09,20
PPY-PI,DCGS-KITC,20.09,20
PPY-PI,DCBM-BAR,7.04,7.2
PPY-PI,DCBM-KITC,7.04,7.2
PPY-PI,MXW-PGJ,21.37,18.8
PPY-PI,MXW-KGD,26.75,24.1
PPY-PI,PPY-MTG,14.95,14.3
PPY-PI,PPY-CTW,12.11,11.4
PPY-PI,PPY-PI,0,0
PPY-PI,PPY-GDS,25.66,27.1
PPY-PI,TRF-TRF,6.24,5.8
PPY-PI,TRF-CNRE,10.3,12
PPY-PI,JOEL-JOEL,9.88,11.3
PPY-PI,HMD-HMD,10.43,10.5
PPY-PI,GO_PPL,6.44,6.7
PPY-PI,GO_TBT,14.95,16
PPY-PI,MDV-KBY,7.86,8.4
PPY-PI,MDV-KGD,26.44,25.1
PPY-PI,MDV-PURI,17.48,15.9
PPY-PI,MDV-PDI,1.6,1.5
PPY-PI,MDV-BNTR,6.35,7.5
PPY-PI,MDV-PDHB,25.91,24.7
PPY-PI,MDV-GRVY,3.7,3.5
PPY-PI,SPHS-SPHS,12.27,10.4
PPY-PI,DRSR-DRSR,16.05,15.3
PPY-PI,EXP-EXP,10.83,10
PPY-PI,EXP-AEON,20.06,21.7
PPY-PI,HHP-HHP,9.4,10.6
PPY-PI,GDL-BSD,23.36,24.7
PPY-PI,GDL-PIK,30.06,25.4
PPY-PI,GDL-MOI,26.29,26.5
PPY-PI,GDL-KHI,33.7,29.6
PPY-PI,GDL-RDL,4.73,4.6
PPY-PI,GDL-PRGN,18.91,16.1
PPY-PI,GDL-CNRE,8.39,9.2
PPY-PI,GDL-PURI,18.03,16.3
PPY-PI,GDL-ANC,26.67,22.4
PPY-PI,GDL-GLC,19.65,20.3
PPY-PI,GDL-SCBD,12.09,10.9
PPY-PI,DDF-DDF,10.9,11.9
PPY-PI,FDMX-VDLM,5.9,6.2
PPY-PI,JIN-RST,26.74,23.9
PPY-PI,JIN-CKC,21.36,18.8
PPY-PI,PDLM-PDLM,12.52,11.2
PPY-PI,GOF-GD,35.4,29.1
PPY-PI,SMI-SMI,11.98,11
PPY-PI,CST-RTIW,19.76,17.7
PPY-PI,GRMK-PSQ,5.88,5.2
PPY-PI,GRMK-CBN,30.93,26.6
PPY-PI,GRMK-JUN,33.67,28.4
PPY-PI,GRMK-KMY,19.55,16.9
PPY-PI,GRMK-TJD,16.33,13.8
PPY-PI,GRMK-VTR,3.87,4.5
PPY-PI,GRMK-STBD,15.8,14.3
PPY-PI,GRMK-FTM,5.07,4.7
PPY-PI,GRMK-MRY,15.24,13.4
PPY-PI,GRMK-DWS,21.72,19.8
PPY-PI,GRMK-CBR,23.37,21.3
PPY-PI,GRMK-EMP,20.31,16.2
PPY-PI,GRMK-CMP,23.52,21.5
PPY-PI,GRMK-LRT,28.04,26.2
PPY-PI,GRMK-BSD,23.34,22
PPY-PI,GRMK-GRH,18.99,18.5
PPY-PI,GRMK-CPNG,20.02,19
PPY-PI,GRMK-PLM,11.18,9.8
PPY-PI,GRMK-DTA,12.79,12.2
PPY-PI,GRMK-SOQ,2.99,3.3
PPY-PI,GRMK-XML,24.62,23.4
PPY-PI,GRMK-DMT,21.73,18.3
PPY-PI,BRIK-STR,25.01,22
PPY-PI,BRIK-ALS,22.44,23.5
PPY-PI,BRIK-GDB,176.88,132.7
PPY-PI,BRIK-CKR,52.34,47
PPY-PI,BRIK-NRG,27.84,23.9
PPY-PI,BRIK-LGK,34.68,30.5
PPY-PI,BRIK-BLR,54.95,42.8
PPY-PI,BRIK-STL,43.95,36.9
PPY-PI,BRIK-KRW,73.5,60.1
PPY-PI,BRIK-MTL,19.38,19.8
PPY-PI,YMY-BTB,22.02,19.3
PPY-PI,GLLR-GLLR,19.64,22.8
PPY-PI,CSRR-CSRR,21.46,17.3
PPY-PI,MTSJ-MTSJ,12.03,11.4
PPY-PI,CST-GLN,3.84,4
PPY-PI,MBG-MBG,10.19,10.4
PPY-PI,CST-MBG,32.31,31.6
PPY-PI,GDK-KGD,27.38,24.9
PPY-PI,GDK-SCBD,11.76,10.5
PPY-PI,CST-AYM,13.94,15.2
PPY-PI,WTC-WTC,18.53,16.5
PPY-PI,FYN-FYN,6.06,5.2
PPY-PI,CST-FDC,9.99,11.1
PPY-PI,MDS-MDS,9.55,9.3
PPY-PI,MDS-SCBD,9.01,9.6
PPY-PI,HKN-HKN,26.85,23.2
PPY-GDS,GDS,0.67,1.3
PPY-GDS,CRD,28.98,28.5
PPY-GDS,KJT,43.74,34.9
PPY-GDS,BKS,55.96,45.3
PPY-GDS,CBR,47.75,43.4
PPY-GDS,MPG,36.74,31
PPY-GDS,RWG,41.93,37.5
PPY-GDS,KBG,21.96,22.7
PPY-GDS,BSD,13.76,15.6
PPY-GDS,STB,34.59,30.1
PPY-GDS,MBS,32.56,28.5
PPY-GDS,DMT,19.19,19.4
PPY-GDS,DMG,17.62,18.2
PPY-GDS,KL_CKG,23.4,22
PPY-GDS,KL_KJ,49.05,41.7
PPY-GDS,ASTR-ASTR,51.98,43
PPY-GDS,BRW-BRW,38.38,32
PPY-GDS,MGL-MGL,30.7,26.8
PPY-GDS,WSI-ANCB,30.5,27.2
PPY-GDS,WSI-BTS,30.5,27.2
PPY-GDS,WSI-PIK,31.64,32.4
PPY-GDS,WSI-BSD,7.28,8.4
PPY-GDS,WSI-ANC,36.48,32.5
PPY-GDS,BKB-BKB,18.69,20
PPY-GDS,RFS-HANG,31.62,28.6
PPY-GDS,RFS-WOLT,34.64,30.7
PPY-GDS,MBL-MBL,37.09,31.6
PPY-GDS,ADS-ADS,33.17,28.4
PPY-GDS,LML-LML,18.2,19.4
PPY-GDS,HYP-HYP,34.88,30.3
PPY-GDS,SDJ-CNRE,28.3,28
PPY-GDS,SDJ-SDJE,33.23,33.2
PPY-GDS,SDJ-PSBC,31.04,26.9
PPY-GDS,SDJ-SCBD,33.03,27.8
PPY-GDS,SDJ-BNTR,18.68,19.5
PPY-GDS,SDJ-CJTA,42.91,35.6
PPY-GDS,SDJ-PJTN,33.5,33.4
PPY-GDS,SDJ-CBLH,18.46,19.1
PPY-GDS,SDJ-KTBT,51.32,42.3
PPY-GDS,SDJ-ODSS,33.28,28.1
PPY-GDS,SDJ-SOET,18.46,19.1
PPY-GDS,SDJ-SMB,57.21,48.7
PPY-GDS,SDJ-CBS,30.66,29.9
PPY-GDS,SDJ-PIM,27.09,28.6
PPY-GDS,SDJ-CBN,18.46,19.1
PPY-GDS,SDJ-BLV,25.71,26.9
PPY-GDS,BFL-BFL,36.25,31.4
PPY-GDS,BFL-KBY,35.17,30.2
PPY-GDS,DCGL-BAR,17.74,17.6
PPY-GDS,DCGS-BAR,1.68,2.4
PPY-GDS,DCGL-KITC,17.74,17.6
PPY-GDS,DCGS-KITC,17.74,17.6
PPY-GDS,DCBM-BAR,35.6,30
PPY-GDS,DCBM-KITC,35.6,30
PPY-GDS,MXW-PGJ,33.96,30.2
PPY-GDS,MXW-KGD,41.74,36.8
PPY-GDS,PPY-MTG,31.67,27.4
PPY-GDS,PPY-CTW,32.12,28.1
PPY-GDS,PPY-PI,26.7,27.5
PPY-GDS,PPY-GDS,0,0
PPY-GDS,TRF-TRF,30.52,29.3
PPY-GDS,TRF-CNRE,27.75,27.1
PPY-GDS,JOEL-JOEL,34.38,30.2
PPY-GDS,HMD-HMD,18.46,19.1
PPY-GDS,GO_PPL,36.44,30.8
PPY-GDS,GO_TBT,39.01,32.7
PPY-GDS,MDV-KBY,35.31,30.4
PPY-GDS,MDV-KGD,41.43,37.9
PPY-GDS,MDV-PURI,20.59,20.1
PPY-GDS,MDV-PDI,25.38,26.1
PPY-GDS,MDV-BNTR,20.6,21
PPY-GDS,MDV-PDHB,38.5,36.1
PPY-GDS,MDV-GRVY,27.27,28
PPY-GDS,SPHS-SPHS,29.44,25
PPY-GDS,DRSR-DRSR,32.61,29
PPY-GDS,EXP-EXP,31.95,27.4
PPY-GDS,EXP-AEON,6.05,8.4
PPY-GDS,HHP-HHP,33.55,28.8
PPY-GDS,GDL-BSD,3.68,5
PPY-GDS,GDL-PIK,30.83,30.8
PPY-GDS,GDL-MOI,41.29,39.3
PPY-GDS,GDL-KHI,49.77,42.6
PPY-GDS,GDL-RDL,28.3,29
PPY-GDS,GDL-PRGN,31.5,27.5
PPY-GDS,GDL-CNRE,28.73,27.5
PPY-GDS,GDL-PURI,19.94,19
PPY-GDS,GDL-ANC,39.17,34
PPY-GDS,GDL-GLC,17.3,18
PPY-GDS,GDL-SCBD,33.03,27.7
PPY-GDS,DDF-DDF,16.43,19
PPY-GDS,FDMX-VDLM,30.93,29.6
PPY-GDS,JIN-RST,41.73,36.6
PPY-GDS,JIN-CKC,33.95,30.2
PPY-GDS,PDLM-PDLM,33.45,28
PPY-GDS,GOF-GD,25.4,26.5
PPY-GDS,SMI-SMI,33.1,28.4
PPY-GDS,CST-RTIW,32.29,29.3
PPY-GDS,GRMK-PSQ,30.16,28.7
PPY-GDS,GRMK-CBN,45.41,37.2
PPY-GDS,GRMK-JUN,57.12,46.2
PPY-GDS,GRMK-KMY,32.14,28.3
PPY-GDS,GRMK-TJD,26.75,24.9
PPY-GDS,GRMK-VTR,21.42,21.7
PPY-GDS,GRMK-STBD,34,30.2
PPY-GDS,GRMK-FTM,29.35,28.3
PPY-GDS,GRMK-MRY,23.18,22.4
PPY-GDS,GRMK-DWS,34.25,31.4
PPY-GDS,GRMK-CBR,42.08,38.1
PPY-GDS,GRMK-EMP,32.82,27.7
PPY-GDS,GRMK-CMP,39.93,36.2
PPY-GDS,GRMK-LRT,43.04,39
PPY-GDS,GRMK-BSD,8.24,10
PPY-GDS,GRMK-GRH,12.61,14.8
PPY-GDS,GRMK-CPNG,39.36,35.6
PPY-GDS,GRMK-PLM,31.07,26.9
PPY-GDS,GRMK-DTA,38.23,31.6
PPY-GDS,GRMK-SOQ,27.27,26.8
PPY-GDS,GRMK-XML,48.67,40.1
PPY-GDS,GRMK-DMT,24.32,22.8
PPY-GDS,BRIK-STR,40,34.8
PPY-GDS,BRIK-ALS,7.63,9.7
PPY-GDS,BRIK-GDB,182.92,143.3
PPY-GDS,BRIK-CKR,76.39,63.7
PPY-GDS,BRIK-NRG,58.4,47.4
PPY-GDS,BRIK-LGK,5.88,7.6
PPY-GDS,BRIK-BLR,34.08,28.2
PPY-GDS,BRIK-STL,57.92,47.8
PPY-GDS,BRIK-KRW,97.55,76.8
PPY-GDS,BRIK-MTL,17.03,17.5
PPY-GDS,YMY-BTB,21.16,21.6
PPY-GDS,GLLR-GLLR,9.55,12.8
PPY-GDS,CSRR-CSRR,33.97,28.8
PPY-GDS,MTSJ-MTSJ,32.19,27.8
PPY-GDS,CST-GLN,27.41,28.5
PPY-GDS,MBG-MBG,34.47,34
PPY-GDS,CST-MBG,51.57,45
PPY-GDS,GDK-KGD,42.37,37.7
PPY-GDS,GDK-SCBD,32.69,27.3
PPY-GDS,CST-AYM,32.58,32.2
PPY-GDS,WTC-WTC,36.3,32.1
PPY-GDS,FYN-FYN,31.95,29
PPY-GDS,CST-FDC,32.05,29.3
PPY-GDS,MDS-MDS,33.04,28.7
PPY-GDS,MDS-SCBD,33.42,28.3
PPY-GDS,HKN-HKN,54.58,46.6
TRF-TRF,GDS,28.07,28
TRF-TRF,CRD,1.59,2.2
TRF-TRF,KJT,14.57,11.7
TRF-TRF,BKS,27.28,23.5
TRF-TRF,CBR,23.65,22.8
TRF-TRF,MPG,10.11,9.6
TRF-TRF,RWG,28.21,22.5
TRF-TRF,KBG,17.06,18.6
TRF-TRF,BSD,19.53,18.9
TRF-TRF,STB,17.51,15.4
TRF-TRF,MBS,21.08,18.2
TRF-TRF,DMT,24.86,22.6
TRF-TRF,DMG,24.9,22.4
TRF-TRF,KL_CKG,19.48,18.8
TRF-TRF,KL_KJ,38.09,30.5
TRF-TRF,ASTR-ASTR,36.53,31.9
TRF-TRF,BRW-BRW,12.4,12.2
TRF-TRF,MGL-MGL,19.23,16.4
TRF-TRF,WSI-ANCB,19.03,16.8
TRF-TRF,WSI-BTS,19.03,16.8
TRF-TRF,WSI-PIK,26.31,27.6
TRF-TRF,WSI-BSD,24.04,20.5
TRF-TRF,WSI-ANC,25.08,22.1
TRF-TRF,BKB-BKB,11.54,13.2
TRF-TRF,RFS-HANG,9.14,7.7
TRF-TRF,RFS-WOLT,10.03,11.8
TRF-TRF,MBL-MBL,10.12,9.7
TRF-TRF,ADS-ADS,13.18,12.1
TRF-TRF,LML-LML,11.05,12.5
TRF-TRF,HYP-HYP,15.29,14.4
TRF-TRF,SDJ-CNRE,7.31,9.9
TRF-TRF,SDJ-SDJE,7.97,9.1
TRF-TRF,SDJ-PSBC,19.57,16.5
TRF-TRF,SDJ-SCBD,13.22,12.1
TRF-TRF,SDJ-BNTR,9.72,10.4
TRF-TRF,SDJ-CJTA,13.22,12.1
TRF-TRF,SDJ-PJTN,8.25,9.3
TRF-TRF,SDJ-CBLH,9.5,10
TRF-TRF,SDJ-KTBT,28.47,23.5
TRF-TRF,SDJ-ODSS,10.25,11
TRF-TRF,SDJ-SOET,9.5,10
TRF-TRF,SDJ-SMB,33.48,31.5
TRF-TRF,SDJ-CBS,5.41,5.8
TRF-TRF,SDJ-PIM,4.64,5.2
TRF-TRF,SDJ-CBN,9.5,10
TRF-TRF,SDJ-BLV,2.77,4.3
TRF-TRF,BFL-BFL,21.36,20
TRF-TRF,BFL-KBY,9.12,9.7
TRF-TRF,DCGL-BAR,19.19,19.3
TRF-TRF,DCGS-BAR,26.43,25.9
TRF-TRF,DCGL-KITC,19.19,19.3
TRF-TRF,DCGS-KITC,19.19,19.3
TRF-TRF,DCBM-BAR,8.16,8.3
TRF-TRF,DCBM-KITC,8.16,8.3
TRF-TRF,MXW-PGJ,22.49,19.9
TRF-TRF,MXW-KGD,31.88,24.8
TRF-TRF,PPY-MTG,16.07,15.4
TRF-TRF,PPY-CTW,13.23,12.5
TRF-TRF,PPY-PI,4.25,4.2
TRF-TRF,PPY-GDS,28.3,28
TRF-TRF,TRF-TRF,0,0
TRF-TRF,TRF-CNRE,6.32,8.8
TRF-TRF,JOEL-JOEL,11,12.4
TRF-TRF,HMD-HMD,9.5,10
TRF-TRF,GO_PPL,7.49,7.1
TRF-TRF,GO_TBT,16.65,16.7
TRF-TRF,MDV-KBY,8.98,9.5
TRF-TRF,MDV-KGD,31.54,25.9
TRF-TRF,MDV-PURI,15.61,15.9
TRF-TRF,MDV-PDI,2.19,2.3
TRF-TRF,MDV-BNTR,7.29,8.4
TRF-TRF,MDV-PDHB,27.03,25.8
TRF-TRF,MDV-GRVY,4.82,4.6
TRF-TRF,SPHS-SPHS,13.39,11.6
TRF-TRF,DRSR-DRSR,17.17,16.4
TRF-TRF,EXP-EXP,11.95,11.2
TRF-TRF,EXP-AEON,24.39,22.6
TRF-TRF,HHP-HHP,10.51,11.7
TRF-TRF,GDL-BSD,25.4,25.6
TRF-TRF,GDL-PIK,25.51,26
TRF-TRF,GDL-MOI,31.42,27.2
TRF-TRF,GDL-KHI,37.75,30.2
TRF-TRF,GDL-RDL,5.85,5.7
TRF-TRF,GDL-PRGN,20.03,17.2
TRF-TRF,GDL-CNRE,4.41,6
TRF-TRF,GDL-PURI,16.15,16.2
TRF-TRF,GDL-ANC,27.79,23.5
TRF-TRF,GDL-GLC,18.74,19.7
TRF-TRF,GDL-SCBD,13.21,12
TRF-TRF,DDF-DDF,11.83,12.8
TRF-TRF,FDMX-VDLM,1.92,3
TRF-TRF,JIN-RST,31.87,24.5
TRF-TRF,JIN-CKC,22.48,19.9
TRF-TRF,PDLM-PDLM,13.63,12.4
TRF-TRF,GOF-GD,36.52,30.2
TRF-TRF,SMI-SMI,13.1,12.1
TRF-TRF,CST-RTIW,18.78,17.2
TRF-TRF,GRMK-PSQ,1.07,1.6
TRF-TRF,GRMK-CBN,29.96,26.1
TRF-TRF,GRMK-JUN,32.7,27.9
TRF-TRF,GRMK-KMY,20.67,18
TRF-TRF,GRMK-TJD,17.45,14.9
TRF-TRF,GRMK-VTR,4.81,5.5
TRF-TRF,GRMK-STBD,16.92,15.4
TRF-TRF,GRMK-FTM,4.1,4.2
TRF-TRF,GRMK-MRY,16.36,14.6
TRF-TRF,GRMK-DWS,20.75,19.3
TRF-TRF,GRMK-CBR,22.39,20.7
TRF-TRF,GRMK-EMP,21.43,17.3
TRF-TRF,GRMK-CMP,27.58,22.1
TRF-TRF,GRMK-LRT,33.15,27
TRF-TRF,GRMK-BSD,22.4,21.5
TRF-TRF,GRMK-GRH,18.09,17.9
TRF-TRF,GRMK-CPNG,23.04,18.6
TRF-TRF,GRMK-PLM,12.29,11
TRF-TRF,GRMK-DTA,11.82,11.7
TRF-TRF,GRMK-SOQ,2.01,2.7
TRF-TRF,GRMK-XML,27.64,23
TRF-TRF,GRMK-DMT,19.02,18.3
TRF-TRF,BRIK-STR,30.14,22.7
TRF-TRF,BRIK-ALS,26.97,24.4
TRF-TRF,BRIK-GDB,175.91,132.2
TRF-TRF,BRIK-CKR,53.77,46.6
TRF-TRF,BRIK-NRG,26.86,23.3
TRF-TRF,BRIK-LGK,33.78,29.9
TRF-TRF,BRIK-BLR,54.05,42.2
TRF-TRF,BRIK-STL,42.98,36.3
TRF-TRF,BRIK-KRW,74.93,59.7
TRF-TRF,BRIK-MTL,18.48,19.2
TRF-TRF,YMY-BTB,19.31,19.3
TRF-TRF,GLLR-GLLR,23.97,23.7
TRF-TRF,CSRR-CSRR,22.58,18.4
TRF-TRF,MTSJ-MTSJ,13.15,12.5
TRF-TRF,CST-GLN,4.95,5.1
TRF-TRF,MBG-MBG,9.22,9.9
TRF-TRF,CST-MBG,35.67,31.1
TRF-TRF,GDK-KGD,32.51,25.6
TRF-TRF,GDK-SCBD,12.87,11.6
TRF-TRF,CST-AYM,12.97,14.6
TRF-TRF,WTC-WTC,19.64,17.6
TRF-TRF,FYN-FYN,7.18,6.3
TRF-TRF,CST-FDC,11.1,12.2
TRF-TRF,MDS-MDS,10.66,10.4
TRF-TRF,MDS-SCBD,10.13,10.7
TRF-TRF,HKN-HKN,25.88,22.6
TRF-CNRE,GDS,28.54,28.9
TRF-CNRE,CRD,6.96,9.9
TRF-CNRE,KJT,18.82,18.1
TRF-CNRE,BKS,31.53,29.9
TRF-CNRE,CBR,26.94,27.3
TRF-CNRE,MPG,14.36,16
TRF-CNRE,RWG,32.46,28.9
TRF-CNRE,KBG,25.07,27.7
TRF-CNRE,BSD,16.49,20.5
TRF-CNRE,STB,21.97,24.5
TRF-CNRE,MBS,29.09,27.3
TRF-CNRE,DMT,32.87,31.7
TRF-CNRE,DMG,32.91,31.5
TRF-CNRE,KL_CKG,27.49,28
TRF-CNRE,KL_KJ,42.34,36.9
TRF-CNRE,ASTR-ASTR,31.17,26.9
TRF-CNRE,BRW-BRW,16.65,18.6
TRF-CNRE,MGL-MGL,27.24,25.6
TRF-CNRE,WSI-ANCB,27.03,26
TRF-CNRE,WSI-BTS,27.03,26
TRF-CNRE,WSI-PIK,34.32,36.7
TRF-CNRE,WSI-BSD,22.45,21
TRF-CNRE,WSI-ANC,33.09,31.2
TRF-CNRE,BKB-BKB,15.18,19.6
TRF-CNRE,RFS-HANG,17.14,16.8
TRF-CNRE,RFS-WOLT,15.42,18.6
TRF-CNRE,MBL-MBL,14.37,16.1
TRF-CNRE,ADS-ADS,18,20.3
TRF-CNRE,LML-LML,14.7,18.9
TRF-CNRE,HYP-HYP,19.53,20.8
TRF-CNRE,SDJ-CNRE,1.51,3.7
TRF-CNRE,SDJ-SDJE,12.22,15.5
TRF-CNRE,SDJ-PSBC,27.57,25.7
TRF-CNRE,SDJ-SCBD,16.28,18.9
TRF-CNRE,SDJ-BNTR,12.84,16.3
TRF-CNRE,SDJ-CJTA,17.47,18.5
TRF-CNRE,SDJ-PJTN,12.49,15.7
TRF-CNRE,SDJ-CBLH,12.62,15.9
TRF-CNRE,SDJ-KTBT,32.72,29.9
TRF-CNRE,SDJ-ODSS,15.51,17.8
TRF-CNRE,SDJ-SOET,12.62,15.9
TRF-CNRE,SDJ-SMB,37.73,37.9
TRF-CNRE,SDJ-CBS,9.66,12.2
TRF-CNRE,SDJ-PIM,12.65,14.3
TRF-CNRE,SDJ-CBN,12.62,15.9
TRF-CNRE,SDJ-BLV,6.35,9.8
TRF-CNRE,BFL-BFL,15.44,15.3
TRF-CNRE,BFL-KBY,14.52,16.5
TRF-CNRE,DCGL-BAR,27.2,28.5
TRF-CNRE,DCGS-BAR,27.14,26.4
TRF-CNRE,DCGL-KITC,27.2,28.5
TRF-CNRE,DCGS-KITC,27.2,28.5
TRF-CNRE,DCBM-BAR,13.28,15.1
TRF-CNRE,DCBM-KITC,13.28,15.1
TRF-CNRE,MXW-PGJ,30.5,29
TRF-CNRE,MXW-KGD,36.13,31.2
TRF-CNRE,PPY-MTG,20.89,23.6
TRF-CNRE,PPY-CTW,18.05,20.7
TRF-CNRE,PPY-PI,12.25,13.3
TRF-CNRE,PPY-GDS,28.4,28.6
TRF-CNRE,TRF-TRF,6.36,9
TRF-CNRE,TRF-CNRE,0,0
TRF-CNRE,JOEL-JOEL,16.09,18.9
TRF-CNRE,HMD-HMD,12.62,15.9
TRF-CNRE,GO_PPL,11.76,13.4
TRF-CNRE,GO_TBT,20.9,23.1
TRF-CNRE,MDV-KBY,14.37,16.3
TRF-CNRE,MDV-KGD,35.79,32.3
TRF-CNRE,MDV-PURI,23.61,25
TRF-CNRE,MDV-PDI,10.19,11.5
TRF-CNRE,MDV-BNTR,15.3,17.5
TRF-CNRE,MDV-PDHB,35.03,34.9
TRF-CNRE,MDV-GRVY,12.83,13.7
TRF-CNRE,SPHS-SPHS,21.4,20.7
TRF-CNRE,DRSR-DRSR,21.99,24.6
TRF-CNRE,EXP-EXP,16.77,19.4
TRF-CNRE,EXP-AEON,22.8,23.1
TRF-CNRE,HHP-HHP,15.77,18.4
TRF-CNRE,GDL-BSD,26.1,26.2
TRF-CNRE,GDL-PIK,33.52,35.1
TRF-CNRE,GDL-MOI,35.67,33.6
TRF-CNRE,GDL-KHI,42,36.6
TRF-CNRE,GDL-RDL,13.86,14.8
TRF-CNRE,GDL-PRGN,28.04,26.3
TRF-CNRE,GDL-CNRE,2.4,4.4
TRF-CNRE,GDL-PURI,24.16,25.3
TRF-CNRE,GDL-ANC,35.79,32.6
TRF-CNRE,GDL-GLC,26.75,28.8
TRF-CNRE,GDL-SCBD,16.14,18.8
TRF-CNRE,DDF-DDF,16.03,19.9
TRF-CNRE,FDMX-VDLM,4.6,6.5
TRF-CNRE,JIN-RST,36.12,30.9
TRF-CNRE,JIN-CKC,30.49,29
TRF-CNRE,PDLM-PDLM,18.46,20.6
TRF-CNRE,GOF-GD,44.53,39.3
TRF-CNRE,SMI-SMI,17.92,20.3
TRF-CNRE,CST-RTIW,10.6,12.4
TRF-CNRE,GRMK-PSQ,9.08,10.8
TRF-CNRE,GRMK-CBN,24.6,21.1
TRF-CNRE,GRMK-JUN,36.95,34.3
TRF-CNRE,GRMK-KMY,28.68,27.1
TRF-CNRE,GRMK-TJD,25.45,24.1
TRF-CNRE,GRMK-VTR,12.82,14.6
TRF-CNRE,GRMK-STBD,21.99,23.9
TRF-CNRE,GRMK-FTM,8.36,10.5
TRF-CNRE,GRMK-MRY,24.37,23.7
TRF-CNRE,GRMK-DWS,12.56,14.5
TRF-CNRE,GRMK-CBR,21.27,22
TRF-CNRE,GRMK-EMP,29.44,26.4
TRF-CNRE,GRMK-CMP,31.83,28.5
TRF-CNRE,GRMK-LRT,37.4,33.4
TRF-CNRE,GRMK-BSD,23.68,23.2
TRF-CNRE,GRMK-GRH,26.26,24.6
TRF-CNRE,GRMK-CPNG,27.29,25
TRF-CNRE,GRMK-PLM,20.3,20.1
TRF-CNRE,GRMK-DTA,16.07,18.1
TRF-CNRE,GRMK-SOQ,10.02,11.9
TRF-CNRE,GRMK-XML,31.89,29.4
TRF-CNRE,GRMK-DMT,27.03,27.4
TRF-CNRE,BRIK-STR,34.39,29.1
TRF-CNRE,BRIK-ALS,27.56,27
TRF-CNRE,BRIK-GDB,169.87,129.3
TRF-CNRE,BRIK-CKR,57.91,49.3
TRF-CNRE,BRIK-NRG,31.11,29.7
TRF-CNRE,BRIK-LGK,33.22,32
TRF-CNRE,BRIK-BLR,60.18,51.1
TRF-CNRE,BRIK-STL,37.11,31.7
TRF-CNRE,BRIK-KRW,77.88,62.1
TRF-CNRE,BRIK-MTL,26.49,28.4
TRF-CNRE,YMY-BTB,27.32,28.4
TRF-CNRE,GLLR-GLLR,22.38,24.2
TRF-CNRE,CSRR-CSRR,30.59,27.5
TRF-CNRE,MTSJ-MTSJ,17.97,20.7
TRF-CNRE,CST-GLN,12.96,14.2
TRF-CNRE,MBG-MBG,13.47,16.3
TRF-CNRE,CST-MBG,39.92,37.5
TRF-CNRE,GDK-KGD,36.76,32
TRF-CNRE,GDK-SCBD,16.63,19.7
TRF-CNRE,CST-AYM,7.94,11.8
TRF-CNRE,WTC-WTC,23.66,26
TRF-CNRE,FYN-FYN,15.18,15.4
TRF-CNRE,CST-FDC,19.11,21.4
TRF-CNRE,MDS-MDS,18.67,19.5
TRF-CNRE,MDS-SCBD,15.39,17.5
TRF-CNRE,HKN-HKN,30.13,29
JOEL-JOEL,GDS,33.53,29.5
JOEL-JOEL,CRD,12.14,12.9
JOEL-JOEL,KJT,12.38,11.4
JOEL-JOEL,BKS,24.59,21.7
JOEL-JOEL,CBR,25.06,25.2
JOEL-JOEL,MPG,4.89,6.4
JOEL-JOEL,RWG,17.87,16
JOEL-JOEL,KBG,14.88,17.8
JOEL-JOEL,BSD,28.04,26.8
JOEL-JOEL,STB,8.48,10.4
JOEL-JOEL,MBS,13.23,14.4
JOEL-JOEL,DMT,24.94,20.7
JOEL-JOEL,DMG,24.98,20.6
JOEL-JOEL,KL_CKG,19.56,17
JOEL-JOEL,KL_KJ,27.75,24
JOEL-JOEL,ASTR-ASTR,39.86,35.3
JOEL-JOEL,BRW-BRW,5.92,7.9
JOEL-JOEL,MGL-MGL,11.38,12.7
JOEL-JOEL,WSI-ANCB,11.17,13.1
JOEL-JOEL,WSI-BTS,11.17,13.1
JOEL-JOEL,WSI-PIK,25.75,24.7
JOEL-JOEL,WSI-BSD,25.76,27.1
JOEL-JOEL,WSI-ANC,18.85,18.9
JOEL-JOEL,BKB-BKB,17.07,19.9
JOEL-JOEL,RFS-HANG,3.51,5
JOEL-JOEL,RFS-WOLT,1.03,2.9
JOEL-JOEL,MBL-MBL,3.47,4.9
JOEL-JOEL,ADS-ADS,5.82,7.2
JOEL-JOEL,LML-LML,16.58,19.2
JOEL-JOEL,HYP-HYP,5.62,6.6
JOEL-JOEL,SDJ-CNRE,15.37,18.5
JOEL-JOEL,SDJ-SDJE,6.88,10.3
JOEL-JOEL,SDJ-PSBC,12.2,12.7
JOEL-JOEL,SDJ-SCBD,2.49,4.3
JOEL-JOEL,SDJ-BNTR,18.23,18.3
JOEL-JOEL,SDJ-CJTA,15.98,16.5
JOEL-JOEL,SDJ-PJTN,6.7,9.9
JOEL-JOEL,SDJ-CBLH,18.01,17.9
JOEL-JOEL,SDJ-KTBT,19.95,18.7
JOEL-JOEL,SDJ-ODSS,1.72,3.2
JOEL-JOEL,SDJ-SOET,18.01,17.9
JOEL-JOEL,SDJ-SMB,25.84,25.1
JOEL-JOEL,SDJ-CBS,8.48,10.6
JOEL-JOEL,SDJ-PIM,7.26,8.6
JOEL-JOEL,SDJ-CBN,18.01,17.9
JOEL-JOEL,SDJ-BLV,13.32,15
JOEL-JOEL,BFL-BFL,23.69,23.2
JOEL-JOEL,BFL-KBY,0.95,2.2
JOEL-JOEL,DCGL-BAR,22.02,19.8
JOEL-JOEL,DCGS-BAR,34.7,30.1
JOEL-JOEL,DCGL-KITC,22.02,19.8
JOEL-JOEL,DCGS-KITC,22.02,19.8
JOEL-JOEL,DCBM-BAR,2.39,3.6
JOEL-JOEL,DCBM-KITC,2.39,3.6
JOEL-JOEL,MXW-PGJ,15.12,16.1
JOEL-JOEL,MXW-KGD,21.55,18.3
JOEL-JOEL,PPY-MTG,8.71,10.6
JOEL-JOEL,PPY-CTW,5.87,7.6
JOEL-JOEL,PPY-PI,7.73,8.2
JOEL-JOEL,PPY-GDS,33.77,29.5
JOEL-JOEL,TRF-TRF,10.83,11.5
JOEL-JOEL,TRF-CNRE,16.45,19.4
JOEL-JOEL,JOEL-JOEL,0,0
JOEL-JOEL,HMD-HMD,18.01,17.9
JOEL-JOEL,GO_PPL,3.65,4.8
JOEL-JOEL,GO_TBT,7.64,9.1
JOEL-JOEL,MDV-KBY,1.1,2.5
JOEL-JOEL,MDV-KGD,21.21,19.5
JOEL-JOEL,MDV-PURI,17.01,16.1
JOEL-JOEL,MDV-PDI,9.18,8.9
JOEL-JOEL,MDV-BNTR,13.93,14.8
JOEL-JOEL,MDV-PDHB,19.66,22
JOEL-JOEL,MDV-GRVY,5.45,7.2
JOEL-JOEL,SPHS-SPHS,6.81,7.9
JOEL-JOEL,DRSR-DRSR,9.29,10.4
JOEL-JOEL,EXP-EXP,4.6,6.3
JOEL-JOEL,EXP-AEON,27.19,29
JOEL-JOEL,HHP-HHP,1.98,3.8
JOEL-JOEL,GDL-BSD,30.48,32.1
JOEL-JOEL,GDL-PIK,24.95,23.1
JOEL-JOEL,GDL-MOI,21.09,20.7
JOEL-JOEL,GDL-KHI,27.41,23.7
JOEL-JOEL,GDL-RDL,4.22,5.6
JOEL-JOEL,GDL-PRGN,12.17,13.5
JOEL-JOEL,GDL-CNRE,14.54,16.6
JOEL-JOEL,GDL-PURI,17.56,16.4
JOEL-JOEL,GDL-ANC,18.22,19.9
JOEL-JOEL,GDL-GLC,21.57,20.1
JOEL-JOEL,GDL-SCBD,2.34,4.2
JOEL-JOEL,DDF-DDF,18.47,19.3
JOEL-JOEL,FDMX-VDLM,12.33,14
JOEL-JOEL,JIN-RST,21.53,18.1
JOEL-JOEL,JIN-CKC,15.12,16
JOEL-JOEL,PDLM-PDLM,4.94,6.7
JOEL-JOEL,GOF-GD,30.29,26.8
JOEL-JOEL,SMI-SMI,5.74,7.2
JOEL-JOEL,CST-RTIW,21.67,20.9
JOEL-JOEL,GRMK-PSQ,10.46,10.9
JOEL-JOEL,GRMK-CBN,33.29,29.5
JOEL-JOEL,GRMK-JUN,25.76,22.6
JOEL-JOEL,GRMK-KMY,13.3,14.1
JOEL-JOEL,GRMK-TJD,11.22,11.8
JOEL-JOEL,GRMK-VTR,11.45,11.9
JOEL-JOEL,GRMK-STBD,8.07,9.7
JOEL-JOEL,GRMK-FTM,8.32,9.7
JOEL-JOEL,GRMK-MRY,13,14.6
JOEL-JOEL,GRMK-DWS,23.64,23
JOEL-JOEL,GRMK-CBR,23.47,22.4
JOEL-JOEL,GRMK-EMP,15.2,14.1
JOEL-JOEL,GRMK-CMP,17.25,15.6
JOEL-JOEL,GRMK-LRT,22.81,20.5
JOEL-JOEL,GRMK-BSD,30.83,27
JOEL-JOEL,GRMK-GRH,19.47,20.1
JOEL-JOEL,GRMK-CPNG,12.71,12.2
JOEL-JOEL,GRMK-PLM,7.64,8.9
JOEL-JOEL,GRMK-DTA,6.87,8
JOEL-JOEL,GRMK-SOQ,10.57,10.7
JOEL-JOEL,GRMK-XML,17.31,16.5
JOEL-JOEL,GRMK-DMT,19.1,16.5
JOEL-JOEL,BRIK-STR,19.81,16.2
JOEL-JOEL,BRIK-ALS,29.8,24.8
JOEL-JOEL,BRIK-GDB,173.47,129.1
JOEL-JOEL,BRIK-CKR,45.03,40.1
JOEL-JOEL,BRIK-NRG,27.04,23.8
JOEL-JOEL,BRIK-LGK,36.61,30.3
JOEL-JOEL,BRIK-BLR,56.88,42.6
JOEL-JOEL,BRIK-STL,44.05,38
JOEL-JOEL,BRIK-KRW,66.19,53.2
JOEL-JOEL,BRIK-MTL,21.31,19.6
JOEL-JOEL,YMY-BTB,19.38,17.5
JOEL-JOEL,GLLR-GLLR,26.76,30.1
JOEL-JOEL,CSRR-CSRR,16.35,15.2
JOEL-JOEL,MTSJ-MTSJ,5.79,7.7
JOEL-JOEL,CST-GLN,5.37,7.5
JOEL-JOEL,MBG-MBG,10.21,12.6
JOEL-JOEL,CST-MBG,25,24.8
JOEL-JOEL,GDK-KGD,22.18,19.1
JOEL-JOEL,GDK-SCBD,2.83,5
JOEL-JOEL,CST-AYM,15.84,19.3
JOEL-JOEL,WTC-WTC,10.96,12
JOEL-JOEL,FYN-FYN,3.6,4.9
JOEL-JOEL,CST-FDC,5.45,9
JOEL-JOEL,MDS-MDS,4.37,6.7
JOEL-JOEL,MDS-SCBD,1.6,2.9
JOEL-JOEL,HKN-HKN,23.22,23.1
HMD-HMD,GDS,19.23,20.6
HMD-HMD,CRD,11.91,11.5
HMD-HMD,KJT,22.76,18.8
HMD-HMD,BKS,35.47,30.6
HMD-HMD,CBR,31.84,29.9
HMD-HMD,MPG,18.31,16.7
HMD-HMD,RWG,36.4,29.6
HMD-HMD,KBG,19.48,23.2
HMD-HMD,BSD,11.48,13.3
HMD-HMD,STB,25.46,22.5
HMD-HMD,MBS,29.03,25.3
HMD-HMD,DMT,24,27.2
HMD-HMD,DMG,24.04,27.1
HMD-HMD,KL_CKG,20.92,22.5
HMD-HMD,KL_KJ,46.28,37.6
HMD-HMD,ASTR-ASTR,39.45,33.1
HMD-HMD,BRW-BRW,20.6,19.3
HMD-HMD,MGL-MGL,27.18,23.5
HMD-HMD,WSI-ANCB,26.97,24
HMD-HMD,WSI-BTS,26.97,24
HMD-HMD,WSI-PIK,29.13,33.1
HMD-HMD,WSI-BSD,12.19,13.3
HMD-HMD,WSI-ANC,33.03,29.2
HMD-HMD,BKB-BKB,3.8,5.2
HMD-HMD,RFS-HANG,17.08,14.8
HMD-HMD,RFS-WOLT,17.98,18.9
HMD-HMD,MBL-MBL,18.31,16.8
HMD-HMD,ADS-ADS,21.12,19.2
HMD-HMD,LML-LML,3.31,4.5
HMD-HMD,HYP-HYP,23.48,21.5
HMD-HMD,SDJ-CNRE,15.77,18.1
HMD-HMD,SDJ-SDJE,16.17,16.2
HMD-HMD,SDJ-PSBC,27.52,23.6
HMD-HMD,SDJ-SCBD,21.17,19.2
HMD-HMD,SDJ-BNTR,0.22,0.4
HMD-HMD,SDJ-CJTA,21.41,19.2
HMD-HMD,SDJ-PJTN,16.44,16.4
HMD-HMD,SDJ-CBLH,0,0
HMD-HMD,SDJ-KTBT,36.66,30.6
HMD-HMD,SDJ-ODSS,18.2,18.1
HMD-HMD,SDJ-SOET,0,0
HMD-HMD,SDJ-SMB,41.68,38.6
HMD-HMD,SDJ-CBS,13.6,12.9
HMD-HMD,SDJ-PIM,12.59,12.3
HMD-HMD,SDJ-CBN,0,0
HMD-HMD,SDJ-BLV,8.64,9.9
HMD-HMD,BFL-BFL,23.72,21.4
HMD-HMD,BFL-KBY,17.07,16.8
HMD-HMD,DCGL-BAR,17.47,19.2
HMD-HMD,DCGS-BAR,17.83,18
HMD-HMD,DCGL-KITC,17.47,19.2
HMD-HMD,DCGS-KITC,17.47,19.2
HMD-HMD,DCBM-BAR,16.11,15.4
HMD-HMD,DCBM-KITC,16.11,15.4
HMD-HMD,MXW-PGJ,30.44,27
HMD-HMD,MXW-KGD,40.08,31.9
HMD-HMD,PPY-MTG,24.02,22.5
HMD-HMD,PPY-CTW,21.17,19.6
HMD-HMD,PPY-PI,12.2,11.3
HMD-HMD,PPY-GDS,19.09,20.2
HMD-HMD,TRF-TRF,13.46,12.3
HMD-HMD,TRF-CNRE,15.22,17.1
HMD-HMD,JOEL-JOEL,18.95,19.5
HMD-HMD,HMD-HMD,0,0
HMD-HMD,GO_PPL,15.69,14.2
HMD-HMD,GO_TBT,24.85,23.8
HMD-HMD,MDV-KBY,16.92,16.6
HMD-HMD,MDV-KGD,39.74,33
HMD-HMD,MDV-PURI,18.1,20.7
HMD-HMD,MDV-PDI,10.13,9.4
HMD-HMD,MDV-BNTR,6.95,7.4
HMD-HMD,MDV-PDHB,34.97,32.9
HMD-HMD,MDV-GRVY,12.77,11.7
HMD-HMD,SPHS-SPHS,21.34,18.7
HMD-HMD,DRSR-DRSR,25.12,23.5
HMD-HMD,EXP-EXP,19.9,18.3
HMD-HMD,EXP-AEON,13.49,14.8
HMD-HMD,HHP-HHP,18.46,18.8
HMD-HMD,GDL-BSD,16.79,17.8
HMD-HMD,GDL-PIK,28.32,31.4
HMD-HMD,GDL-MOI,39.62,34.3
HMD-HMD,GDL-KHI,45.94,37.3
HMD-HMD,GDL-RDL,13.8,12.8
HMD-HMD,GDL-PRGN,27.98,24.3
HMD-HMD,GDL-CNRE,16.2,17.5
HMD-HMD,GDL-PURI,17.46,19.6
HMD-HMD,GDL-ANC,35.74,30.6
HMD-HMD,GDL-GLC,17.02,19.5
HMD-HMD,GDL-SCBD,21.16,19.1
HMD-HMD,DDF-DDF,4.64,5.5
HMD-HMD,FDMX-VDLM,13.04,12.9
HMD-HMD,JIN-RST,40.06,31.7
HMD-HMD,JIN-CKC,30.43,27
HMD-HMD,PDLM-PDLM,21.58,19.5
HMD-HMD,GOF-GD,32.85,34
HMD-HMD,SMI-SMI,21.05,19.2
HMD-HMD,CST-RTIW,19.76,19.4
HMD-HMD,GRMK-PSQ,13.1,11.7
HMD-HMD,GRMK-CBN,32.87,27.3
HMD-HMD,GRMK-JUN,40.89,35
HMD-HMD,GRMK-KMY,28.62,25.1
HMD-HMD,GRMK-TJD,25.39,22
HMD-HMD,GRMK-VTR,8.92,9.5
HMD-HMD,GRMK-STBD,24.87,22.5
HMD-HMD,GRMK-FTM,12.29,11.3
HMD-HMD,GRMK-MRY,19,20.9
HMD-HMD,GRMK-DWS,21.72,21.5
HMD-HMD,GRMK-CBR,30.59,27.8
HMD-HMD,GRMK-EMP,29.38,24.4
HMD-HMD,GRMK-CMP,35.78,29.2
HMD-HMD,GRMK-LRT,41.34,34.1
HMD-HMD,GRMK-BSD,13.95,14.5
HMD-HMD,GRMK-GRH,13.7,14.5
HMD-HMD,GRMK-CPNG,31.24,25.7
HMD-HMD,GRMK-PLM,20.24,18.1
HMD-HMD,GRMK-DTA,20.01,18.8
HMD-HMD,GRMK-SOQ,10.21,9.8
HMD-HMD,GRMK-XML,35.84,30.1
HMD-HMD,GRMK-DMT,21.84,23.3
HMD-HMD,BRIK-STR,38.34,29.8
HMD-HMD,BRIK-ALS,16.44,17.1
HMD-HMD,BRIK-GDB,175.63,135.2
HMD-HMD,BRIK-CKR,61.96,53.7
HMD-HMD,BRIK-NRG,35.06,30.4
HMD-HMD,BRIK-LGK,23.91,23.6
HMD-HMD,BRIK-BLR,49.69,41.7
HMD-HMD,BRIK-STL,45.39,37.8
HMD-HMD,BRIK-KRW,83.12,66.8
HMD-HMD,BRIK-MTL,16.76,19.1
HMD-HMD,YMY-BTB,20.02,22.4
HMD-HMD,GLLR-GLLR,13.06,15.8
HMD-HMD,CSRR-CSRR,30.53,25.5
HMD-HMD,MTSJ-MTSJ,21.1,19.6
HMD-HMD,CST-GLN,12.9,12.2
HMD-HMD,MBG-MBG,17.41,17
HMD-HMD,CST-MBG,43.86,38.2
HMD-HMD,GDK-KGD,40.71,32.7
HMD-HMD,GDK-SCBD,20.82,18.7
HMD-HMD,CST-AYM,21.16,21.7
HMD-HMD,WTC-WTC,27.59,24.7
HMD-HMD,FYN-FYN,15.12,13.4
HMD-HMD,CST-FDC,19.05,19.3
HMD-HMD,MDS-MDS,18.61,17.5
HMD-HMD,MDS-SCBD,18.08,17.8
HMD-HMD,HKN-HKN,34.07,29.7
GO_PPL,GDS,33.95,29.1
GO_PPL,CRD,9.5,10.1
GO_PPL,KJT,14.16,12.7
GO_PPL,BKS,26.38,23
GO_PPL,CBR,26.3,26
GO_PPL,MPG,6.68,7.7
GO_PPL,RWG,19.66,17.3
GO_PPL,KBG,14.38,15.8
GO_PPL,BSD,24.35,23.4
GO_PPL,STB,10.21,11
GO_PPL,MBS,13.65,14
GO_PPL,DMT,25.35,20.3
GO_PPL,DMG,25.39,20.2
GO_PPL,KL_CKG,19.97,16.6
GO_PPL,KL_KJ,29.54,25.3
GO_PPL,ASTR-ASTR,41.02,34.8
GO_PPL,BRW-BRW,7.71,9.2
GO_PPL,MGL-MGL,11.8,12.3
GO_PPL,WSI-ANCB,11.59,12.7
GO_PPL,WSI-BTS,11.59,12.7
GO_PPL,WSI-PIK,26.17,24.3
GO_PPL,WSI-BSD,22.08,23.7
GO_PPL,WSI-ANC,19.27,18.6
GO_PPL,BKB-BKB,14.5,16.3
GO_PPL,RFS-HANG,3.13,3.6
GO_PPL,RFS-WOLT,3.38,5.2
GO_PPL,MBL-MBL,3.05,3.4
GO_PPL,ADS-ADS,6.24,6.9
GO_PPL,LML-LML,14.01,15.6
GO_PPL,HYP-HYP,7.4,7.9
GO_PPL,SDJ-CNRE,14.95,16.9
GO_PPL,SDJ-SDJE,6.73,8.7
GO_PPL,SDJ-PSBC,12.13,12.4
GO_PPL,SDJ-SCBD,4.52,5.5
GO_PPL,SDJ-BNTR,14.54,14.9
GO_PPL,SDJ-CJTA,15.87,15.3
GO_PPL,SDJ-PJTN,7,8.9
GO_PPL,SDJ-CBLH,14.33,14.5
GO_PPL,SDJ-KTBT,21.74,20
GO_PPL,SDJ-ODSS,3.75,4.3
GO_PPL,SDJ-SOET,14.33,14.5
GO_PPL,SDJ-SMB,27.63,26.5
GO_PPL,SDJ-CBS,8.06,9
GO_PPL,SDJ-PIM,3.58,5.3
GO_PPL,SDJ-CBN,14.33,14.5
GO_PPL,SDJ-BLV,9.89,10.5
GO_PPL,BFL-BFL,25.3,23.1
GO_PPL,BFL-KBY,2.48,3.1
GO_PPL,DCGL-BAR,22.44,19.4
GO_PPL,DCGS-BAR,28.3,29
GO_PPL,DCGL-KITC,22.44,19.4
GO_PPL,DCGS-KITC,22.44,19.4
GO_PPL,DCBM-BAR,1.52,1.7
GO_PPL,DCBM-KITC,1.52,1.7
GO_PPL,MXW-PGJ,15.05,15.8
GO_PPL,MXW-KGD,23.33,19.6
GO_PPL,PPY-MTG,9.13,10.2
GO_PPL,PPY-CTW,6.29,7.2
GO_PPL,PPY-PI,4.04,4.9
GO_PPL,PPY-GDS,34.18,29.1
GO_PPL,TRF-TRF,8.19,8.7
GO_PPL,TRF-CNRE,13.83,16.6
GO_PPL,JOEL-JOEL,4.5,5.8
GO_PPL,HMD-HMD,14.33,14.5
GO_PPL,GO_PPL,0,0
GO_PPL,GO_TBT,9.43,10.4
GO_PPL,MDV-KBY,2.33,2.9
GO_PPL,MDV-KGD,23,20.8
GO_PPL,MDV-PURI,14.74,15.2
GO_PPL,MDV-PDI,5.49,5.6
GO_PPL,MDV-BNTR,10.25,11.5
GO_PPL,MDV-PDHB,19.59,21.7
GO_PPL,MDV-GRVY,2.64,3.6
GO_PPL,SPHS-SPHS,7.23,7.5
GO_PPL,DRSR-DRSR,10.23,11.2
GO_PPL,EXP-EXP,5.01,5.9
GO_PPL,EXP-AEON,23.96,25.7
GO_PPL,HHP-HHP,4.01,5
GO_PPL,GDL-BSD,27.25,28.8
GO_PPL,GDL-PIK,25.36,22.7
GO_PPL,GDL-MOI,22.88,22
GO_PPL,GDL-KHI,29.2,25.1
GO_PPL,GDL-RDL,1.4,2.1
GO_PPL,GDL-PRGN,12.59,13.1
GO_PPL,GDL-CNRE,11.92,13.8
GO_PPL,GDL-PURI,15.28,15.5
GO_PPL,GDL-ANC,18.15,19.6
GO_PPL,GDL-GLC,21.99,19.7
GO_PPL,GDL-SCBD,4.38,5.4
GO_PPL,DDF-DDF,14.79,16
GO_PPL,FDMX-VDLM,9.69,11.3
GO_PPL,JIN-RST,23.32,19.4
GO_PPL,JIN-CKC,15.05,15.7
GO_PPL,PDLM-PDLM,6.69,7.1
GO_PPL,GOF-GD,30.7,26.5
GO_PPL,SMI-SMI,6.16,6.8
GO_PPL,CST-RTIW,21.25,19.3
GO_PPL,GRMK-PSQ,7.82,8.1
GO_PPL,GRMK-CBN,34.45,29
GO_PPL,GRMK-JUN,27.55,23.9
GO_PPL,GRMK-KMY,13.23,13.8
GO_PPL,GRMK-TJD,11.63,11.4
GO_PPL,GRMK-VTR,7.76,8.6
GO_PPL,GRMK-STBD,9.86,11
GO_PPL,GRMK-FTM,5.53,6.3
GO_PPL,GRMK-MRY,12.49,12.7
GO_PPL,GRMK-DWS,23.21,21.4
GO_PPL,GRMK-CBR,25.25,23.7
GO_PPL,GRMK-EMP,15.62,13.7
GO_PPL,GRMK-CMP,19.04,16.9
GO_PPL,GRMK-LRT,24.6,21.9
GO_PPL,GRMK-BSD,26.37,25.5
GO_PPL,GRMK-GRH,18.74,18.3
GO_PPL,GRMK-CPNG,14.49,13.5
GO_PPL,GRMK-PLM,8.06,8.5
GO_PPL,GRMK-DTA,8.66,9.3
GO_PPL,GRMK-SOQ,6.88,7.3
GO_PPL,GRMK-XML,19.1,17.9
GO_PPL,GRMK-DMT,19.52,16.1
GO_PPL,BRIK-STR,21.59,17.6
GO_PPL,BRIK-ALS,30.22,24.5
GO_PPL,BRIK-GDB,175.26,130.4
GO_PPL,BRIK-CKR,46.81,41.4
GO_PPL,BRIK-NRG,28.83,25.1
GO_PPL,BRIK-LGK,37.03,29.9
GO_PPL,BRIK-BLR,57.3,42.2
GO_PPL,BRIK-STL,45.84,39.3
GO_PPL,BRIK-KRW,67.98,54.6
GO_PPL,BRIK-MTL,21.73,19.3
GO_PPL,YMY-BTB,19.8,17.2
GO_PPL,GLLR-GLLR,23.53,26.8
GO_PPL,CSRR-CSRR,16.77,14.8
GO_PPL,MTSJ-MTSJ,6.21,7.3
GO_PPL,CST-GLN,2.56,4
GO_PPL,MBG-MBG,11.87,13.1
GO_PPL,CST-MBG,26.79,26.1
GO_PPL,GDK-KGD,23.96,20.4
GO_PPL,GDK-SCBD,4.87,6.2
GO_PPL,CST-AYM,14.36,16.6
GO_PPL,WTC-WTC,11.9,12.6
GO_PPL,FYN-FYN,1.41,2
GO_PPL,CST-FDC,5.09,8.1
GO_PPL,MDS-MDS,4.65,6.3
GO_PPL,MDS-SCBD,3.63,4
GO_PPL,HKN-HKN,25,24.4
GO_TBT,GDS,34.29,29.5
GO_TBT,CRD,15.93,15.8
GO_TBT,KJT,9.05,10
GO_TBT,BKS,22.41,20.7
GO_TBT,CBR,22.87,24
GO_TBT,MPG,5.29,6.2
GO_TBT,RWG,12.89,12.7
GO_TBT,KBG,19.23,18.8
GO_TBT,BSD,32.14,30.9
GO_TBT,STB,4.7,5.6
GO_TBT,MBS,12.64,13
GO_TBT,DMT,25.7,20.7
GO_TBT,DMG,25.74,20.5
GO_TBT,KL_CKG,20.32,17
GO_TBT,KL_KJ,22.77,20.7
GO_TBT,ASTR-ASTR,37.67,33.5
GO_TBT,BRW-BRW,4.83,6.7
GO_TBT,MGL-MGL,10.78,11.2
GO_TBT,WSI-ANCB,10.58,11.6
GO_TBT,WSI-BTS,10.58,11.6
GO_TBT,WSI-PIK,26.51,24.7
GO_TBT,WSI-BSD,33.38,28.9
GO_TBT,WSI-ANC,19.61,18.9
GO_TBT,BKB-BKB,21.17,24.1
GO_TBT,RFS-HANG,6.63,7.2
GO_TBT,RFS-WOLT,5.39,7.5
GO_TBT,MBL-MBL,7.04,8.5
GO_TBT,ADS-ADS,6.56,7.3
GO_TBT,LML-LML,20.68,23.4
GO_TBT,HYP-HYP,3.37,4.3
GO_TBT,SDJ-CNRE,19.11,21.5
GO_TBT,SDJ-SDJE,7.28,10.2
GO_TBT,SDJ-PSBC,9.95,10.4
GO_TBT,SDJ-SCBD,5.4,6
GO_TBT,SDJ-BNTR,22.33,22.4
GO_TBT,SDJ-CJTA,14.27,15.4
GO_TBT,SDJ-PJTN,7.09,9.8
GO_TBT,SDJ-CBLH,22.11,22
GO_TBT,SDJ-KTBT,16.4,17.6
GO_TBT,SDJ-ODSS,5.65,6.3
GO_TBT,SDJ-SOET,22.11,22
GO_TBT,SDJ-SMB,23.66,24.1
GO_TBT,SDJ-CBS,12.36,13.7
GO_TBT,SDJ-PIM,11.36,12.8
GO_TBT,SDJ-CBN,22.11,22
GO_TBT,SDJ-BLV,17.11,18
GO_TBT,BFL-BFL,21.5,21.4
GO_TBT,BFL-KBY,5.05,6.4
GO_TBT,DCGL-BAR,22.78,19.7
GO_TBT,DCGS-BAR,35.46,30.1
GO_TBT,DCGL-KITC,22.78,19.7
GO_TBT,DCGS-KITC,22.78,19.7
GO_TBT,DCBM-BAR,6.49,7.8
GO_TBT,DCBM-KITC,6.49,7.8
GO_TBT,MXW-PGJ,12.16,13
GO_TBT,MXW-KGD,16.56,15
GO_TBT,PPY-MTG,7.02,8.3
GO_TBT,PPY-CTW,6,7
GO_TBT,PPY-PI,11.83,12.4
GO_TBT,PPY-GDS,34.53,29.4
GO_TBT,TRF-TRF,14.62,14.4
GO_TBT,TRF-CNRE,20.24,22.3
GO_TBT,JOEL-JOEL,5.29,7.5
GO_TBT,HMD-HMD,22.11,22
GO_TBT,GO_PPL,7.75,9
GO_TBT,GO_TBT,0,0
GO_TBT,MDV-KBY,5.19,6.7
GO_TBT,MDV-KGD,16.23,16.2
GO_TBT,MDV-PURI,17.77,16
GO_TBT,MDV-PDI,13.27,13.1
GO_TBT,MDV-BNTR,18.03,19
GO_TBT,MDV-PDHB,16.7,18.9
GO_TBT,MDV-GRVY,9.55,11.4
GO_TBT,SPHS-SPHS,7.57,7.9
GO_TBT,DRSR-DRSR,7.04,8.1
GO_TBT,EXP-EXP,5.55,6.9
GO_TBT,EXP-AEON,31.29,33.2
GO_TBT,HHP-HHP,5.91,7
GO_TBT,GDL-BSD,37.53,33.2
GO_TBT,GDL-PIK,25.71,23.1
GO_TBT,GDL-MOI,16.11,17.4
GO_TBT,GDL-KHI,22.43,20.4
GO_TBT,GDL-RDL,8.32,9.8
GO_TBT,GDL-PRGN,11.58,12
GO_TBT,GDL-CNRE,18.33,19.5
GO_TBT,GDL-PURI,18.32,16.4
GO_TBT,GDL-ANC,15.26,16.8
GO_TBT,GDL-GLC,22.34,20.1
GO_TBT,GDL-SCBD,5.39,5.9
GO_TBT,DDF-DDF,22.57,23.5
GO_TBT,FDMX-VDLM,16.12,17
GO_TBT,JIN-RST,16.55,14.8
GO_TBT,JIN-CKC,12.15,13
GO_TBT,PDLM-PDLM,3.22,4.6
GO_TBT,GOF-GD,31.05,26.8
GO_TBT,SMI-SMI,6.23,7.2
GO_TBT,CST-RTIW,23.27,23.3
GO_TBT,GRMK-PSQ,14.25,13.8
GO_TBT,GRMK-CBN,31.1,27.7
GO_TBT,GRMK-JUN,23.58,21.4
GO_TBT,GRMK-KMY,11.05,11.8
GO_TBT,GRMK-TJD,11.98,11.7
GO_TBT,GRMK-VTR,15.55,16.1
GO_TBT,GRMK-STBD,4.15,6.2
GO_TBT,GRMK-FTM,11.89,13.3
GO_TBT,GRMK-MRY,15.95,14.6
GO_TBT,GRMK-DWS,22.57,23.3
GO_TBT,GRMK-CBR,21.28,21.2
GO_TBT,GRMK-EMP,15.96,14.1
GO_TBT,GRMK-CMP,12.27,12.3
GO_TBT,GRMK-LRT,17.83,17.2
GO_TBT,GRMK-BSD,31.59,26.9
GO_TBT,GRMK-GRH,23.57,24.2
GO_TBT,GRMK-CPNG,7.72,8.8
GO_TBT,GRMK-PLM,8.4,8.8
GO_TBT,GRMK-DTA,4.68,6.2
GO_TBT,GRMK-SOQ,14.67,14.9
GO_TBT,GRMK-XML,14.91,15
GO_TBT,GRMK-DMT,19.86,16.4
GO_TBT,BRIK-STR,14.82,12.9
GO_TBT,BRIK-ALS,30.56,24.8
GO_TBT,BRIK-GDB,171.28,128.1
GO_TBT,BRIK-CKR,42.84,39.1
GO_TBT,BRIK-NRG,24.85,22.8
GO_TBT,BRIK-LGK,37.37,30.3
GO_TBT,BRIK-BLR,57.64,42.6
GO_TBT,BRIK-STL,41.87,36.8
GO_TBT,BRIK-KRW,64,52.2
GO_TBT,BRIK-MTL,22.07,19.6
GO_TBT,YMY-BTB,20.15,17.5
GO_TBT,GLLR-GLLR,30.86,34.3
GO_TBT,CSRR-CSRR,17.11,15.2
GO_TBT,MTSJ-MTSJ,6.07,6.7
GO_TBT,CST-GLN,9.47,11.7
GO_TBT,MBG-MBG,9.14,11.2
GO_TBT,CST-MBG,21.55,22.8
GO_TBT,GDK-KGD,17.19,15.8
GO_TBT,GDK-SCBD,5.05,5.5
GO_TBT,CST-AYM,17.09,18
GO_TBT,WTC-WTC,5.96,6.9
GO_TBT,FYN-FYN,7.7,9.1
GO_TBT,CST-FDC,6.8,9.8
GO_TBT,MDS-MDS,7.79,9.2
GO_TBT,MDS-SCBD,5.79,6.5
GO_TBT,HKN-HKN,21.03,21.8
MDV-KBY,GDS,33.87,29.2
MDV-KBY,CRD,10.78,10.6
MDV-KBY,KJT,11.92,10.5
MDV-KBY,BKS,24.13,20.8
MDV-KBY,CBR,24.6,24.3
MDV-KBY,MPG,4.43,5.4
MDV-KBY,RWG,17.41,15.1
MDV-KBY,KBG,14.73,16.6
MDV-KBY,BSD,27.66,25.7
MDV-KBY,STB,8.02,9.5
MDV-KBY,MBS,13.57,14.1
MDV-KBY,DMT,25.28,20.4
MDV-KBY,DMG,25.32,20.2
MDV-KBY,KL_CKG,19.9,16.7
MDV-KBY,KL_KJ,27.29,23.1
MDV-KBY,ASTR-ASTR,40.08,34
MDV-KBY,BRW-BRW,5.46,7
MDV-KBY,MGL-MGL,11.72,12.4
MDV-KBY,WSI-ANCB,11.51,12.8
MDV-KBY,WSI-BTS,11.51,12.8
MDV-KBY,WSI-PIK,26.09,24.4
MDV-KBY,WSI-BSD,25.38,26
MDV-KBY,WSI-ANC,19.2,18.6
MDV-KBY,BKB-BKB,16.69,18.9
MDV-KBY,RFS-HANG,3.13,3.9
MDV-KBY,RFS-WOLT,1.05,2.3
MDV-KBY,MBL-MBL,2.1,2.6
MDV-KBY,ADS-ADS,6.16,6.9
MDV-KBY,LML-LML,16.2,18.2
MDV-KBY,HYP-HYP,5.16,5.7
MDV-KBY,SDJ-CNRE,14.01,16.2
MDV-KBY,SDJ-SDJE,5.79,7.9
MDV-KBY,SDJ-PSBC,11.74,11.8
MDV-KBY,SDJ-SCBD,2.88,4.1
MDV-KBY,SDJ-BNTR,17.85,17.2
MDV-KBY,SDJ-CJTA,14.93,14.5
MDV-KBY,SDJ-PJTN,6.06,8.2
MDV-KBY,SDJ-CBLH,17.63,16.8
MDV-KBY,SDJ-KTBT,19.5,17.8
MDV-KBY,SDJ-ODSS,2.11,3
MDV-KBY,SDJ-SOET,17.63,16.8
MDV-KBY,SDJ-SMB,25.38,24.2
MDV-KBY,SDJ-CBS,7.12,8.2
MDV-KBY,SDJ-PIM,6.88,7.6
MDV-KBY,SDJ-CBN,17.63,16.8
MDV-KBY,SDJ-BLV,11.96,12.7
MDV-KBY,BFL-BFL,23.23,22.3
MDV-KBY,BFL-KBY,0.15,0.2
MDV-KBY,DCGL-BAR,22.36,19.5
MDV-KBY,DCGS-BAR,35.04,29.8
MDV-KBY,DCGL-KITC,22.36,19.5
MDV-KBY,DCGS-KITC,22.36,19.5
MDV-KBY,DCBM-BAR,1.93,2.3
MDV-KBY,DCBM-KITC,1.93,2.3
MDV-KBY,MXW-PGJ,14.66,15.1
MDV-KBY,MXW-KGD,21.09,17.4
MDV-KBY,PPY-MTG,8.81,9.8
MDV-KBY,PPY-CTW,6.21,7.3
MDV-KBY,PPY-PI,7.35,7.2
MDV-KBY,PPY-GDS,34.11,29.1
MDV-KBY,TRF-TRF,9.46,9.2
MDV-KBY,TRF-CNRE,15.09,17.1
MDV-KBY,JOEL-JOEL,1.39,3.2
MDV-KBY,HMD-HMD,17.63,16.8
MDV-KBY,GO_PPL,3.27,3.7
MDV-KBY,GO_TBT,7.18,8.2
MDV-KBY,MDV-KBY,0,0
MDV-KBY,MDV-KGD,20.75,18.5
MDV-KBY,MDV-PURI,17.35,15.8
MDV-KBY,MDV-PDI,8.8,7.8
MDV-KBY,MDV-BNTR,13.55,13.8
MDV-KBY,MDV-PDHB,19.2,21
MDV-KBY,MDV-GRVY,5.07,6.1
MDV-KBY,SPHS-SPHS,7.15,7.6
MDV-KBY,DRSR-DRSR,8.83,9.5
MDV-KBY,EXP-EXP,4.94,6
MDV-KBY,EXP-AEON,26.81,28
MDV-KBY,HHP-HHP,2.37,3.6
MDV-KBY,GDL-BSD,30.1,31
MDV-KBY,GDL-PIK,25.29,22.8
MDV-KBY,GDL-MOI,20.63,19.8
MDV-KBY,GDL-KHI,26.95,22.8
MDV-KBY,GDL-RDL,3.84,4.6
MDV-KBY,GDL-PRGN,12.52,13.2
MDV-KBY,GDL-CNRE,13.18,14.3
MDV-KBY,GDL-PURI,17.9,16.1
MDV-KBY,GDL-ANC,17.76,19
MDV-KBY,GDL-GLC,21.92,19.8
MDV-KBY,GDL-SCBD,2.73,4
MDV-KBY,DDF-DDF,18.1,18.2
MDV-KBY,FDMX-VDLM,10.96,11.7
MDV-KBY,JIN-RST,21.07,17.2
MDV-KBY,JIN-CKC,14.66,15.1
MDV-KBY,PDLM-PDLM,4.48,5.8
MDV-KBY,GOF-GD,30.63,26.5
MDV-KBY,SMI-SMI,6.08,6.9
MDV-KBY,CST-RTIW,20.31,18.6
MDV-KBY,GRMK-PSQ,9.1,8.6
MDV-KBY,GRMK-CBN,33.51,28.2
MDV-KBY,GRMK-JUN,25.3,21.7
MDV-KBY,GRMK-KMY,12.84,13.2
MDV-KBY,GRMK-TJD,11.56,11.4
MDV-KBY,GRMK-VTR,11.07,10.9
MDV-KBY,GRMK-STBD,7.61,8.8
MDV-KBY,GRMK-FTM,6.96,7.4
MDV-KBY,GRMK-MRY,12.84,13.4
MDV-KBY,GRMK-DWS,22.27,20.7
MDV-KBY,GRMK-CBR,23.01,21.5
MDV-KBY,GRMK-EMP,15.54,13.8
MDV-KBY,GRMK-CMP,16.79,14.7
MDV-KBY,GRMK-LRT,22.36,19.6
MDV-KBY,GRMK-BSD,26.72,26.2
MDV-KBY,GRMK-GRH,19.09,19
MDV-KBY,GRMK-CPNG,12.25,11.2
MDV-KBY,GRMK-PLM,7.98,8.6
MDV-KBY,GRMK-DTA,6.41,7.1
MDV-KBY,GRMK-SOQ,10.19,9.6
MDV-KBY,GRMK-XML,16.85,15.6
MDV-KBY,GRMK-DMT,19.44,16.2
MDV-KBY,BRIK-STR,19.35,15.3
MDV-KBY,BRIK-ALS,30.14,24.5
MDV-KBY,BRIK-GDB,173.01,128.2
MDV-KBY,BRIK-CKR,44.57,39.2
MDV-KBY,BRIK-NRG,26.58,22.9
MDV-KBY,BRIK-LGK,36.95,30
MDV-KBY,BRIK-BLR,57.22,42.3
MDV-KBY,BRIK-STL,43.59,37.1
MDV-KBY,BRIK-KRW,65.73,52.3
MDV-KBY,BRIK-MTL,21.65,19.3
MDV-KBY,YMY-BTB,19.73,17.2
MDV-KBY,GLLR-GLLR,26.38,29.1
MDV-KBY,CSRR-CSRR,16.69,14.9
MDV-KBY,MTSJ-MTSJ,6.13,7.4
MDV-KBY,CST-GLN,4.99,6.5
MDV-KBY,MBG-MBG,9.75,11.7
MDV-KBY,CST-MBG,24.54,23.9
MDV-KBY,GDK-KGD,21.72,18.2
MDV-KBY,GDK-SCBD,3.22,4.8
MDV-KBY,CST-AYM,13.42,15.8
MDV-KBY,WTC-WTC,10.5,11
MDV-KBY,FYN-FYN,3.22,3.9
MDV-KBY,CST-FDC,5.1,8.4
MDV-KBY,MDS-MDS,4.71,6.4
MDV-KBY,MDS-SCBD,1.99,2.7
MDV-KBY,HKN-HKN,22.76,22.2
MDV-KGD,GDS,38.12,35
MDV-KGD,CRD,28.76,24.9
MDV-KGD,KJT,15.45,11.8
MDV-KGD,BKS,23.14,18.8
MDV-KGD,CBR,28.12,25.6
MDV-KGD,MPG,19.16,15.5
MDV-KGD,RWG,7.71,7.8
MDV-KGD,KBG,23.06,24.3
MDV-KGD,BSD,46.03,40
MDV-KGD,STB,12.15,11.7
MDV-KGD,MBS,10.33,11.7
MDV-KGD,DMT,28.47,25.7
MDV-KGD,DMG,28.51,25.5
MDV-KGD,KL_CKG,23.09,21.9
MDV-KGD,KL_KJ,9.23,9.4
MDV-KGD,ASTR-ASTR,43.84,38
MDV-KGD,BRW-BRW,16.87,13.7
MDV-KGD,MGL-MGL,10.17,10.6
MDV-KGD,WSI-ANCB,10.32,10.9
MDV-KGD,WSI-BTS,10.32,10.9
MDV-KGD,WSI-PIK,26.34,25.4
MDV-KGD,WSI-BSD,37.2,34.4
MDV-KGD,WSI-ANC,12.36,13
MDV-KGD,BKB-BKB,35.07,33.1
MDV-KGD,RFS-HANG,16.88,16.3
MDV-KGD,RFS-WOLT,19.29,16.5
MDV-KGD,MBL-MBL,20.93,17.5
MDV-KGD,ADS-ADS,14.1,14.7
MDV-KGD,LML-LML,34.58,32.4
MDV-KGD,HYP-HYP,13.08,12.4
MDV-KGD,SDJ-CNRE,31.94,30.6
MDV-KGD,SDJ-SDJE,21.14,19.5
MDV-KGD,SDJ-PSBC,9.06,9.8
MDV-KGD,SDJ-SCBD,19.46,14.7
MDV-KGD,SDJ-BNTR,36.22,31.4
MDV-KGD,SDJ-CJTA,20.53,18.1
MDV-KGD,SDJ-PJTN,20.96,19
MDV-KGD,SDJ-CBLH,36.01,31
MDV-KGD,SDJ-KTBT,16.58,15
MDV-KGD,SDJ-ODSS,19.96,15.4
MDV-KGD,SDJ-SOET,36.01,31
MDV-KGD,SDJ-SMB,19.85,18
MDV-KGD,SDJ-CBS,25.18,22.8
MDV-KGD,SDJ-PIM,25.26,21.8
MDV-KGD,SDJ-CBN,36.01,31
MDV-KGD,SDJ-BLV,29.94,27
MDV-KGD,BFL-BFL,33.82,28.6
MDV-KGD,BFL-KBY,18.95,15.4
MDV-KGD,DCGL-BAR,26.61,25.2
MDV-KGD,DCGS-BAR,39.29,35.6
MDV-KGD,DCGL-KITC,26.61,25.2
MDV-KGD,DCGS-KITC,26.61,25.2
MDV-KGD,DCBM-BAR,20.38,16.8
MDV-KGD,DCBM-KITC,20.38,16.8
MDV-KGD,MXW-PGJ,8.89,10.1
MDV-KGD,MXW-KGD,3.02,3.6
MDV-KGD,PPY-MTG,11.3,12.1
MDV-KGD,PPY-CTW,13.55,14.4
MDV-KGD,PPY-PI,25.73,21.4
MDV-KGD,PPY-GDS,38.36,34.9
MDV-KGD,TRF-TRF,27.45,23.5
MDV-KGD,TRF-CNRE,33.07,31.4
MDV-KGD,JOEL-JOEL,19.19,16.5
MDV-KGD,HMD-HMD,36.01,31
MDV-KGD,GO_PPL,21.64,18
MDV-KGD,GO_TBT,13.56,12.3
MDV-KGD,MDV-KBY,19.09,15.7
MDV-KGD,MDV-KGD,0,0
MDV-KGD,MDV-PURI,21.6,21.5
MDV-KGD,MDV-PDI,27.17,22.1
MDV-KGD,MDV-BNTR,31.93,28
MDV-KGD,MDV-PDHB,6.56,8.4
MDV-KGD,MDV-GRVY,23.45,20.4
MDV-KGD,SPHS-SPHS,16.19,16.6
MDV-KGD,DRSR-DRSR,10.98,11.8
MDV-KGD,EXP-EXP,15.79,16
MDV-KGD,EXP-AEON,41.02,39.6
MDV-KGD,HHP-HHP,20.23,16.1
MDV-KGD,GDL-BSD,41.36,38.7
MDV-KGD,GDL-PIK,25.54,23.8
MDV-KGD,GDL-MOI,1.96,4.8
MDV-KGD,GDL-KHI,14.23,11.7
MDV-KGD,GDL-RDL,22.21,18.8
MDV-KGD,GDL-PRGN,10.81,12.4
MDV-KGD,GDL-CNRE,31.16,28.6
MDV-KGD,GDL-PURI,22.15,21.9
MDV-KGD,GDL-ANC,12.28,13.4
MDV-KGD,GDL-GLC,26.16,25.6
MDV-KGD,GDL-SCBD,15.64,15
MDV-KGD,DDF-DDF,36.47,32.5
MDV-KGD,FDMX-VDLM,28.95,26
MDV-KGD,JIN-RST,3.01,3.4
MDV-KGD,JIN-CKC,8.88,10.1
MDV-KGD,PDLM-PDLM,18.87,15.5
MDV-KGD,GOF-GD,30.88,27.5
MDV-KGD,SMI-SMI,13.77,14.6
MDV-KGD,CST-RTIW,35.59,30.5
MDV-KGD,GRMK-PSQ,27.08,22.9
MDV-KGD,GRMK-CBN,37.27,32.2
MDV-KGD,GRMK-JUN,22.36,17.7
MDV-KGD,GRMK-KMY,8.11,8.5
MDV-KGD,GRMK-TJD,15.71,17.2
MDV-KGD,GRMK-VTR,29.45,25.1
MDV-KGD,GRMK-STBD,12.36,12
MDV-KGD,GRMK-FTM,25.79,22.3
MDV-KGD,GRMK-MRY,19.78,20.1
MDV-KGD,GRMK-DWS,34.89,30.6
MDV-KGD,GRMK-CBR,26.53,22.8
MDV-KGD,GRMK-EMP,16.09,15.4
MDV-KGD,GRMK-CMP,4.16,4.7
MDV-KGD,GRMK-LRT,4.3,5.6
MDV-KGD,GRMK-BSD,35.42,32.4
MDV-KGD,GRMK-GRH,31.42,30.6
MDV-KGD,GRMK-CPNG,8.73,7.5
MDV-KGD,GRMK-PLM,17.01,17.5
MDV-KGD,GRMK-DTA,17,13.5
MDV-KGD,GRMK-SOQ,28.56,23.9
MDV-KGD,GRMK-XML,16.04,14.1
MDV-KGD,GRMK-DMT,22.63,21.4
MDV-KGD,BRIK-STR,1.73,1.7
MDV-KGD,BRIK-ALS,34.39,30.3
MDV-KGD,BRIK-GDB,172.77,128.5
MDV-KGD,BRIK-CKR,43.98,36.6
MDV-KGD,BRIK-NRG,25.59,20.9
MDV-KGD,BRIK-LGK,41.2,35.8
MDV-KGD,BRIK-BLR,61.47,48.1
MDV-KGD,BRIK-STL,47.12,38.4
MDV-KGD,BRIK-KRW,65.49,52.6
MDV-KGD,BRIK-MTL,25.9,25.1
MDV-KGD,YMY-BTB,22.92,22.5
MDV-KGD,GLLR-GLLR,42.18,41.6
MDV-KGD,CSRR-CSRR,15.06,14.2
MDV-KGD,MTSJ-MTSJ,13.62,14.1
MDV-KGD,CST-GLN,23.37,20.7
MDV-KGD,MBG-MBG,21.46,18.5
MDV-KGD,CST-MBG,16.02,14.1
MDV-KGD,GDK-KGD,3.65,4.4
MDV-KGD,GDK-SCBD,15.3,14.6
MDV-KGD,CST-AYM,29.41,25.3
MDV-KGD,WTC-WTC,8.12,7
MDV-KGD,FYN-FYN,21.6,18.1
MDV-KGD,CST-FDC,17.05,18.9
MDV-KGD,MDS-MDS,18.04,18.3
MDV-KGD,MDS-SCBD,20.1,15.6
MDV-KGD,HKN-HKN,21.99,20.9
MDV-PURI,GDS,19.47,19.3
MDV-PURI,CRD,17.12,17.6
MDV-PURI,KJT,24.84,19.5
MDV-PURI,BKS,37.05,29.8
MDV-PURI,CBR,37.52,33.3
MDV-PURI,MPG,17.84,15.5
MDV-PURI,RWG,23.03,22.1
MDV-PURI,KBG,2.63,6.1
MDV-PURI,BSD,27.75,26.6
MDV-PURI,STB,15.69,14.7
MDV-PURI,MBS,13.66,13
MDV-PURI,DMT,11.91,11.3
MDV-PURI,DMG,11.95,11.1
MDV-PURI,KL_CKG,5.16,6.2
MDV-PURI,KL_KJ,30.15,26.3
MDV-PURI,ASTR-ASTR,52.32,43.4
MDV-PURI,BRW-BRW,19.48,16.6
MDV-PURI,MGL-MGL,11.8,11.3
MDV-PURI,WSI-ANCB,11.6,11.7
MDV-PURI,WSI-BTS,11.6,11.7
MDV-PURI,WSI-PIK,13.37,16.8
MDV-PURI,WSI-BSD,18.55,18.7
MDV-PURI,WSI-ANC,17.58,17
MDV-PURI,BKB-BKB,16.53,20.1
MDV-PURI,RFS-HANG,12.72,13.2
MDV-PURI,RFS-WOLT,15.74,15.2
MDV-PURI,MBL-MBL,18.19,16.1
MDV-PURI,ADS-ADS,14.27,12.9
MDV-PURI,LML-LML,16.04,19.4
MDV-PURI,HYP-HYP,15.98,14.8
MDV-PURI,SDJ-CNRE,25.88,27.9
MDV-PURI,SDJ-SDJE,19.83,19.5
MDV-PURI,SDJ-PSBC,12.14,11.4
MDV-PURI,SDJ-SCBD,14.13,12.3
MDV-PURI,SDJ-BNTR,19.6,21.8
MDV-PURI,SDJ-CJTA,26.62,25.2
MDV-PURI,SDJ-PJTN,19.65,19.1
MDV-PURI,SDJ-CBLH,19.39,21.4
MDV-PURI,SDJ-KTBT,32.42,26.8
MDV-PURI,SDJ-ODSS,14.38,12.7
MDV-PURI,SDJ-SOET,19.39,21.4
MDV-PURI,SDJ-SMB,38.31,33.2
MDV-PURI,SDJ-CBS,18.81,19
MDV-PURI,SDJ-PIM,14.65,15.2
MDV-PURI,SDJ-CBN,19.39,21.4
MDV-PURI,SDJ-BLV,18.34,19.1
MDV-PURI,BFL-BFL,36.15,31.3
MDV-PURI,BFL-KBY,16.27,14.8
MDV-PURI,DCGL-BAR,7.03,9.2
MDV-PURI,DCGS-BAR,20.64,20
MDV-PURI,DCGL-KITC,7.03,9.2
MDV-PURI,DCGS-KITC,7.03,9.2
MDV-PURI,DCBM-BAR,16.7,14.6
MDV-PURI,DCBM-KITC,16.7,14.6
MDV-PURI,MXW-PGJ,15.06,14.8
MDV-PURI,MXW-KGD,22.84,21.4
MDV-PURI,PPY-MTG,12.77,11.9
MDV-PURI,PPY-CTW,13.22,12.6
MDV-PURI,PPY-PI,15.12,14.8
MDV-PURI,PPY-GDS,19.7,19.3
MDV-PURI,TRF-TRF,18.67,18.4
MDV-PURI,TRF-CNRE,22.65,24.7
MDV-PURI,JOEL-JOEL,15.48,14.7
MDV-PURI,HMD-HMD,19.39,21.4
MDV-PURI,GO_PPL,17.54,15.4
MDV-PURI,GO_TBT,20.11,17.2
MDV-PURI,MDV-KBY,16.41,15
MDV-PURI,MDV-KGD,22.53,22.4
MDV-PURI,MDV-PURI,0,0
MDV-PURI,MDV-PDI,16.57,15.4
MDV-PURI,MDV-BNTR,15.05,16.8
MDV-PURI,MDV-PDHB,19.6,20.7
MDV-PURI,MDV-GRVY,14.73,14.6
MDV-PURI,SPHS-SPHS,10.54,9.6
MDV-PURI,DRSR-DRSR,13.71,13.5
MDV-PURI,EXP-EXP,13.05,12
MDV-PURI,EXP-AEON,22.37,23.9
MDV-PURI,HHP-HHP,14.65,13.3
MDV-PURI,GDL-BSD,22.7,23
MDV-PURI,GDL-PIK,12.56,15.2
MDV-PURI,GDL-MOI,22.39,23.8
MDV-PURI,GDL-KHI,30.87,27.1
MDV-PURI,GDL-RDL,14.09,14.8
MDV-PURI,GDL-PRGN,12.6,12.1
MDV-PURI,GDL-CNRE,20.74,21.9
MDV-PURI,GDL-PURI,0.85,2.5
MDV-PURI,GDL-ANC,20.27,18.6
MDV-PURI,GDL-GLC,7.51,9.9
MDV-PURI,GDL-SCBD,14.12,12.2
MDV-PURI,DDF-DDF,15.82,18.9
MDV-PURI,FDMX-VDLM,18.25,18.9
MDV-PURI,JIN-RST,22.83,21.2
MDV-PURI,JIN-CKC,15.05,14.8
MDV-PURI,PDLM-PDLM,14.55,12.6
MDV-PURI,GOF-GD,15.83,18.6
MDV-PURI,SMI-SMI,14.2,12.9
MDV-PURI,CST-RTIW,32.18,30.3
MDV-PURI,GRMK-PSQ,18.3,17.8
MDV-PURI,GRMK-CBN,45.75,37.6
MDV-PURI,GRMK-JUN,38.22,30.7
MDV-PURI,GRMK-KMY,13.24,12.9
MDV-PURI,GRMK-TJD,7.85,9.4
MDV-PURI,GRMK-VTR,12.57,13.9
MDV-PURI,GRMK-STBD,15.1,14.7
MDV-PURI,GRMK-FTM,17.5,17.3
MDV-PURI,GRMK-MRY,3.7,5.6
MDV-PURI,GRMK-DWS,34.15,32.4
MDV-PURI,GRMK-CBR,35.93,30.5
MDV-PURI,GRMK-EMP,13.92,12.2
MDV-PURI,GRMK-CMP,21.02,20.7
MDV-PURI,GRMK-LRT,24.13,23.5
MDV-PURI,GRMK-BSD,16.76,16.8
MDV-PURI,GRMK-GRH,11.19,13.6
MDV-PURI,GRMK-CPNG,20.46,20.1
MDV-PURI,GRMK-PLM,12.17,11.5
MDV-PURI,GRMK-DTA,19.33,16.1
MDV-PURI,GRMK-SOQ,15.41,15.9
MDV-PURI,GRMK-XML,29.77,24.7
MDV-PURI,GRMK-DMT,6.07,7
MDV-PURI,BRIK-STR,21.1,19.3
MDV-PURI,BRIK-ALS,15.74,14.7
MDV-PURI,BRIK-GDB,185.93,137.2
MDV-PURI,BRIK-CKR,57.49,48.2
MDV-PURI,BRIK-NRG,39.5,31.9
MDV-PURI,BRIK-LGK,22.55,20.1
MDV-PURI,BRIK-BLR,42.82,32.4
MDV-PURI,BRIK-STL,56.51,46.1
MDV-PURI,BRIK-KRW,78.65,61.4
MDV-PURI,BRIK-MTL,6.64,9.2
MDV-PURI,YMY-BTB,4.26,6.1
MDV-PURI,GLLR-GLLR,23.53,25.9
MDV-PURI,CSRR-CSRR,15.07,13.3
MDV-PURI,MTSJ-MTSJ,13.29,12.3
MDV-PURI,CST-GLN,14.86,15.1
MDV-PURI,MBG-MBG,23.79,21.1
MDV-PURI,CST-MBG,32.67,29.6
MDV-PURI,GDK-KGD,23.47,22.2
MDV-PURI,GDK-SCBD,13.79,11.8
MDV-PURI,CST-AYM,26.37,27.8
MDV-PURI,WTC-WTC,17.39,16.7
MDV-PURI,FYN-FYN,13.05,13.5
MDV-PURI,CST-FDC,13.15,13.9
MDV-PURI,MDS-MDS,14.14,13.3
MDV-PURI,MDS-SCBD,14.52,12.9
MDV-PURI,HKN-HKN,35.68,31.2
MDV-PDI,GDS,27.4,27
MDV-PDI,CRD,3.18,3.4
MDV-PDI,KJT,13.94,10.7
MDV-PDI,BKS,26.66,22.5
MDV-PDI,CBR,23.02,21.8
MDV-PDI,MPG,9.49,8.6
MDV-PDI,RWG,27.58,21.5
MDV-PDI,KBG,16.37,17.7
MDV-PDI,BSD,18.86,17.9
MDV-PDI,STB,16.67,14.5
MDV-PDI,MBS,20.24,17.2
MDV-PDI,DMT,24.17,21.7
MDV-PDI,DMG,24.21,21.5
MDV-PDI,KL_CKG,18.79,17.9
MDV-PDI,KL_KJ,37.46,29.5
MDV-PDI,ASTR-ASTR,35.91,30.9
MDV-PDI,BRW-BRW,11.78,11.3
MDV-PDI,MGL-MGL,18.39,15.5
MDV-PDI,WSI-ANCB,18.18,15.9
MDV-PDI,WSI-BTS,18.18,15.9
MDV-PDI,WSI-PIK,25.62,26.7
MDV-PDI,WSI-BSD,23.38,19.5
MDV-PDI,WSI-ANC,24.24,21.2
MDV-PDI,BKB-BKB,10.85,12.3
MDV-PDI,RFS-HANG,8.29,6.8
MDV-PDI,RFS-WOLT,9.19,10.9
MDV-PDI,MBL-MBL,9.5,8.8
MDV-PDI,ADS-ADS,12.33,11.2
MDV-PDI,LML-LML,10.36,11.6
MDV-PDI,HYP-HYP,14.66,13.5
MDV-PDI,SDJ-CNRE,11.86,13.8
MDV-PDI,SDJ-SDJE,7.35,8.1
MDV-PDI,SDJ-PSBC,18.73,15.6
MDV-PDI,SDJ-SCBD,12.38,11.1
MDV-PDI,SDJ-BNTR,9.05,9.4
MDV-PDI,SDJ-CJTA,12.59,11.1
MDV-PDI,SDJ-PJTN,7.62,8.4
MDV-PDI,SDJ-CBLH,8.84,9
MDV-PDI,SDJ-KTBT,27.85,22.6
MDV-PDI,SDJ-ODSS,9.4,10.1
MDV-PDI,SDJ-SOET,8.84,9
MDV-PDI,SDJ-SMB,32.86,30.5
MDV-PDI,SDJ-CBS,4.78,4.8
MDV-PDI,SDJ-PIM,3.8,4.3
MDV-PDI,SDJ-CBN,8.84,9
MDV-PDI,SDJ-BLV,4.4,4.9
MDV-PDI,BFL-BFL,20.74,19
MDV-PDI,BFL-KBY,8.28,8.8
MDV-PDI,DCGL-BAR,18.5,18.4
MDV-PDI,DCGS-BAR,25.76,24.9
MDV-PDI,DCGL-KITC,18.5,18.4
MDV-PDI,DCGS-KITC,18.5,18.4
MDV-PDI,DCBM-BAR,7.32,7.4
MDV-PDI,DCBM-KITC,7.32,7.4
MDV-PDI,MXW-PGJ,21.65,19
MDV-PDI,MXW-KGD,31.26,23.8
MDV-PDI,PPY-MTG,15.22,14.5
MDV-PDI,PPY-CTW,12.38,11.6
MDV-PDI,PPY-PI,3.4,3.2
MDV-PDI,PPY-GDS,27.64,27
MDV-PDI,TRF-TRF,4.64,4.3
MDV-PDI,TRF-CNRE,8.71,10.5
MDV-PDI,JOEL-JOEL,10.16,11.5
MDV-PDI,HMD-HMD,8.84,9
MDV-PDI,GO_PPL,6.87,6.1
MDV-PDI,GO_TBT,16.03,15.8
MDV-PDI,MDV-KBY,8.13,8.6
MDV-PDI,MDV-KGD,30.92,25
MDV-PDI,MDV-PURI,14.91,15
MDV-PDI,MDV-PDI,0,0
MDV-PDI,MDV-BNTR,6.6,7.5
MDV-PDI,MDV-PDHB,26.18,24.9
MDV-PDI,MDV-GRVY,3.98,3.7
MDV-PDI,SPHS-SPHS,12.55,10.6
MDV-PDI,DRSR-DRSR,16.33,15.5
MDV-PDI,EXP-EXP,11.11,10.2
MDV-PDI,EXP-AEON,23.73,21.6
MDV-PDI,HHP-HHP,9.67,10.8
MDV-PDI,GDL-BSD,24.74,24.6
MDV-PDI,GDL-PIK,24.81,25.1
MDV-PDI,GDL-MOI,30.8,26.2
MDV-PDI,GDL-KHI,37.12,29.2
MDV-PDI,GDL-RDL,5.01,4.7
MDV-PDI,GDL-PRGN,19.19,16.3
MDV-PDI,GDL-CNRE,6.79,7.7
MDV-PDI,GDL-PURI,15.46,15.3
MDV-PDI,GDL-ANC,26.94,22.6
MDV-PDI,GDL-GLC,18.05,18.8
MDV-PDI,GDL-SCBD,12.37,11.1
MDV-PDI,DDF-DDF,11.14,11.9
MDV-PDI,FDMX-VDLM,4.31,4.7
MDV-PDI,JIN-RST,31.24,23.6
MDV-PDI,JIN-CKC,21.64,19
MDV-PDI,PDLM-PDLM,12.79,11.4
MDV-PDI,GOF-GD,35.68,29.3
MDV-PDI,SMI-SMI,12.26,11.2
MDV-PDI,CST-RTIW,18.16,16.2
MDV-PDI,GRMK-PSQ,4.28,3.7
MDV-PDI,GRMK-CBN,29.34,25.1
MDV-PDI,GRMK-JUN,32.07,26.9
MDV-PDI,GRMK-KMY,19.83,17
MDV-PDI,GRMK-TJD,16.6,14
MDV-PDI,GRMK-VTR,4.12,4.6
MDV-PDI,GRMK-STBD,16.08,14.5
MDV-PDI,GRMK-FTM,3.47,3.2
MDV-PDI,GRMK-MRY,15.52,13.6
MDV-PDI,GRMK-DWS,20.12,18.3
MDV-PDI,GRMK-CBR,21.77,19.8
MDV-PDI,GRMK-EMP,20.59,16.4
MDV-PDI,GRMK-CMP,26.96,21.1
MDV-PDI,GRMK-LRT,32.52,26.1
MDV-PDI,GRMK-BSD,21.74,20.5
MDV-PDI,GRMK-GRH,17.4,17
MDV-PDI,GRMK-CPNG,22.42,17.7
MDV-PDI,GRMK-PLM,11.45,10
MDV-PDI,GRMK-DTA,11.2,10.7
MDV-PDI,GRMK-SOQ,1.39,1.8
MDV-PDI,GRMK-XML,27.02,22.1
MDV-PDI,GRMK-DMT,18.33,17.4
MDV-PDI,BRIK-STR,29.52,21.8
MDV-PDI,BRIK-ALS,26.28,23.5
MDV-PDI,BRIK-GDB,175.28,131.2
MDV-PDI,BRIK-CKR,53.14,45.6
MDV-PDI,BRIK-NRG,26.24,22.4
MDV-PDI,BRIK-LGK,33.08,29
MDV-PDI,BRIK-BLR,53.35,41.3
MDV-PDI,BRIK-STL,42.35,35.4
MDV-PDI,BRIK-KRW,74.31,58.7
MDV-PDI,BRIK-MTL,17.79,18.3
MDV-PDI,YMY-BTB,18.62,18.4
MDV-PDI,GLLR-GLLR,23.3,22.7
MDV-PDI,CSRR-CSRR,21.74,17.5
MDV-PDI,MTSJ-MTSJ,12.31,11.6
MDV-PDI,CST-GLN,4.11,4.2
MDV-PDI,MBG-MBG,8.59,8.9
MDV-PDI,CST-MBG,35.04,30.1
MDV-PDI,GDK-KGD,31.89,24.6
MDV-PDI,GDK-SCBD,12.03,10.7
MDV-PDI,CST-AYM,12.34,13.7
MDV-PDI,WTC-WTC,18.8,16.7
MDV-PDI,FYN-FYN,6.33,5.4
MDV-PDI,CST-FDC,10.26,11.3
MDV-PDI,MDS-MDS,9.82,9.4
MDV-PDI,MDS-SCBD,9.29,9.8
MDV-PDI,HKN-HKN,25.25,21.7
MDV-BNTR,GDS,21.62,22.9
MDV-BNTR,CRD,9.59,10.7
MDV-BNTR,KJT,20.44,18
MDV-BNTR,BKS,33.15,29.8
MDV-BNTR,CBR,29.52,29.1
MDV-BNTR,MPG,15.98,15.9
MDV-BNTR,RWG,26.99,27.2
MDV-BNTR,KBG,16.72,19.2
MDV-BNTR,BSD,13.88,15.6
MDV-BNTR,STB,19.23,19.6
MDV-BNTR,MBS,22.8,22.4
MDV-BNTR,DMT,24.51,23.2
MDV-BNTR,DMG,24.55,23.1
MDV-BNTR,KL_CKG,19.13,19.5
MDV-BNTR,KL_KJ,35.79,35.1
MDV-BNTR,ASTR-ASTR,43.62,36.1
MDV-BNTR,BRW-BRW,18.27,18.5
MDV-BNTR,MGL-MGL,20.94,20.6
MDV-BNTR,WSI-ANCB,20.74,21
MDV-BNTR,WSI-BTS,20.74,21
MDV-BNTR,WSI-PIK,25.97,28.3
MDV-BNTR,WSI-BSD,12.64,13.4
MDV-BNTR,WSI-ANC,26.79,26.3
MDV-BNTR,BKB-BKB,5.05,6
MDV-BNTR,RFS-HANG,10.85,11.9
MDV-BNTR,RFS-WOLT,12.53,16.1
MDV-BNTR,MBL-MBL,12.19,14.4
MDV-BNTR,ADS-ADS,14.89,16.3
MDV-BNTR,LML-LML,4.57,5.3
MDV-BNTR,HYP-HYP,16.55,18.9
MDV-BNTR,SDJ-CNRE,18.35,21
MDV-BNTR,SDJ-SDJE,13.84,15.4
MDV-BNTR,SDJ-PSBC,21.28,20.7
MDV-BNTR,SDJ-SCBD,14.93,16.3
MDV-BNTR,SDJ-BNTR,5.06,5.6
MDV-BNTR,SDJ-CJTA,19.09,18.4
MDV-BNTR,SDJ-PJTN,14.11,15.6
MDV-BNTR,SDJ-CBLH,4.85,5.2
MDV-BNTR,SDJ-KTBT,34.34,29.8
MDV-BNTR,SDJ-ODSS,12.74,15.4
MDV-BNTR,SDJ-SOET,4.85,5.2
MDV-BNTR,SDJ-SMB,39.1,37.4
MDV-BNTR,SDJ-CBS,11.28,12.1
MDV-BNTR,SDJ-PIM,8.43,10.1
MDV-BNTR,SDJ-CBN,4.85,5.2
MDV-BNTR,SDJ-BLV,7.9,11.2
MDV-BNTR,BFL-BFL,27.89,24.4
MDV-BNTR,BFL-KBY,11.62,14.1
MDV-BNTR,DCGL-BAR,16.29,18.6
MDV-BNTR,DCGS-BAR,20.23,20.4
MDV-BNTR,DCGL-KITC,16.29,18.6
MDV-BNTR,DCGS-KITC,16.29,18.6
MDV-BNTR,DCBM-BAR,10.66,12.6
MDV-BNTR,DCBM-KITC,10.66,12.6
MDV-BNTR,MXW-PGJ,24.2,24.1
MDV-BNTR,MXW-KGD,29.58,29.4
MDV-BNTR,PPY-MTG,17.78,19.6
MDV-BNTR,PPY-CTW,14.94,16.7
MDV-BNTR,PPY-PI,8.04,9.1
MDV-BNTR,PPY-GDS,21.48,22.5
MDV-BNTR,TRF-TRF,11.14,11.5
MDV-BNTR,TRF-CNRE,15.12,17.8
MDV-BNTR,JOEL-JOEL,13.5,16.8
MDV-BNTR,HMD-HMD,4.85,5.2
MDV-BNTR,GO_PPL,10.77,12.7
MDV-BNTR,GO_TBT,20.9,21.4
MDV-BNTR,MDV-KBY,11.47,13.9
MDV-BNTR,MDV-KGD,29.27,30.4
MDV-BNTR,MDV-PURI,15.26,16.5
MDV-BNTR,MDV-PDI,6.72,7.7
MDV-BNTR,MDV-BNTR,0,0
MDV-BNTR,MDV-PDHB,28.74,30
MDV-BNTR,MDV-GRVY,8.61,9.5
MDV-BNTR,SPHS-SPHS,15.1,15.8
MDV-BNTR,DRSR-DRSR,18.88,20.6
MDV-BNTR,EXP-EXP,13.66,15.4
MDV-BNTR,EXP-AEON,15.89,17.1
MDV-BNTR,HHP-HHP,13.01,16
MDV-BNTR,GDL-BSD,19.19,20.1
MDV-BNTR,GDL-PIK,25.16,26.7
MDV-BNTR,GDL-MOI,29.12,31.8
MDV-BNTR,GDL-KHI,36.53,34.9
MDV-BNTR,GDL-RDL,9.64,10.6
MDV-BNTR,GDL-PRGN,21.74,21.4
MDV-BNTR,GDL-CNRE,13.2,15
MDV-BNTR,GDL-PURI,15.81,16.9
MDV-BNTR,GDL-ANC,29.5,27.7
MDV-BNTR,GDL-GLC,15.84,19
MDV-BNTR,GDL-SCBD,14.92,16.2
MDV-BNTR,DDF-DDF,5.35,5.6
MDV-BNTR,FDMX-VDLM,10.72,12
MDV-BNTR,JIN-RST,29.57,29.2
MDV-BNTR,JIN-CKC,24.19,24.1
MDV-BNTR,PDLM-PDLM,15.35,16.6
MDV-BNTR,GOF-GD,30.73,31.4
MDV-BNTR,SMI-SMI,14.81,16.3
MDV-BNTR,CST-RTIW,23.93,22.4
MDV-BNTR,GRMK-PSQ,10.77,10.9
MDV-BNTR,GRMK-CBN,37.05,30.3
MDV-BNTR,GRMK-JUN,38.57,34.2
MDV-BNTR,GRMK-KMY,22.38,22.2
MDV-BNTR,GRMK-TJD,19.16,19.1
MDV-BNTR,GRMK-VTR,2.76,3.3
MDV-BNTR,GRMK-STBD,18.63,19.6
MDV-BNTR,GRMK-FTM,9.97,10.5
MDV-BNTR,GRMK-MRY,13.13,15.9
MDV-BNTR,GRMK-DWS,25.89,24.5
MDV-BNTR,GRMK-CBR,28.26,27
MDV-BNTR,GRMK-EMP,23.14,21.5
MDV-BNTR,GRMK-CMP,26.35,26.8
MDV-BNTR,GRMK-LRT,30.87,31.5
MDV-BNTR,GRMK-BSD,16.43,17.1
MDV-BNTR,GRMK-GRH,14.14,14.6
MDV-BNTR,GRMK-CPNG,25.97,24.4
MDV-BNTR,GRMK-PLM,14.01,15.2
MDV-BNTR,GRMK-DTA,17.69,18
MDV-BNTR,GRMK-SOQ,7.88,9
MDV-BNTR,GRMK-XML,30.57,28.8
MDV-BNTR,GRMK-DMT,18.68,19
MDV-BNTR,BRIK-STR,27.84,27.3
MDV-BNTR,BRIK-ALS,16.89,17.2
MDV-BNTR,BRIK-GDB,179.8,138.2
MDV-BNTR,BRIK-CKR,58.29,52.4
MDV-BNTR,BRIK-NRG,32.73,29.6
MDV-BNTR,BRIK-LGK,26.3,25.9
MDV-BNTR,BRIK-BLR,50.14,41.8
MDV-BNTR,BRIK-STL,49.56,40.8
MDV-BNTR,BRIK-KRW,79.45,65.5
MDV-BNTR,BRIK-MTL,15.58,18.5
MDV-BNTR,YMY-BTB,18.96,20
MDV-BNTR,GLLR-GLLR,15.46,18.2
MDV-BNTR,CSRR-CSRR,24.29,22.6
MDV-BNTR,MTSJ-MTSJ,14.86,16.7
MDV-BNTR,CST-GLN,8.74,10
MDV-BNTR,MBG-MBG,15.09,16.2
MDV-BNTR,CST-MBG,38.26,37.1
MDV-BNTR,GDK-KGD,30.21,30.2
MDV-BNTR,GDK-SCBD,14.59,15.8
MDV-BNTR,CST-AYM,18.84,20.9
MDV-BNTR,WTC-WTC,21.36,21.8
MDV-BNTR,FYN-FYN,8.89,10.5
MDV-BNTR,CST-FDC,12.82,16.4
MDV-BNTR,MDS-MDS,12.38,14.6
MDV-BNTR,MDS-SCBD,12.63,15.1
MDV-BNTR,HKN-HKN,31.75,28.9
MDV-PDHB,GDS,39.61,33.9
MDV-PDHB,CRD,30.89,26
MDV-PDHB,KJT,21.18,18.3
MDV-PDHB,BKS,26.13,25.1
MDV-PDHB,CBR,33.86,32.1
MDV-PDHB,MPG,24.84,21.4
MDV-PDHB,RWG,13.45,14.3
MDV-PDHB,KBG,21.33,20.1
MDV-PDHB,BSD,46.58,40.4
MDV-PDHB,STB,16.05,17.3
MDV-PDHB,MBS,8.75,9.7
MDV-PDHB,DMT,27.43,22.3
MDV-PDHB,DMG,27.47,22.1
MDV-PDHB,KL_CKG,20.58,17.9
MDV-PDHB,KL_KJ,10.94,11.9
MDV-PDHB,ASTR-ASTR,49.58,44.5
MDV-PDHB,BRW-BRW,22.61,20.2
MDV-PDHB,MGL-MGL,8.35,10.3
MDV-PDHB,WSI-ANCB,8.49,10.7
MDV-PDHB,WSI-BTS,8.49,10.7
MDV-PDHB,WSI-PIK,20.91,20.7
MDV-PDHB,WSI-BSD,38.69,33.2
MDV-PDHB,WSI-ANC,6.93,8.3
MDV-PDHB,BKB-BKB,36.72,33.3
MDV-PDHB,RFS-HANG,21.87,19
MDV-PDHB,RFS-WOLT,22.74,21.1
MDV-PDHB,MBL-MBL,25.18,22
MDV-PDHB,ADS-ADS,16.42,17.8
MDV-PDHB,LML-LML,36.23,32.6
MDV-PDHB,HYP-HYP,16.01,16.6
MDV-PDHB,SDJ-CNRE,37.08,35.5
MDV-PDHB,SDJ-SDJE,26.82,25.4
MDV-PDHB,SDJ-PSBC,9.89,10.4
MDV-PDHB,SDJ-SCBD,21.13,18.2
MDV-PDHB,SDJ-BNTR,36.77,31.9
MDV-PDHB,SDJ-CJTA,26.27,24.6
MDV-PDHB,SDJ-PJTN,26.64,24.9
MDV-PDHB,SDJ-CBLH,36.55,31.5
MDV-PDHB,SDJ-KTBT,20.22,19.6
MDV-PDHB,SDJ-ODSS,21.38,18.5
MDV-PDHB,SDJ-SOET,36.55,31.5
MDV-PDHB,SDJ-SMB,22.84,24.2
MDV-PDHB,SDJ-CBS,32.5,27.4
MDV-PDHB,SDJ-PIM,25.8,22.3
MDV-PDHB,SDJ-CBN,36.55,31.5
MDV-PDHB,SDJ-BLV,32.11,27.5
MDV-PDHB,BFL-BFL,39.56,35.1
MDV-PDHB,BFL-KBY,23.26,20.6
MDV-PDHB,DCGL-BAR,26.11,24
MDV-PDHB,DCGS-BAR,40.78,34.5
MDV-PDHB,DCGL-KITC,26.11,24
MDV-PDHB,DCGS-KITC,26.11,24
MDV-PDHB,DCBM-BAR,23.7,20.4
MDV-PDHB,DCBM-KITC,23.7,20.4
MDV-PDHB,MXW-PGJ,6.77,7.6
MDV-PDHB,MXW-KGD,6.66,8.2
MDV-PDHB,PPY-MTG,13.31,14.2
MDV-PDHB,PPY-CTW,15.86,17.6
MDV-PDHB,PPY-PI,26.27,21.9
MDV-PDHB,PPY-GDS,39.85,33.8
MDV-PDHB,TRF-TRF,32.36,26.8
MDV-PDHB,TRF-CNRE,36.42,33.1
MDV-PDHB,JOEL-JOEL,22.47,20.6
MDV-PDHB,HMD-HMD,36.55,31.5
MDV-PDHB,GO_PPL,24.53,21.2
MDV-PDHB,GO_TBT,19.29,18.7
MDV-PDHB,MDV-KBY,23.41,20.8
MDV-PDHB,MDV-KGD,7.04,8.5
MDV-PDHB,MDV-PURI,23.09,20.4
MDV-PDHB,MDV-PDI,27.72,22.6
MDV-PDHB,MDV-BNTR,32.47,28.5
MDV-PDHB,MDV-PDHB,0,0
MDV-PDHB,MDV-GRVY,25.88,21.8
MDV-PDHB,SPHS-SPHS,17.54,15.4
MDV-PDHB,DRSR-DRSR,13.13,14.2
MDV-PDHB,EXP-EXP,20.04,17.9
MDV-PDHB,EXP-AEON,42.51,38.5
MDV-PDHB,HHP-HHP,21.64,19.2
MDV-PDHB,GDL-BSD,42.84,37.6
MDV-PDHB,GDL-PIK,20.1,19.1
MDV-PDHB,GDL-MOI,5.6,9.4
MDV-PDHB,GDL-KHI,17.21,17.9
MDV-PDHB,GDL-RDL,25.23,22
MDV-PDHB,GDL-PRGN,9.24,10.5
MDV-PDHB,GDL-CNRE,34.51,30.3
MDV-PDHB,GDL-PURI,23.83,20.5
MDV-PDHB,GDL-ANC,6.85,8.7
MDV-PDHB,GDL-GLC,27.65,24.5
MDV-PDHB,GDL-SCBD,21.12,18.1
MDV-PDHB,DDF-DDF,37.01,33
MDV-PDHB,FDMX-VDLM,32.02,27.3
MDV-PDHB,JIN-RST,6.65,7.9
MDV-PDHB,JIN-CKC,6.76,7.6
MDV-PDHB,PDLM-PDLM,21.54,18.5
MDV-PDHB,GOF-GD,25.44,22.8
MDV-PDHB,SMI-SMI,16.09,17.7
MDV-PDHB,CST-RTIW,41.33,37
MDV-PDHB,GRMK-PSQ,32,26.2
MDV-PDHB,GRMK-CBN,43.01,38.7
MDV-PDHB,GRMK-JUN,25.34,23.9
MDV-PDHB,GRMK-KMY,7.43,9
MDV-PDHB,GRMK-TJD,14.4,13.7
MDV-PDHB,GRMK-VTR,29.99,25.6
MDV-PDHB,GRMK-STBD,15.64,16.6
MDV-PDHB,GRMK-FTM,31.19,25.8
MDV-PDHB,GRMK-MRY,21.27,19
MDV-PDHB,GRMK-DWS,40.63,37.1
MDV-PDHB,GRMK-CBR,32.27,29.3
MDV-PDHB,GRMK-EMP,10.66,10.7
MDV-PDHB,GRMK-CMP,9.89,11.2
MDV-PDHB,GRMK-LRT,7.94,10.2
MDV-PDHB,GRMK-BSD,36.9,31.3
MDV-PDHB,GRMK-GRH,32.91,29.4
MDV-PDHB,GRMK-CPNG,14.47,14
MDV-PDHB,GRMK-PLM,19.16,17.3
MDV-PDHB,GRMK-DTA,22.74,19.9
MDV-PDHB,GRMK-SOQ,29.11,24.4
MDV-PDHB,GRMK-XML,21.78,20.5
MDV-PDHB,GRMK-DMT,20.12,17.4
MDV-PDHB,BRIK-STR,4.9,6.2
MDV-PDHB,BRIK-ALS,35.88,29.2
MDV-PDHB,BRIK-GDB,176.41,133
MDV-PDHB,BRIK-CKR,46.96,42.9
MDV-PDHB,BRIK-NRG,28.57,27.2
MDV-PDHB,BRIK-LGK,42.69,34.7
MDV-PDHB,BRIK-BLR,62.96,47
MDV-PDHB,BRIK-STL,52.85,44.9
MDV-PDHB,BRIK-KRW,69.13,57.2
MDV-PDHB,BRIK-MTL,25.73,23.9
MDV-PDHB,YMY-BTB,21.87,19.1
MDV-PDHB,GLLR-GLLR,43.67,40.5
MDV-PDHB,CSRR-CSRR,9.62,9.5
MDV-PDHB,MTSJ-MTSJ,15.94,17.3
MDV-PDHB,CST-GLN,26.01,22.3
MDV-PDHB,MBG-MBG,27.2,25
MDV-PDHB,CST-MBG,19,20.3
MDV-PDHB,GDK-KGD,7.29,9
MDV-PDHB,GDK-SCBD,20.78,17.7
MDV-PDHB,CST-AYM,35.15,31.8
MDV-PDHB,WTC-WTC,13.86,13.5
MDV-PDHB,FYN-FYN,24.2,20.7
MDV-PDHB,CST-FDC,20.14,19.7
MDV-PDHB,MDS-MDS,21.13,19.1
MDV-PDHB,MDS-SCBD,21.52,18.7
MDV-PDHB,HKN-HKN,25.64,25.4
MDV-GRVY,GDS,27.32,28.7
MDV-GRVY,CRD,6.29,6.1
MDV-GRVY,KJT,17.06,13.4
MDV-GRVY,BKS,29.77,25.3
MDV-GRVY,CBR,26.14,24.6
MDV-GRVY,MPG,9.03,10.7
MDV-GRVY,RWG,21.86,20.4
MDV-GRVY,KBG,14.82,15.2
MDV-GRVY,BSD,21.98,20.6
MDV-GRVY,STB,14.09,12.8
MDV-GRVY,MBS,17.66,15.6
MDV-GRVY,DMT,25.27,21.1
MDV-GRVY,DMG,25.31,20.9
MDV-GRVY,KL_CKG,19.89,17.4
MDV-GRVY,KL_KJ,30.65,28.4
MDV-GRVY,ASTR-ASTR,39.02,33.7
MDV-GRVY,BRW-BRW,10.05,12.2
MDV-GRVY,MGL-MGL,15.81,13.9
MDV-GRVY,WSI-ANCB,15.6,14.3
MDV-GRVY,WSI-BTS,15.6,14.3
MDV-GRVY,WSI-PIK,28.56,25.5
MDV-GRVY,WSI-BSD,19.7,20.9
MDV-GRVY,WSI-ANC,21.66,19.6
MDV-GRVY,BKB-BKB,12.12,13.5
MDV-GRVY,RFS-HANG,5.71,5.2
MDV-GRVY,RFS-WOLT,5.73,8.2
MDV-GRVY,MBL-MBL,5.39,6.4
MDV-GRVY,ADS-ADS,9.75,9.6
MDV-GRVY,LML-LML,11.63,12.8
MDV-GRVY,HYP-HYP,9.75,11
MDV-GRVY,SDJ-CNRE,14.97,16.5
MDV-GRVY,SDJ-SDJE,6.21,8.9
MDV-GRVY,SDJ-PSBC,16.14,14
MDV-GRVY,SDJ-SCBD,6.87,8.5
MDV-GRVY,SDJ-BNTR,12.17,12.1
MDV-GRVY,SDJ-CJTA,15.71,13.8
MDV-GRVY,SDJ-PJTN,6.48,9.2
MDV-GRVY,SDJ-CBLH,11.95,11.7
MDV-GRVY,SDJ-KTBT,24.09,23.1
MDV-GRVY,SDJ-ODSS,6.1,7.4
MDV-GRVY,SDJ-SOET,11.95,11.7
MDV-GRVY,SDJ-SMB,29.98,29.5
MDV-GRVY,SDJ-CBS,7.9,7.6
MDV-GRVY,SDJ-PIM,1.2,2.5
MDV-GRVY,SDJ-CBN,11.95,11.7
MDV-GRVY,SDJ-BLV,7.51,7.6
MDV-GRVY,BFL-BFL,23.86,21.8
MDV-GRVY,BFL-KBY,4.83,6.1
MDV-GRVY,DCGL-BAR,21.53,19.4
MDV-GRVY,DCGS-BAR,25.92,26.2
MDV-GRVY,DCGL-KITC,21.53,19.4
MDV-GRVY,DCGS-KITC,21.53,19.4
MDV-GRVY,DCBM-BAR,3.86,4.7
MDV-GRVY,DCBM-KITC,3.86,4.7
MDV-GRVY,MXW-PGJ,19.07,17.4
MDV-GRVY,MXW-KGD,24.45,22.7
MDV-GRVY,PPY-MTG,12.64,12.9
MDV-GRVY,PPY-CTW,9.8,10
MDV-GRVY,PPY-PI,1.67,2.1
MDV-GRVY,PPY-GDS,27.18,28.4
MDV-GRVY,TRF-TRF,7.76,7
MDV-GRVY,TRF-CNRE,12.13,14.8
MDV-GRVY,JOEL-JOEL,6.85,8.8
MDV-GRVY,HMD-HMD,11.95,11.7
MDV-GRVY,GO_PPL,2.35,3
MDV-GRVY,GO_TBT,11.78,13.5
MDV-GRVY,MDV-KBY,4.68,5.9
MDV-GRVY,MDV-KGD,24.13,23.7
MDV-GRVY,MDV-PURI,15.18,14.5
MDV-GRVY,MDV-PDI,3.12,2.7
MDV-GRVY,MDV-BNTR,7.87,8.7
MDV-GRVY,MDV-PDHB,23.6,23.3
MDV-GRVY,MDV-GRVY,0,0
MDV-GRVY,SPHS-SPHS,9.97,9
MDV-GRVY,DRSR-DRSR,13.75,13.9
MDV-GRVY,EXP-EXP,8.53,8.6
MDV-GRVY,EXP-AEON,21.58,22.9
MDV-GRVY,HHP-HHP,6.36,8
MDV-GRVY,GDL-BSD,24.88,26
MDV-GRVY,GDL-PIK,27.76,23.9
MDV-GRVY,GDL-MOI,23.99,25.1
MDV-GRVY,GDL-KHI,31.4,28.2
MDV-GRVY,GDL-RDL,2.23,2.9
MDV-GRVY,GDL-PRGN,16.61,14.7
MDV-GRVY,GDL-CNRE,10.22,12
MDV-GRVY,GDL-PURI,15.73,14.9
MDV-GRVY,GDL-ANC,24.36,21
MDV-GRVY,GDL-GLC,21.08,19.7
MDV-GRVY,GDL-SCBD,6.72,8.4
MDV-GRVY,DDF-DDF,12.42,13.1
MDV-GRVY,FDMX-VDLM,7.42,7.5
MDV-GRVY,JIN-RST,24.43,22.4
MDV-GRVY,JIN-CKC,19.06,17.3
MDV-GRVY,PDLM-PDLM,10.21,9.8
MDV-GRVY,GOF-GD,33.1,27.7
MDV-GRVY,SMI-SMI,9.68,9.5
MDV-GRVY,CST-RTIW,21.28,19
MDV-GRVY,GRMK-PSQ,7.4,6.4
MDV-GRVY,GRMK-CBN,32.45,27.9
MDV-GRVY,GRMK-JUN,29.9,27
MDV-GRVY,GRMK-KMY,17.25,15.4
MDV-GRVY,GRMK-TJD,14.02,12.4
MDV-GRVY,GRMK-VTR,5.39,5.8
MDV-GRVY,GRMK-STBD,13.5,12.9
MDV-GRVY,GRMK-FTM,3.83,4.5
MDV-GRVY,GRMK-MRY,12.94,12
MDV-GRVY,GRMK-DWS,23.24,21
MDV-GRVY,GRMK-CBR,24.89,22.5
MDV-GRVY,GRMK-EMP,18.01,14.8
MDV-GRVY,GRMK-CMP,21.22,20.1
MDV-GRVY,GRMK-LRT,25.74,24.8
MDV-GRVY,GRMK-BSD,24.85,23.2
MDV-GRVY,GRMK-GRH,17.83,18.5
MDV-GRVY,GRMK-CPNG,16.84,16.5
MDV-GRVY,GRMK-PLM,8.87,8.4
MDV-GRVY,GRMK-DTA,11,12.4
MDV-GRVY,GRMK-SOQ,4.51,4.5
MDV-GRVY,GRMK-XML,21.44,20.9
MDV-GRVY,GRMK-DMT,19.43,16.8
MDV-GRVY,BRIK-STR,22.71,20.6
MDV-GRVY,BRIK-ALS,29.31,24.4
MDV-GRVY,BRIK-GDB,177.6,133.4
MDV-GRVY,BRIK-CKR,49.16,44.5
MDV-GRVY,BRIK-NRG,29.35,25.1
MDV-GRVY,BRIK-LGK,36.12,29.9
MDV-GRVY,BRIK-BLR,56.39,42.2
MDV-GRVY,BRIK-STL,45.47,38.1
MDV-GRVY,BRIK-KRW,70.32,57.6
MDV-GRVY,BRIK-MTL,20.82,19.2
MDV-GRVY,YMY-BTB,19.72,17.9
MDV-GRVY,GLLR-GLLR,21.16,24
MDV-GRVY,CSRR-CSRR,19.16,15.9
MDV-GRVY,MTSJ-MTSJ,9.73,10
MDV-GRVY,CST-GLN,1.33,2.4
MDV-GRVY,MBG-MBG,11.71,11.7
MDV-GRVY,CST-MBG,29.13,29.1
MDV-GRVY,GDK-KGD,25.08,23.5
MDV-GRVY,GDK-SCBD,9.45,9.1
MDV-GRVY,CST-AYM,15.46,16.4
MDV-GRVY,WTC-WTC,16.22,15.1
MDV-GRVY,FYN-FYN,3.75,3.8
MDV-GRVY,CST-FDC,7.68,9.7
MDV-GRVY,MDS-MDS,7.24,7.8
MDV-GRVY,MDS-SCBD,5.98,7.1
MDV-GRVY,HKN-HKN,28.37,24.4
SPHS-SPHS,GDS,28.49,24.2
SPHS-SPHS,CRD,14.34,12.4
SPHS-SPHS,KJT,15.27,11.9
SPHS-SPHS,BKS,27.48,22.2
SPHS-SPHS,CBR,27.95,25.7
SPHS-SPHS,MPG,8.28,7.8
SPHS-SPHS,RWG,13.88,14.3
SPHS-SPHS,KBG,13.42,13.5
SPHS-SPHS,BSD,30.02,26.9
SPHS-SPHS,STB,6.11,6.7
SPHS-SPHS,MBS,7.78,8.6
SPHS-SPHS,DMT,19.89,15.4
SPHS-SPHS,DMG,19.93,15.2
SPHS-SPHS,KL_CKG,14.51,11.6
SPHS-SPHS,KL_KJ,20.87,20.4
SPHS-SPHS,ASTR-ASTR,42.75,35.8
SPHS-SPHS,BRW-BRW,9.91,9
SPHS-SPHS,MGL-MGL,5.93,6.9
SPHS-SPHS,WSI-ANCB,5.72,7.3
SPHS-SPHS,WSI-BTS,5.72,7.3
SPHS-SPHS,WSI-PIK,20.71,19.5
SPHS-SPHS,WSI-BSD,27.57,23.5
SPHS-SPHS,WSI-ANC,13.81,13.6
SPHS-SPHS,BKB-BKB,20.16,19.7
SPHS-SPHS,RFS-HANG,5.32,5.5
SPHS-SPHS,RFS-WOLT,6.18,7.5
SPHS-SPHS,MBL-MBL,8.62,8.4
SPHS-SPHS,ADS-ADS,4.2,4.9
SPHS-SPHS,LML-LML,19.68,19.1
SPHS-SPHS,HYP-HYP,6.4,6.8
SPHS-SPHS,SDJ-CNRE,20.53,21.9
SPHS-SPHS,SDJ-SDJE,10.27,11.8
SPHS-SPHS,SDJ-PSBC,6.26,7
SPHS-SPHS,SDJ-SCBD,4.57,4.6
SPHS-SPHS,SDJ-BNTR,20.21,18.4
SPHS-SPHS,SDJ-CJTA,19.34,17.7
SPHS-SPHS,SDJ-PJTN,10.08,11.3
SPHS-SPHS,SDJ-CBLH,19.99,18
SPHS-SPHS,SDJ-KTBT,22.84,19.2
SPHS-SPHS,SDJ-ODSS,4.82,4.9
SPHS-SPHS,SDJ-SOET,19.99,18
SPHS-SPHS,SDJ-SMB,28.73,25.6
SPHS-SPHS,SDJ-CBS,15.94,13.8
SPHS-SPHS,SDJ-PIM,9.24,8.7
SPHS-SPHS,SDJ-CBN,19.99,18
SPHS-SPHS,SDJ-BLV,15.55,13.9
SPHS-SPHS,BFL-BFL,26.57,23.7
SPHS-SPHS,BFL-KBY,6.7,7
SPHS-SPHS,DCGL-BAR,16.98,14.4
SPHS-SPHS,DCGS-BAR,29.66,24.8
SPHS-SPHS,DCGL-KITC,16.98,14.4
SPHS-SPHS,DCGS-KITC,16.98,14.4
SPHS-SPHS,DCBM-BAR,7.14,6.9
SPHS-SPHS,DCBM-KITC,7.14,6.9
SPHS-SPHS,MXW-PGJ,9.19,10.3
SPHS-SPHS,MXW-KGD,14.67,14.6
SPHS-SPHS,PPY-MTG,4.59,5.2
SPHS-SPHS,PPY-CTW,3.64,4.6
SPHS-SPHS,PPY-PI,9.71,8.3
SPHS-SPHS,PPY-GDS,28.72,24.1
SPHS-SPHS,TRF-TRF,15.8,13.3
SPHS-SPHS,TRF-CNRE,19.86,19.5
SPHS-SPHS,JOEL-JOEL,5.91,7
SPHS-SPHS,HMD-HMD,19.99,18
SPHS-SPHS,GO_PPL,7.98,7.6
SPHS-SPHS,GO_TBT,8.72,9.6
SPHS-SPHS,MDV-KBY,6.85,7.2
SPHS-SPHS,MDV-KGD,14.36,15.7
SPHS-SPHS,MDV-PURI,11.97,10.7
SPHS-SPHS,MDV-PDI,11.16,9
SPHS-SPHS,MDV-BNTR,15.91,15
SPHS-SPHS,MDV-PDHB,13.72,16.2
SPHS-SPHS,MDV-GRVY,9.32,8.2
SPHS-SPHS,SPHS-SPHS,0,0
SPHS-SPHS,DRSR-DRSR,5.53,6.8
SPHS-SPHS,EXP-EXP,3.49,4.3
SPHS-SPHS,EXP-AEON,31.39,28.8
SPHS-SPHS,HHP-HHP,5.08,5.6
SPHS-SPHS,GDL-BSD,31.72,27.9
SPHS-SPHS,GDL-PIK,19.91,17.9
SPHS-SPHS,GDL-MOI,14.21,17.1
SPHS-SPHS,GDL-KHI,22.7,20.4
SPHS-SPHS,GDL-RDL,8.68,8.4
SPHS-SPHS,GDL-PRGN,6.73,7.6
SPHS-SPHS,GDL-CNRE,17.95,16.7
SPHS-SPHS,GDL-PURI,12.52,11.1
SPHS-SPHS,GDL-ANC,12.29,14.2
SPHS-SPHS,GDL-GLC,16.53,14.8
SPHS-SPHS,GDL-SCBD,4.56,4.5
SPHS-SPHS,DDF-DDF,20.46,19.4
SPHS-SPHS,FDMX-VDLM,15.46,13.7
SPHS-SPHS,JIN-RST,14.65,14.4
SPHS-SPHS,JIN-CKC,9.18,10.3
SPHS-SPHS,PDLM-PDLM,4.98,4.9
SPHS-SPHS,GOF-GD,25.25,21.7
SPHS-SPHS,SMI-SMI,3.87,4.8
SPHS-SPHS,CST-RTIW,26.83,24.3
SPHS-SPHS,GRMK-PSQ,15.44,12.7
SPHS-SPHS,GRMK-CBN,36.18,30
SPHS-SPHS,GRMK-JUN,28.65,23.1
SPHS-SPHS,GRMK-KMY,7.37,8.4
SPHS-SPHS,GRMK-TJD,6.17,6.4
SPHS-SPHS,GRMK-VTR,13.43,12
SPHS-SPHS,GRMK-STBD,5.52,6.7
SPHS-SPHS,GRMK-FTM,14.63,12.2
SPHS-SPHS,GRMK-MRY,10.15,9.3
SPHS-SPHS,GRMK-DWS,27.65,25.6
SPHS-SPHS,GRMK-CBR,26.36,22.9
SPHS-SPHS,GRMK-EMP,10.16,8.8
SPHS-SPHS,GRMK-CMP,13.24,13.9
SPHS-SPHS,GRMK-LRT,15.96,16.8
SPHS-SPHS,GRMK-BSD,25.78,21.6
SPHS-SPHS,GRMK-GRH,21.79,19.8
SPHS-SPHS,GRMK-CPNG,10.88,12.1
SPHS-SPHS,GRMK-PLM,2.59,3.5
SPHS-SPHS,GRMK-DTA,9.76,8.5
SPHS-SPHS,GRMK-SOQ,12.55,10.8
SPHS-SPHS,GRMK-XML,20.2,17.1
SPHS-SPHS,GRMK-DMT,14.06,11.1
SPHS-SPHS,BRIK-STR,12.93,12.6
SPHS-SPHS,BRIK-ALS,24.76,19.5
SPHS-SPHS,BRIK-GDB,176.36,129.6
SPHS-SPHS,BRIK-CKR,47.92,40.6
SPHS-SPHS,BRIK-NRG,29.93,24.3
SPHS-SPHS,BRIK-LGK,31.56,25
SPHS-SPHS,BRIK-BLR,51.83,37.3
SPHS-SPHS,BRIK-STL,46.94,38.5
SPHS-SPHS,BRIK-KRW,69.08,53.8
SPHS-SPHS,BRIK-MTL,16.27,14.3
SPHS-SPHS,YMY-BTB,14.34,12.2
SPHS-SPHS,GLLR-GLLR,29.2,30.3
SPHS-SPHS,CSRR-CSRR,11.31,9.9
SPHS-SPHS,MTSJ-MTSJ,3.71,4.3
SPHS-SPHS,CST-GLN,9.45,8.7
SPHS-SPHS,MBG-MBG,14.21,13.5
SPHS-SPHS,CST-MBG,24.49,22.8
SPHS-SPHS,GDK-KGD,15.3,15.5
SPHS-SPHS,GDK-SCBD,4.22,4.1
SPHS-SPHS,CST-AYM,22.17,20.3
SPHS-SPHS,WTC-WTC,8.24,8.9
SPHS-SPHS,FYN-FYN,7.64,7.1
SPHS-SPHS,CST-FDC,3.58,6.2
SPHS-SPHS,MDS-MDS,4.58,5.5
SPHS-SPHS,MDS-SCBD,4.96,5.2
SPHS-SPHS,HKN-HKN,26.11,23.6
DRSR-DRSR,GDS,30.01,26.4
DRSR-DRSR,CRD,17.8,15.7
DRSR-DRSR,KJT,16.63,14
DRSR-DRSR,BKS,28.84,24.4
DRSR-DRSR,CBR,29.3,27.9
DRSR-DRSR,MPG,9.29,9.7
DRSR-DRSR,RWG,11.19,11.7
DRSR-DRSR,KBG,14.95,15.7
DRSR-DRSR,BSD,33.48,30.2
DRSR-DRSR,STB,4.39,5.4
DRSR-DRSR,MBS,6.58,7.3
DRSR-DRSR,DMT,20.71,17.2
DRSR-DRSR,DMG,20.74,17.1
DRSR-DRSR,KL_CKG,15.32,13.5
DRSR-DRSR,KL_KJ,17.56,17.3
DRSR-DRSR,ASTR-ASTR,44.11,38
DRSR-DRSR,BRW-BRW,11.26,11.1
DRSR-DRSR,MGL-MGL,4.73,5.6
DRSR-DRSR,WSI-ANCB,4.52,6
DRSR-DRSR,WSI-BTS,4.52,6
DRSR-DRSR,WSI-PIK,22.19,22.2
DRSR-DRSR,WSI-BSD,29.09,25.8
DRSR-DRSR,WSI-ANC,10.55,12.6
DRSR-DRSR,BKB-BKB,23.62,23
DRSR-DRSR,RFS-HANG,6.96,7.2
DRSR-DRSR,RFS-WOLT,7.33,8.9
DRSR-DRSR,MBL-MBL,9.78,9.8
DRSR-DRSR,ADS-ADS,4.46,5.3
DRSR-DRSR,LML-LML,23.14,22.4
DRSR-DRSR,HYP-HYP,4.35,4.8
DRSR-DRSR,SDJ-CNRE,21.68,23.3
DRSR-DRSR,SDJ-SDJE,11.27,13.7
DRSR-DRSR,SDJ-PSBC,3.76,4.2
DRSR-DRSR,SDJ-SCBD,5.72,6
DRSR-DRSR,SDJ-BNTR,23.67,21.7
DRSR-DRSR,SDJ-CJTA,20.38,19.8
DRSR-DRSR,SDJ-PJTN,11.09,13.2
DRSR-DRSR,SDJ-CBLH,23.46,21.3
DRSR-DRSR,SDJ-KTBT,22.34,21.3
DRSR-DRSR,SDJ-ODSS,5.97,6.4
DRSR-DRSR,SDJ-SOET,23.46,21.3
DRSR-DRSR,SDJ-SMB,25.02,23.6
DRSR-DRSR,SDJ-CBS,14.79,15.4
DRSR-DRSR,SDJ-PIM,12.7,12
DRSR-DRSR,SDJ-CBN,23.46,21.3
DRSR-DRSR,SDJ-BLV,19.01,17.2
DRSR-DRSR,BFL-BFL,27.93,25.8
DRSR-DRSR,BFL-KBY,7.86,8.4
DRSR-DRSR,DCGL-BAR,18.5,16.6
DRSR-DRSR,DCGS-BAR,31.18,27
DRSR-DRSR,DCGL-KITC,18.5,16.6
DRSR-DRSR,DCGS-KITC,18.5,16.6
DRSR-DRSR,DCBM-BAR,8.3,8.3
DRSR-DRSR,DCBM-KITC,8.3,8.3
DRSR-DRSR,MXW-PGJ,6.68,7.6
DRSR-DRSR,MXW-KGD,11.36,11.5
DRSR-DRSR,PPY-MTG,0.41,0.8
DRSR-DRSR,PPY-CTW,3.91,5
DRSR-DRSR,PPY-PI,13.17,11.7
DRSR-DRSR,PPY-GDS,30.25,26.3
DRSR-DRSR,TRF-TRF,17.14,16.4
DRSR-DRSR,TRF-CNRE,22.76,24.2
DRSR-DRSR,JOEL-JOEL,7.07,8.4
DRSR-DRSR,HMD-HMD,23.46,21.3
DRSR-DRSR,GO_PPL,9.13,9
DRSR-DRSR,GO_TBT,7.4,8.8
DRSR-DRSR,MDV-KBY,8,8.7
DRSR-DRSR,MDV-KGD,11.05,12.6
DRSR-DRSR,MDV-PURI,13.49,13
DRSR-DRSR,MDV-PDI,14.62,12.3
DRSR-DRSR,MDV-BNTR,19.38,18.3
DRSR-DRSR,MDV-PDHB,11.22,13.5
DRSR-DRSR,MDV-GRVY,12.78,11.5
DRSR-DRSR,SPHS-SPHS,4.83,5.6
DRSR-DRSR,DRSR-DRSR,0,0
DRSR-DRSR,EXP-EXP,5.88,6.9
DRSR-DRSR,EXP-AEON,32.91,31
DRSR-DRSR,HHP-HHP,6.24,7
DRSR-DRSR,GDL-BSD,33.24,30.1
DRSR-DRSR,GDL-PIK,21.39,20.6
DRSR-DRSR,GDL-MOI,10.9,14
DRSR-DRSR,GDL-KHI,19.39,17.3
DRSR-DRSR,GDL-RDL,9.7,10
DRSR-DRSR,GDL-PRGN,5.52,6.3
DRSR-DRSR,GDL-CNRE,20.85,21.4
DRSR-DRSR,GDL-PURI,14.04,13.3
DRSR-DRSR,GDL-ANC,9.78,11.4
DRSR-DRSR,GDL-GLC,18.05,17
DRSR-DRSR,GDL-SCBD,5.72,5.9
DRSR-DRSR,DDF-DDF,23.92,22.7
DRSR-DRSR,FDMX-VDLM,18.92,17
DRSR-DRSR,JIN-RST,11.34,11.3
DRSR-DRSR,JIN-CKC,6.68,7.6
DRSR-DRSR,PDLM-PDLM,6.34,6.9
DRSR-DRSR,GOF-GD,26.73,24.3
DRSR-DRSR,SMI-SMI,4.13,5.2
DRSR-DRSR,CST-RTIW,27.98,25.8
DRSR-DRSR,GRMK-PSQ,16.78,15.8
DRSR-DRSR,GRMK-CBN,37.53,32.2
DRSR-DRSR,GRMK-JUN,27.52,23.3
DRSR-DRSR,GRMK-KMY,4.86,5.6
DRSR-DRSR,GRMK-TJD,7.6,8.7
DRSR-DRSR,GRMK-VTR,16.89,15.3
DRSR-DRSR,GRMK-STBD,3.98,4.8
DRSR-DRSR,GRMK-FTM,13.87,14.5
DRSR-DRSR,GRMK-MRY,11.67,11.6
DRSR-DRSR,GRMK-DWS,29,27.8
DRSR-DRSR,GRMK-CBR,27.71,25
DRSR-DRSR,GRMK-EMP,11.59,11
DRSR-DRSR,GRMK-CMP,9.54,10.9
DRSR-DRSR,GRMK-LRT,12.65,13.7
DRSR-DRSR,GRMK-BSD,27.3,23.9
DRSR-DRSR,GRMK-GRH,23.31,22
DRSR-DRSR,GRMK-CPNG,9.08,9.9
DRSR-DRSR,GRMK-PLM,6.61,7.5
DRSR-DRSR,GRMK-DTA,11.12,10.6
DRSR-DRSR,GRMK-SOQ,16.01,14.1
DRSR-DRSR,GRMK-XML,18.42,18.4
DRSR-DRSR,GRMK-DMT,14.87,13
DRSR-DRSR,BRIK-STR,9.62,9.5
DRSR-DRSR,BRIK-ALS,26.28,21.7
DRSR-DRSR,BRIK-GDB,177.72,131.7
DRSR-DRSR,BRIK-CKR,49.14,42.2
DRSR-DRSR,BRIK-NRG,31.29,26.4
DRSR-DRSR,BRIK-LGK,33.09,27.2
DRSR-DRSR,BRIK-BLR,53.36,39.5
DRSR-DRSR,BRIK-STL,48.3,40.6
DRSR-DRSR,BRIK-KRW,70.44,55.9
DRSR-DRSR,BRIK-MTL,17.79,16.5
DRSR-DRSR,YMY-BTB,15.15,14
DRSR-DRSR,GLLR-GLLR,34.07,33
DRSR-DRSR,CSRR-CSRR,12.74,12.1
DRSR-DRSR,MTSJ-MTSJ,3.98,4.7
DRSR-DRSR,CST-GLN,12.91,12
DRSR-DRSR,MBG-MBG,15.57,15.7
DRSR-DRSR,CST-MBG,21.18,19.7
DRSR-DRSR,GDK-KGD,11.99,12.4
DRSR-DRSR,GDK-SCBD,5.38,5.5
DRSR-DRSR,CST-AYM,23.52,22.5
DRSR-DRSR,WTC-WTC,5.55,6.3
DRSR-DRSR,FYN-FYN,9.08,9.3
DRSR-DRSR,CST-FDC,7.13,9.8
DRSR-DRSR,MDS-MDS,8.12,9.2
DRSR-DRSR,MDS-SCBD,6.12,6.6
DRSR-DRSR,HKN-HKN,27.46,25.7
EXP-EXP,GDS,31.54,27.3
EXP-EXP,CRD,16.84,14.9
EXP-EXP,KJT,14.39,12.3
EXP-EXP,BKS,26.6,22.6
EXP-EXP,CBR,27.06,26.1
EXP-EXP,MPG,7.39,8.1
EXP-EXP,RWG,12.77,13.3
EXP-EXP,KBG,16.48,16.6
EXP-EXP,BSD,32.52,29.4
EXP-EXP,STB,5.45,6.3
EXP-EXP,MBS,8.89,9.3
EXP-EXP,DMT,22.95,18.5
EXP-EXP,DMG,22.99,18.4
EXP-EXP,KL_CKG,17.57,14.8
EXP-EXP,KL_KJ,22.63,21.3
EXP-EXP,ASTR-ASTR,41.87,36.2
EXP-EXP,BRW-BRW,9.02,9.4
EXP-EXP,MGL-MGL,7.03,7.6
EXP-EXP,WSI-ANCB,6.83,8
EXP-EXP,WSI-BTS,6.83,8
EXP-EXP,WSI-PIK,23.77,22.7
EXP-EXP,WSI-BSD,30.63,26.7
EXP-EXP,WSI-ANC,12.37,15.5
EXP-EXP,BKB-BKB,22.67,22.3
EXP-EXP,RFS-HANG,4.92,6.1
EXP-EXP,RFS-WOLT,5.29,7.8
EXP-EXP,MBL-MBL,7.74,8.7
EXP-EXP,ADS-ADS,1.48,2.1
EXP-EXP,LML-LML,22.18,21.6
EXP-EXP,HYP-HYP,5.93,6.4
EXP-EXP,SDJ-CNRE,19.64,22.2
EXP-EXP,SDJ-SDJE,9.38,12.1
EXP-EXP,SDJ-PSBC,7.37,7.7
EXP-EXP,SDJ-SCBD,3.68,4.9
EXP-EXP,SDJ-BNTR,22.71,20.9
EXP-EXP,SDJ-CJTA,18.46,18.1
EXP-EXP,SDJ-PJTN,9.19,11.6
EXP-EXP,SDJ-CBLH,22.5,20.5
EXP-EXP,SDJ-KTBT,21.96,19.6
EXP-EXP,SDJ-ODSS,3.93,5.2
EXP-EXP,SDJ-SOET,22.5,20.5
EXP-EXP,SDJ-SMB,27.85,26
EXP-EXP,SDJ-CBS,12.75,14.3
EXP-EXP,SDJ-PIM,11.75,11.3
EXP-EXP,SDJ-CBN,22.5,20.5
EXP-EXP,SDJ-BLV,18.06,16.4
EXP-EXP,BFL-BFL,25.69,24.1
EXP-EXP,BFL-KBY,5.82,7.3
EXP-EXP,DCGL-BAR,20.03,17.6
EXP-EXP,DCGS-BAR,32.71,28
EXP-EXP,DCGL-KITC,20.03,17.6
EXP-EXP,DCGS-KITC,20.03,17.6
EXP-EXP,DCBM-BAR,6.25,7.2
EXP-EXP,DCBM-KITC,6.25,7.2
EXP-EXP,MXW-PGJ,10.29,11
EXP-EXP,MXW-KGD,16.43,15.6
EXP-EXP,PPY-MTG,4.37,5.4
EXP-EXP,PPY-CTW,1.52,2.5
EXP-EXP,PPY-PI,12.22,10.9
EXP-EXP,PPY-GDS,31.78,27.3
EXP-EXP,TRF-TRF,15.1,15.2
EXP-EXP,TRF-CNRE,20.72,23.1
EXP-EXP,JOEL-JOEL,5.03,7.3
EXP-EXP,HMD-HMD,22.5,20.5
EXP-EXP,GO_PPL,7.09,7.9
EXP-EXP,GO_TBT,6.87,8.4
EXP-EXP,MDV-KBY,5.96,7.5
EXP-EXP,MDV-KGD,15.32,16.7
EXP-EXP,MDV-PURI,15.02,13.9
EXP-EXP,MDV-PDI,13.66,11.5
EXP-EXP,MDV-BNTR,18.42,17.5
EXP-EXP,MDV-PDHB,14.83,17
EXP-EXP,MDV-GRVY,8.89,10.5
EXP-EXP,SPHS-SPHS,4.82,5.7
EXP-EXP,DRSR-DRSR,5.47,6.5
EXP-EXP,EXP-EXP,0,0
EXP-EXP,EXP-AEON,34.44,31.9
EXP-EXP,HHP-HHP,4.2,5.9
EXP-EXP,GDL-BSD,34.78,31
EXP-EXP,GDL-PIK,22.96,21.1
EXP-EXP,GDL-MOI,15.97,18
EXP-EXP,GDL-KHI,22.31,21
EXP-EXP,GDL-RDL,7.66,8.9
EXP-EXP,GDL-PRGN,7.83,8.3
EXP-EXP,GDL-CNRE,18.81,20.3
EXP-EXP,GDL-PURI,15.57,14.2
EXP-EXP,GDL-ANC,13.39,14.9
EXP-EXP,GDL-GLC,19.59,17.9
EXP-EXP,GDL-SCBD,3.67,4.8
EXP-EXP,DDF-DDF,22.96,21.9
EXP-EXP,FDMX-VDLM,17.97,16.2
EXP-EXP,JIN-RST,16.41,15.4
EXP-EXP,JIN-CKC,10.28,11
EXP-EXP,PDLM-PDLM,4.1,5.2
EXP-EXP,GOF-GD,28.3,24.8
EXP-EXP,SMI-SMI,1.4,2.1
EXP-EXP,CST-RTIW,25.94,24.6
EXP-EXP,GRMK-PSQ,14.73,14.6
EXP-EXP,GRMK-CBN,35.29,30.4
EXP-EXP,GRMK-JUN,27.77,23.5
EXP-EXP,GRMK-KMY,8.47,9.1
EXP-EXP,GRMK-TJD,9.23,9.6
EXP-EXP,GRMK-VTR,15.94,14.5
EXP-EXP,GRMK-STBD,5.56,6.3
EXP-EXP,GRMK-FTM,11.83,13.3
EXP-EXP,GRMK-MRY,13.2,12.5
EXP-EXP,GRMK-DWS,26.76,26
EXP-EXP,GRMK-CBR,25.47,23.3
EXP-EXP,GRMK-EMP,13.21,11.9
EXP-EXP,GRMK-CMP,12.13,12.9
EXP-EXP,GRMK-LRT,16.92,17.8
EXP-EXP,GRMK-BSD,28.84,24.8
EXP-EXP,GRMK-GRH,19.9,22.7
EXP-EXP,GRMK-CPNG,10.66,11.4
EXP-EXP,GRMK-PLM,5.65,6.7
EXP-EXP,GRMK-DTA,8.88,8.9
EXP-EXP,GRMK-SOQ,15.05,13.3
EXP-EXP,GRMK-XML,19.32,17.4
EXP-EXP,GRMK-DMT,17.11,14.3
EXP-EXP,BRIK-STR,14.69,13.6
EXP-EXP,BRIK-ALS,27.81,22.7
EXP-EXP,BRIK-GDB,175.48,130
EXP-EXP,BRIK-CKR,47.04,41
EXP-EXP,BRIK-NRG,29.05,24.7
EXP-EXP,BRIK-LGK,34.62,28.1
EXP-EXP,BRIK-BLR,54.89,40.4
EXP-EXP,BRIK-STL,46.06,38.9
EXP-EXP,BRIK-KRW,68.2,54.1
EXP-EXP,BRIK-MTL,19.32,17.4
EXP-EXP,YMY-BTB,17.4,15.4
EXP-EXP,GLLR-GLLR,31.7,32.8
EXP-EXP,CSRR-CSRR,14.36,13
EXP-EXP,MTSJ-MTSJ,1.45,2.6
EXP-EXP,CST-GLN,8.81,10.8
EXP-EXP,MBG-MBG,13.33,13.9
EXP-EXP,CST-MBG,24.11,23.4
EXP-EXP,GDK-KGD,17.06,16.4
EXP-EXP,GDK-SCBD,3.34,4.4
EXP-EXP,CST-AYM,21.28,20.7
EXP-EXP,WTC-WTC,7.14,7.9
EXP-EXP,FYN-FYN,7.04,8.2
EXP-EXP,CST-FDC,3.15,7.2
EXP-EXP,MDS-MDS,4.15,6.6
EXP-EXP,MDS-SCBD,4.07,5.5
EXP-EXP,HKN-HKN,25.22,24
EXP-AEON,GDS,6.89,9.1
EXP-AEON,CRD,23.73,23.7
EXP-AEON,KJT,34.57,30.9
EXP-AEON,BKS,47.29,42.7
EXP-AEON,CBR,42.5,38.5
EXP-AEON,MPG,30.12,28.8
EXP-AEON,RWG,40.87,40.6
EXP-AEON,KBG,23.28,26.2
EXP-AEON,BSD,8.51,10.7
EXP-AEON,STB,33.1,33
EXP-AEON,MBS,33.88,32
EXP-AEON,DMT,23.01,23
EXP-AEON,DMG,21.43,21.9
EXP-AEON,KL_CKG,24.72,25.5
EXP-AEON,KL_KJ,50.37,45.2
EXP-AEON,ASTR-ASTR,46.73,38.1
EXP-AEON,BRW-BRW,32.41,31.5
EXP-AEON,MGL-MGL,32.03,30.3
EXP-AEON,WSI-ANCB,31.82,30.7
EXP-AEON,WSI-BTS,31.82,30.7
EXP-AEON,WSI-PIK,32.96,35.9
EXP-AEON,WSI-BSD,3.32,4.6
EXP-AEON,WSI-ANC,37.8,36
EXP-AEON,BKB-BKB,13.44,15.2
EXP-AEON,RFS-HANG,24.66,25.1
EXP-AEON,RFS-WOLT,26.07,29.9
EXP-AEON,MBL-MBL,25.73,28.2
EXP-AEON,ADS-ADS,28.7,29.5
EXP-AEON,LML-LML,12.95,14.5
EXP-AEON,HYP-HYP,32.31,32.1
EXP-AEON,SDJ-CNRE,23.05,23.2
EXP-AEON,SDJ-SDJE,27.98,28.3
EXP-AEON,SDJ-PSBC,32.36,30.4
EXP-AEON,SDJ-SCBD,28.74,29.4
EXP-AEON,SDJ-BNTR,13.43,14.6
EXP-AEON,SDJ-CJTA,37.66,30.8
EXP-AEON,SDJ-PJTN,28.25,28.6
EXP-AEON,SDJ-CBLH,13.21,14.2
EXP-AEON,SDJ-KTBT,48.48,42.8
EXP-AEON,SDJ-ODSS,26.29,29.2
EXP-AEON,SDJ-SOET,13.21,14.2
EXP-AEON,SDJ-SMB,52.91,50.6
EXP-AEON,SDJ-CBS,25.42,25
EXP-AEON,SDJ-PIM,21.84,23.7
EXP-AEON,SDJ-CBN,13.21,14.2
EXP-AEON,SDJ-BLV,20.46,22
EXP-AEON,BFL-BFL,31,26.5
EXP-AEON,BFL-KBY,25.16,27.9
EXP-AEON,DCGL-BAR,19.06,21.1
EXP-AEON,DCGS-BAR,5.5,6.6
EXP-AEON,DCGL-KITC,19.06,21.1
EXP-AEON,DCGS-KITC,19.06,21.1
EXP-AEON,DCBM-BAR,24.2,26.4
EXP-AEON,DCBM-KITC,24.2,26.4
EXP-AEON,MXW-PGJ,35.28,33.7
EXP-AEON,MXW-KGD,43.06,40.3
EXP-AEON,PPY-MTG,32.99,30.9
EXP-AEON,PPY-CTW,28.75,29.8
EXP-AEON,PPY-PI,21.45,22.7
EXP-AEON,PPY-GDS,6.75,8.7
EXP-AEON,TRF-TRF,25.28,24.5
EXP-AEON,TRF-CNRE,22.5,22.2
EXP-AEON,JOEL-JOEL,27.04,30.6
EXP-AEON,HMD-HMD,13.21,14.2
EXP-AEON,GO_PPL,27.5,26.4
EXP-AEON,GO_TBT,34.71,34.6
EXP-AEON,MDV-KBY,25.01,27.7
EXP-AEON,MDV-KGD,42.75,41.4
EXP-AEON,MDV-PURI,21.91,23.6
EXP-AEON,MDV-PDI,20.13,21.3
EXP-AEON,MDV-BNTR,15.35,16.1
EXP-AEON,MDV-PDHB,39.82,39.6
EXP-AEON,MDV-GRVY,22.02,23.1
EXP-AEON,SPHS-SPHS,30.77,28.5
EXP-AEON,DRSR-DRSR,33.93,32.5
EXP-AEON,EXP-EXP,27.47,28.5
EXP-AEON,EXP-AEON,0,0
EXP-AEON,HHP-HHP,26.55,29.8
EXP-AEON,GDL-BSD,4.47,6.3
EXP-AEON,GDL-PIK,32.15,34.3
EXP-AEON,GDL-MOI,42.61,42.8
EXP-AEON,GDL-KHI,51.1,46.1
EXP-AEON,GDL-RDL,23.05,24.2
EXP-AEON,GDL-PRGN,32.82,31.1
EXP-AEON,GDL-CNRE,23.48,22.6
EXP-AEON,GDL-PURI,21.26,22.5
EXP-AEON,GDL-ANC,40.49,37.5
EXP-AEON,GDL-GLC,18.62,21.5
EXP-AEON,GDL-SCBD,28.73,29.4
EXP-AEON,DDF-DDF,12.47,15.2
EXP-AEON,FDMX-VDLM,25.68,24.7
EXP-AEON,JIN-RST,43.05,40.1
EXP-AEON,JIN-CKC,35.28,33.7
EXP-AEON,PDLM-PDLM,29.15,29.7
EXP-AEON,GOF-GD,27.86,29.1
EXP-AEON,SMI-SMI,28.62,29.4
EXP-AEON,CST-RTIW,27.04,24.5
EXP-AEON,GRMK-PSQ,24.91,23.9
EXP-AEON,GRMK-CBN,40.16,32.3
EXP-AEON,GRMK-JUN,52.7,47.1
EXP-AEON,GRMK-KMY,33.46,31.8
EXP-AEON,GRMK-TJD,28.07,28.4
EXP-AEON,GRMK-VTR,16.17,16.8
EXP-AEON,GRMK-STBD,32.51,33
EXP-AEON,GRMK-FTM,24.11,23.4
EXP-AEON,GRMK-MRY,24.5,25.9
EXP-AEON,GRMK-DWS,29,26.6
EXP-AEON,GRMK-CBR,36.83,33.2
EXP-AEON,GRMK-EMP,34.15,31.2
EXP-AEON,GRMK-CMP,41.25,39.7
EXP-AEON,GRMK-LRT,44.36,42.5
EXP-AEON,GRMK-BSD,5.14,6.4
EXP-AEON,GRMK-GRH,13.99,15.3
EXP-AEON,GRMK-CPNG,39.77,37.6
EXP-AEON,GRMK-PLM,27.88,28.6
EXP-AEON,GRMK-DTA,31.83,30.9
EXP-AEON,GRMK-SOQ,22.02,22
EXP-AEON,GRMK-XML,44.38,42
EXP-AEON,GRMK-DMT,25.64,26.3
EXP-AEON,BRIK-STR,41.33,38.3
EXP-AEON,BRIK-ALS,9.01,10.2
EXP-AEON,BRIK-GDB,177.67,138.4
EXP-AEON,BRIK-CKR,73.47,60.5
EXP-AEON,BRIK-NRG,46.87,42.6
EXP-AEON,BRIK-LGK,10.35,13.1
EXP-AEON,BRIK-BLR,41.64,34.3
EXP-AEON,BRIK-STL,52.67,42.9
EXP-AEON,BRIK-KRW,93.44,73.3
EXP-AEON,BRIK-MTL,18.35,21
EXP-AEON,YMY-BTB,22.48,25.1
EXP-AEON,GLLR-GLLR,4.3,8
EXP-AEON,CSRR-CSRR,35.3,32.3
EXP-AEON,MTSJ-MTSJ,28.67,29.9
EXP-AEON,CST-GLN,22.16,23.6
EXP-AEON,MBG-MBG,29.23,29.2
EXP-AEON,CST-MBG,52.89,48.5
EXP-AEON,GDK-KGD,43.69,41.2
EXP-AEON,GDK-SCBD,28.39,29
EXP-AEON,CST-AYM,27.33,27.4
EXP-AEON,WTC-WTC,35.23,35.2
EXP-AEON,FYN-FYN,22.43,24.3
EXP-AEON,CST-FDC,26.62,29.6
EXP-AEON,MDS-MDS,26.18,27.7
EXP-AEON,MDS-SCBD,26.17,28.9
EXP-AEON,HKN-HKN,45.89,41.9
HHP-HHP,GDS,31.65,27
HHP-HHP,CRD,12.77,11.6
HHP-HHP,KJT,13.86,12.2
HHP-HHP,BKS,26.08,22.6
HHP-HHP,CBR,26.54,26.1
HHP-HHP,MPG,6.38,7.2
HHP-HHP,RWG,15.43,16.4
HHP-HHP,KBG,16.59,16.2
HHP-HHP,BSD,28.45,26.1
HHP-HHP,STB,8.11,9.5
HHP-HHP,MBS,12.98,12.4
HHP-HHP,DMT,23.06,18.2
HHP-HHP,DMG,23.1,18
HHP-HHP,KL_CKG,17.68,14.4
HHP-HHP,KL_KJ,25.29,24.5
HHP-HHP,ASTR-ASTR,41.34,36.2
HHP-HHP,BRW-BRW,7.4,8.7
HHP-HHP,MGL-MGL,11.13,10.7
HHP-HHP,WSI-ANCB,10.92,11.1
HHP-HHP,WSI-BTS,10.92,11.1
HHP-HHP,WSI-PIK,23.87,22.2
HHP-HHP,WSI-BSD,30.74,26.3
HHP-HHP,WSI-ANC,16.98,16.4
HHP-HHP,BKB-BKB,17.48,19.3
HHP-HHP,RFS-HANG,1.94,2.3
HHP-HHP,RFS-WOLT,3.06,4.6
HHP-HHP,MBL-MBL,4.77,4.9
HHP-HHP,ADS-ADS,4.14,5.3
HHP-HHP,LML-LML,17,18.6
HHP-HHP,HYP-HYP,7.1,7.5
HHP-HHP,SDJ-CNRE,16.67,18.4
HHP-HHP,SDJ-SDJE,8.45,10.2
HHP-HHP,SDJ-PSBC,11.46,10.8
HHP-HHP,SDJ-SCBD,1.01,1.6
HHP-HHP,SDJ-BNTR,18.64,17.6
HHP-HHP,SDJ-CJTA,17.59,16.8
HHP-HHP,SDJ-PJTN,8.72,10.4
HHP-HHP,SDJ-CBLH,18.43,17.2
HHP-HHP,SDJ-KTBT,21.44,19.6
HHP-HHP,SDJ-ODSS,1.7,2
HHP-HHP,SDJ-SOET,18.43,17.2
HHP-HHP,SDJ-SMB,27.33,26
HHP-HHP,SDJ-CBS,9.78,10.5
HHP-HHP,SDJ-PIM,7.68,8
HHP-HHP,SDJ-CBN,18.43,17.2
HHP-HHP,SDJ-BLV,13.98,13.2
HHP-HHP,BFL-BFL,25.17,24
HHP-HHP,BFL-KBY,3.58,4.1
HHP-HHP,DCGL-BAR,20.14,17.2
HHP-HHP,DCGS-BAR,32.82,27.6
HHP-HHP,DCGL-KITC,20.14,17.2
HHP-HHP,DCGS-KITC,20.14,17.2
HHP-HHP,DCBM-BAR,3.28,3.3
HHP-HHP,DCBM-KITC,3.28,3.3
HHP-HHP,MXW-PGJ,14.38,14.2
HHP-HHP,MXW-KGD,19.09,18.7
HHP-HHP,PPY-MTG,7.03,8.6
HHP-HHP,PPY-CTW,4.18,5.7
HHP-HHP,PPY-PI,8.14,7.6
HHP-HHP,PPY-GDS,31.89,26.9
HHP-HHP,TRF-TRF,12.13,11.4
HHP-HHP,TRF-CNRE,17.75,19.3
HHP-HHP,JOEL-JOEL,2.79,4.1
HHP-HHP,HMD-HMD,18.43,17.2
HHP-HHP,GO_PPL,4.12,4.1
HHP-HHP,GO_TBT,9.13,10
HHP-HHP,MDV-KBY,3.73,4.3
HHP-HHP,MDV-KGD,17.98,19.8
HHP-HHP,MDV-PURI,15.14,13.5
HHP-HHP,MDV-PDI,9.59,8.2
HHP-HHP,MDV-BNTR,14.35,14.2
HHP-HHP,MDV-PDHB,18.92,20.1
HHP-HHP,MDV-GRVY,5.92,6.7
HHP-HHP,SPHS-SPHS,4.93,5.4
HHP-HHP,DRSR-DRSR,8.13,9.6
HHP-HHP,EXP-EXP,2.91,4.4
HHP-HHP,EXP-AEON,27.6,28.4
HHP-HHP,HHP-HHP,0,0
HHP-HHP,GDL-BSD,34.89,30.7
HHP-HHP,GDL-PIK,23.07,20.6
HHP-HHP,GDL-MOI,18.63,21.2
HHP-HHP,GDL-KHI,24.97,24.1
HHP-HHP,GDL-RDL,4.69,5.1
HHP-HHP,GDL-PRGN,11.92,11.5
HHP-HHP,GDL-CNRE,15.84,16.5
HHP-HHP,GDL-PURI,15.68,13.9
HHP-HHP,GDL-ANC,19.68,17.6
HHP-HHP,GDL-GLC,19.7,17.6
HHP-HHP,GDL-SCBD,0.38,0.6
HHP-HHP,DDF-DDF,18.89,18.6
HHP-HHP,FDMX-VDLM,13.63,14
HHP-HHP,JIN-RST,19.07,18.5
HHP-HHP,JIN-CKC,14.38,14.1
HHP-HHP,PDLM-PDLM,4.59,5.6
HHP-HHP,GOF-GD,28.41,24.3
HHP-HHP,SMI-SMI,4.06,5.3
HHP-HHP,CST-RTIW,22.97,20.8
HHP-HHP,GRMK-PSQ,11.76,10.8
HHP-HHP,GRMK-CBN,34.77,30.4
HHP-HHP,GRMK-JUN,27.24,23.5
HHP-HHP,GRMK-KMY,12.56,12.2
HHP-HHP,GRMK-TJD,9.34,9.2
HHP-HHP,GRMK-VTR,11.86,11.3
HHP-HHP,GRMK-STBD,8.22,9.5
HHP-HHP,GRMK-FTM,8.86,9.5
HHP-HHP,GRMK-MRY,13.32,12.1
HHP-HHP,GRMK-DWS,24.94,22.9
HHP-HHP,GRMK-CBR,24.95,23.3
HHP-HHP,GRMK-EMP,13.32,11.6
HHP-HHP,GRMK-CMP,14.79,16
HHP-HHP,GRMK-LRT,19.58,20.9
HHP-HHP,GRMK-BSD,28.95,24.4
HHP-HHP,GRMK-GRH,19.89,19.4
HHP-HHP,GRMK-CPNG,14.19,13
HHP-HHP,GRMK-PLM,5.76,6.3
HHP-HHP,GRMK-DTA,8.35,8.9
HHP-HHP,GRMK-SOQ,10.98,10
HHP-HHP,GRMK-XML,18.79,17.4
HHP-HHP,GRMK-DMT,17.22,13.9
HHP-HHP,BRIK-STR,17.35,16.7
HHP-HHP,BRIK-ALS,27.92,22.3
HHP-HHP,BRIK-GDB,174.95,130
HHP-HHP,BRIK-CKR,46.51,41
HHP-HHP,BRIK-NRG,28.52,24.7
HHP-HHP,BRIK-LGK,34.73,27.8
HHP-HHP,BRIK-BLR,55,40.1
HHP-HHP,BRIK-STL,45.54,38.9
HHP-HHP,BRIK-KRW,67.67,54.1
HHP-HHP,BRIK-MTL,19.43,17.1
HHP-HHP,YMY-BTB,17.51,15
HHP-HHP,GLLR-GLLR,27.17,29.5
HHP-HHP,CSRR-CSRR,14.47,12.7
HHP-HHP,MTSJ-MTSJ,4.11,5.7
HHP-HHP,CST-GLN,5.84,7
HHP-HHP,MBG-MBG,11.69,13.5
HHP-HHP,CST-MBG,26.48,25.6
HHP-HHP,GDK-KGD,19.72,19.6
HHP-HHP,GDK-SCBD,1.26,1.5
HHP-HHP,CST-AYM,16.08,18.1
HHP-HHP,WTC-WTC,9.8,11
HHP-HHP,FYN-FYN,4.07,4.4
HHP-HHP,CST-FDC,3.91,6.8
HHP-HHP,MDS-MDS,3.49,4.9
HHP-HHP,MDS-SCBD,1.84,2.3
HHP-HHP,HKN-HKN,24.7,23.9
GDL-BSD,GDS,3.41,4.9
GDL-BSD,CRD,27.39,27.3
GDL-BSD,KJT,38.24,34.6
GDL-BSD,BKS,50.95,46.4
GDL-BSD,CBR,46.17,42.2
GDL-BSD,MPG,33.79,32.5
GDL-BSD,RWG,44.45,40.7
GDL-BSD,KBG,24.48,25.8
GDL-BSD,BSD,12.18,14.4
GDL-BSD,STB,37.11,33.3
GDL-BSD,MBS,35.07,31.6
GDL-BSD,DMT,21.71,22.5
GDL-BSD,DMG,20.14,21.4
GDL-BSD,KL_CKG,25.92,25.2
GDL-BSD,KL_KJ,51.56,44.9
GDL-BSD,ASTR-ASTR,50.39,41.8
GDL-BSD,BRW-BRW,36.07,35.1
GDL-BSD,MGL-MGL,33.22,29.9
GDL-BSD,WSI-ANCB,33.01,30.3
GDL-BSD,WSI-BTS,33.01,30.3
GDL-BSD,WSI-PIK,34.15,35.5
GDL-BSD,WSI-BSD,5.7,7.1
GDL-BSD,WSI-ANC,38.99,35.7
GDL-BSD,BKB-BKB,17.11,18.8
GDL-BSD,RFS-HANG,28.32,28.7
GDL-BSD,RFS-WOLT,29.73,33.6
GDL-BSD,MBL-MBL,29.39,31.8
GDL-BSD,ADS-ADS,35.69,31.5
GDL-BSD,LML-LML,16.62,18.2
GDL-BSD,HYP-HYP,37.4,33.4
GDL-BSD,SDJ-CNRE,26.71,26.8
GDL-BSD,SDJ-SDJE,31.65,32
GDL-BSD,SDJ-PSBC,33.55,30
GDL-BSD,SDJ-SCBD,35.55,30.9
GDL-BSD,SDJ-BNTR,17.09,18.3
GDL-BSD,SDJ-CJTA,41.32,34.4
GDL-BSD,SDJ-PJTN,31.92,32.2
GDL-BSD,SDJ-CBLH,16.88,17.9
GDL-BSD,SDJ-KTBT,53.83,45.4
GDL-BSD,SDJ-ODSS,35.8,31.3
GDL-BSD,SDJ-SOET,16.88,17.9
GDL-BSD,SDJ-SMB,59.72,51.8
GDL-BSD,SDJ-CBS,29.08,28.7
GDL-BSD,SDJ-PIM,25.51,27.4
GDL-BSD,SDJ-CBN,16.88,17.9
GDL-BSD,SDJ-BLV,24.12,25.7
GDL-BSD,BFL-BFL,34.66,30.2
GDL-BSD,BFL-KBY,28.82,31.5
GDL-BSD,DCGL-BAR,20.26,20.8
GDL-BSD,DCGS-BAR,4.45,5.4
GDL-BSD,DCGL-KITC,20.26,20.8
GDL-BSD,DCGS-KITC,20.26,20.8
GDL-BSD,DCBM-BAR,27.86,30.1
GDL-BSD,DCBM-KITC,27.86,30.1
GDL-BSD,MXW-PGJ,36.48,33.4
GDL-BSD,MXW-KGD,44.26,40
GDL-BSD,PPY-MTG,34.18,30.5
GDL-BSD,PPY-CTW,34.64,31.2
GDL-BSD,PPY-PI,25.11,26.3
GDL-BSD,PPY-GDS,3.27,4.4
GDL-BSD,TRF-TRF,28.94,28.1
GDL-BSD,TRF-CNRE,26.16,25.9
GDL-BSD,JOEL-JOEL,36.89,33.3
GDL-BSD,HMD-HMD,16.88,17.9
GDL-BSD,GO_PPL,31.17,30
GDL-BSD,GO_TBT,41.52,35.8
GDL-BSD,MDV-KBY,28.68,31.3
GDL-BSD,MDV-KGD,43.95,41
GDL-BSD,MDV-PURI,23.1,23.3
GDL-BSD,MDV-PDI,23.8,24.9
GDL-BSD,MDV-BNTR,19.01,19.8
GDL-BSD,MDV-PDHB,41.01,39.3
GDL-BSD,MDV-GRVY,25.69,26.8
GDL-BSD,SPHS-SPHS,31.96,28.2
GDL-BSD,DRSR-DRSR,35.12,32.1
GDL-BSD,EXP-EXP,34.47,30.6
GDL-BSD,EXP-AEON,4.47,7.2
GDL-BSD,HHP-HHP,36.06,31.9
GDL-BSD,GDL-BSD,0,0
GDL-BSD,GDL-PIK,33.35,33.9
GDL-BSD,GDL-MOI,43.8,42.4
GDL-BSD,GDL-KHI,52.29,45.7
GDL-BSD,GDL-RDL,26.72,27.8
GDL-BSD,GDL-PRGN,34.02,30.7
GDL-BSD,GDL-CNRE,27.15,26.3
GDL-BSD,GDL-PURI,22.45,22.2
GDL-BSD,GDL-ANC,41.69,37.2
GDL-BSD,GDL-GLC,19.81,21.1
GDL-BSD,GDL-SCBD,35.54,30.9
GDL-BSD,DDF-DDF,14.85,17.7
GDL-BSD,FDMX-VDLM,29.35,28.4
GDL-BSD,JIN-RST,44.25,39.8
GDL-BSD,JIN-CKC,36.47,33.4
GDL-BSD,PDLM-PDLM,35.96,31.2
GDL-BSD,GOF-GD,27.91,29.6
GDL-BSD,SMI-SMI,35.61,31.5
GDL-BSD,CST-RTIW,30.7,28.1
GDL-BSD,GRMK-PSQ,28.58,27.5
GDL-BSD,GRMK-CBN,43.82,36
GDL-BSD,GRMK-JUN,59.64,49.3
GDL-BSD,GRMK-KMY,34.66,31.5
GDL-BSD,GRMK-TJD,29.27,28
GDL-BSD,GRMK-VTR,19.84,20.5
GDL-BSD,GRMK-STBD,36.52,33.3
GDL-BSD,GRMK-FTM,27.77,27.1
GDL-BSD,GRMK-MRY,25.69,25.5
GDL-BSD,GRMK-DWS,32.67,30.2
GDL-BSD,GRMK-CBR,40.49,36.9
GDL-BSD,GRMK-EMP,35.34,30.8
GDL-BSD,GRMK-CMP,42.44,39.4
GDL-BSD,GRMK-LRT,45.55,42.1
GDL-BSD,GRMK-BSD,7.52,8.8
GDL-BSD,GRMK-GRH,15.38,17.7
GDL-BSD,GRMK-CPNG,41.88,38.7
GDL-BSD,GRMK-PLM,33.59,30.1
GDL-BSD,GRMK-DTA,35.49,34.6
GDL-BSD,GRMK-SOQ,25.69,25.6
GDL-BSD,GRMK-XML,51.19,43.3
GDL-BSD,GRMK-DMT,26.83,25.9
GDL-BSD,BRIK-STR,42.52,37.9
GDL-BSD,BRIK-ALS,10.4,12.6
GDL-BSD,BRIK-GDB,181.33,142.1
GDL-BSD,BRIK-CKR,77.14,64.2
GDL-BSD,BRIK-NRG,50.53,46.2
GDL-BSD,BRIK-LGK,6.04,8
GDL-BSD,BRIK-BLR,36.6,31.4
GDL-BSD,BRIK-STL,56.33,46.6
GDL-BSD,BRIK-KRW,97.11,77
GDL-BSD,BRIK-MTL,19.55,20.6
GDL-BSD,YMY-BTB,23.68,24.8
GDL-BSD,GLLR-GLLR,7.96,11.6
GDL-BSD,CSRR-CSRR,36.49,31.9
GDL-BSD,MTSJ-MTSJ,34.71,30.9
GDL-BSD,CST-GLN,25.82,27.3
GDL-BSD,MBG-MBG,32.89,32.8
GDL-BSD,CST-MBG,54.09,48.2
GDL-BSD,GDK-KGD,44.89,40.8
GDL-BSD,GDK-SCBD,35.2,30.4
GDL-BSD,CST-AYM,30.99,31
GDL-BSD,WTC-WTC,38.81,35.3
GDL-BSD,FYN-FYN,26.09,28
GDL-BSD,CST-FDC,34.56,32.5
GDL-BSD,MDS-MDS,29.85,31.4
GDL-BSD,MDS-SCBD,35.94,31.5
GDL-BSD,HKN-HKN,49.55,45.5
GDL-PIK,GDS,29.71,29.3
GDL-PIK,CRD,31.73,26.5
GDL-PIK,KJT,32.67,25.5
GDL-PIK,BKS,44.88,35.8
GDL-PIK,CBR,45.35,39.3
GDL-PIK,MPG,25.68,21.7
GDL-PIK,RWG,28.92,26.9
GDL-PIK,KBG,13.15,15.3
GDL-PIK,BSD,38,36.5
GDL-PIK,STB,23.52,21
GDL-PIK,MBS,16.78,16.6
GDL-PIK,DMT,17.19,16.2
GDL-PIK,DMG,17.23,16
GDL-PIK,KL_CKG,8.2,9.4
GDL-PIK,KL_KJ,26.2,23.2
GDL-PIK,ASTR-ASTR,60.15,49.4
GDL-PIK,BRW-BRW,27.31,22.6
GDL-PIK,MGL-MGL,20.65,18.8
GDL-PIK,WSI-ANCB,20.8,19.2
GDL-PIK,WSI-BTS,20.8,19.2
GDL-PIK,WSI-PIK,1.35,3.7
GDL-PIK,WSI-BSD,28.8,28.7
GDL-PIK,WSI-ANC,14.25,15
GDL-PIK,BKB-BKB,26.6,29.5
GDL-PIK,RFS-HANG,22.72,19.4
GDL-PIK,RFS-WOLT,23.58,21.4
GDL-PIK,MBL-MBL,26.02,22.3
GDL-PIK,ADS-ADS,22.11,19.1
GDL-PIK,LML-LML,26.11,28.8
GDL-PIK,HYP-HYP,25.54,21.2
GDL-PIK,SDJ-CNRE,37.93,35.8
GDL-PIK,SDJ-SDJE,27.67,25.7
GDL-PIK,SDJ-PSBC,20.08,17.9
GDL-PIK,SDJ-SCBD,21.97,18.5
GDL-PIK,SDJ-BNTR,29.14,30.8
GDL-PIK,SDJ-CJTA,36.74,31.3
GDL-PIK,SDJ-PJTN,27.48,25.2
GDL-PIK,SDJ-CBLH,28.92,30.4
GDL-PIK,SDJ-KTBT,40.25,32.8
GDL-PIK,SDJ-ODSS,22.22,18.9
GDL-PIK,SDJ-SOET,28.92,30.4
GDL-PIK,SDJ-SMB,45.08,37.8
GDL-PIK,SDJ-CBS,31.04,27.9
GDL-PIK,SDJ-PIM,26.63,22.8
GDL-PIK,SDJ-CBN,28.92,30.4
GDL-PIK,SDJ-BLV,32.94,28
GDL-PIK,BFL-BFL,43.98,37.3
GDL-PIK,BFL-KBY,24.1,20.9
GDL-PIK,DCGL-BAR,15.87,17.9
GDL-PIK,DCGS-BAR,30.88,29.9
GDL-PIK,DCGL-KITC,15.87,17.9
GDL-PIK,DCGS-KITC,15.87,17.9
GDL-PIK,DCBM-BAR,24.54,20.8
GDL-PIK,DCBM-KITC,24.54,20.8
GDL-PIK,MXW-PGJ,16.96,15.2
GDL-PIK,MXW-KGD,27.1,22.8
GDL-PIK,PPY-MTG,20.6,18.3
GDL-PIK,PPY-CTW,21.05,19
GDL-PIK,PPY-PI,27.1,22.4
GDL-PIK,PPY-GDS,29.95,29.2
GDL-PIK,TRF-TRF,33.19,27.3
GDL-PIK,TRF-CNRE,37.25,33.6
GDL-PIK,JOEL-JOEL,23.31,20.9
GDL-PIK,HMD-HMD,28.92,30.4
GDL-PIK,GO_PPL,25.38,21.5
GDL-PIK,GO_TBT,27.93,23.2
GDL-PIK,MDV-KBY,24.25,21.2
GDL-PIK,MDV-KGD,26.63,25
GDL-PIK,MDV-PURI,12.13,13.5
GDL-PIK,MDV-PDI,28.55,23.1
GDL-PIK,MDV-BNTR,24.58,25.9
GDL-PIK,MDV-PDHB,20.51,18.1
GDL-PIK,MDV-GRVY,26.71,22.3
GDL-PIK,SPHS-SPHS,18.37,15.9
GDL-PIK,DRSR-DRSR,21.54,19.9
GDL-PIK,EXP-EXP,20.89,18.2
GDL-PIK,EXP-AEON,32.61,33.9
GDL-PIK,HHP-HHP,22.48,19.5
GDL-PIK,GDL-BSD,32.95,33
GDL-PIK,GDL-PIK,0,0
GDL-PIK,GDL-MOI,27.5,25.7
GDL-PIK,GDL-KHI,39.46,31.5
GDL-PIK,GDL-RDL,26.07,22.5
GDL-PIK,GDL-PRGN,17.04,17.1
GDL-PIK,GDL-CNRE,35.34,30.8
GDL-PIK,GDL-PURI,11.48,12.4
GDL-PIK,GDL-ANC,16.33,15.5
GDL-PIK,GDL-GLC,16.18,18.6
GDL-PIK,GDL-SCBD,21.96,18.4
GDL-PIK,DDF-DDF,25.89,28.4
GDL-PIK,FDMX-VDLM,32.85,27.8
GDL-PIK,JIN-RST,27.09,22.6
GDL-PIK,JIN-CKC,16.95,15.1
GDL-PIK,PDLM-PDLM,22.38,18.8
GDL-PIK,GOF-GD,13.1,14.7
GDL-PIK,SMI-SMI,22.03,19.1
GDL-PIK,CST-RTIW,44.23,38.2
GDL-PIK,GRMK-PSQ,32.83,26.7
GDL-PIK,GRMK-CBN,53.58,43.6
GDL-PIK,GRMK-JUN,46.05,36.7
GDL-PIK,GRMK-KMY,18.95,17
GDL-PIK,GRMK-TJD,15.72,15.2
GDL-PIK,GRMK-VTR,22.1,22.9
GDL-PIK,GRMK-STBD,22.93,21.1
GDL-PIK,GRMK-FTM,32.02,26.3
GDL-PIK,GRMK-MRY,14.72,15.7
GDL-PIK,GRMK-DWS,45.05,39.2
GDL-PIK,GRMK-CBR,43.76,36.5
GDL-PIK,GRMK-EMP,10.94,10.3
GDL-PIK,GRMK-CMP,25.23,25.3
GDL-PIK,GRMK-LRT,29.85,26.4
GDL-PIK,GRMK-BSD,27.01,26.7
GDL-PIK,GRMK-GRH,21.26,23.1
GDL-PIK,GRMK-CPNG,26.85,25
GDL-PIK,GRMK-PLM,20,17.8
GDL-PIK,GRMK-DTA,27.16,22.1
GDL-PIK,GRMK-SOQ,29.94,24.9
GDL-PIK,GRMK-XML,37.6,30.7
GDL-PIK,GRMK-DMT,7.74,8.8
GDL-PIK,BRIK-STR,24.32,22.2
GDL-PIK,BRIK-ALS,25.98,24.6
GDL-PIK,BRIK-GDB,193.76,143.2
GDL-PIK,BRIK-CKR,65.32,54.2
GDL-PIK,BRIK-NRG,47.33,37.9
GDL-PIK,BRIK-LGK,32.79,30.1
GDL-PIK,BRIK-BLR,53.06,42.4
GDL-PIK,BRIK-STL,64.34,52.1
GDL-PIK,BRIK-KRW,86.48,67.4
GDL-PIK,BRIK-MTL,15.49,17.8
GDL-PIK,YMY-BTB,11.64,13
GDL-PIK,GLLR-GLLR,33.78,35.9
GDL-PIK,CSRR-CSRR,12.09,11.4
GDL-PIK,MTSJ-MTSJ,21.12,18.7
GDL-PIK,CST-GLN,26.84,22.8
GDL-PIK,MBG-MBG,31.62,27.1
GDL-PIK,CST-MBG,41.25,34
GDL-PIK,GDK-KGD,27.73,23.6
GDL-PIK,GDK-SCBD,21.62,18
GDL-PIK,CST-AYM,39.57,33.9
GDL-PIK,WTC-WTC,23.36,21.6
GDL-PIK,FYN-FYN,25.03,21.2
GDL-PIK,CST-FDC,20.99,20.1
GDL-PIK,MDS-MDS,21.98,19.5
GDL-PIK,MDS-SCBD,22.36,19.1
GDL-PIK,HKN-HKN,43.51,37.2
GDL-MOI,GDS,39.45,39.3
GDL-MOI,CRD,30.09,29.2
GDL-MOI,KJT,16.78,16.1
GDL-MOI,BKS,22.09,22.4
GDL-MOI,CBR,29.3,29.5
GDL-MOI,MPG,20.49,19.8
GDL-MOI,RWG,8.49,12
GDL-MOI,KBG,24.39,28.6
GDL-MOI,BSD,47.37,44.2
GDL-MOI,STB,13.49,15.9
GDL-MOI,MBS,11.66,16
GDL-MOI,DMT,29.8,30
GDL-MOI,DMG,29.84,29.8
GDL-MOI,KL_CKG,24.42,26.2
GDL-MOI,KL_KJ,11.01,13.7
GDL-MOI,ASTR-ASTR,45.18,42.3
GDL-MOI,BRW-BRW,18.21,18
GDL-MOI,MGL-MGL,11.51,14.9
GDL-MOI,WSI-ANCB,11.65,15.2
GDL-MOI,WSI-BTS,11.65,15.2
GDL-MOI,WSI-PIK,28.12,29.8
GDL-MOI,WSI-BSD,38.54,38.7
GDL-MOI,WSI-ANC,14.14,17.4
GDL-MOI,BKB-BKB,36.4,37.4
GDL-MOI,RFS-HANG,18.21,20.6
GDL-MOI,RFS-WOLT,20.62,20.8
GDL-MOI,MBL-MBL,22.27,21.8
GDL-MOI,ADS-ADS,15.44,19
GDL-MOI,LML-LML,35.91,36.7
GDL-MOI,HYP-HYP,14.42,16.7
GDL-MOI,SDJ-CNRE,33.27,34.9
GDL-MOI,SDJ-SDJE,22.48,23.8
GDL-MOI,SDJ-PSBC,10.4,14.1
GDL-MOI,SDJ-SCBD,20.8,19
GDL-MOI,SDJ-BNTR,37.56,35.7
GDL-MOI,SDJ-CJTA,21.86,22.4
GDL-MOI,SDJ-PJTN,22.29,23.3
GDL-MOI,SDJ-CBLH,37.34,35.3
GDL-MOI,SDJ-KTBT,16.18,16.9
GDL-MOI,SDJ-ODSS,21.29,19.7
GDL-MOI,SDJ-SOET,37.34,35.3
GDL-MOI,SDJ-SMB,18.8,21.5
GDL-MOI,SDJ-CBS,26.52,27.1
GDL-MOI,SDJ-PIM,26.59,26.1
GDL-MOI,SDJ-CBN,37.34,35.3
GDL-MOI,SDJ-BLV,31.27,31.3
GDL-MOI,BFL-BFL,35.15,32.9
GDL-MOI,BFL-KBY,20.28,19.7
GDL-MOI,DCGL-BAR,27.94,29.5
GDL-MOI,DCGS-BAR,40.62,39.9
GDL-MOI,DCGL-KITC,27.94,29.5
GDL-MOI,DCGS-KITC,27.94,29.5
GDL-MOI,DCBM-BAR,21.72,21.1
GDL-MOI,DCBM-KITC,21.72,21.1
GDL-MOI,MXW-PGJ,10.22,14.4
GDL-MOI,MXW-KGD,2.64,6
GDL-MOI,PPY-MTG,12.63,16.4
GDL-MOI,PPY-CTW,14.88,18.7
GDL-MOI,PPY-PI,27.06,25.7
GDL-MOI,PPY-GDS,39.69,39.2
GDL-MOI,TRF-TRF,28.78,27.8
GDL-MOI,TRF-CNRE,34.4,35.6
GDL-MOI,JOEL-JOEL,20.52,20.8
GDL-MOI,HMD-HMD,37.34,35.3
GDL-MOI,GO_PPL,22.98,22.3
GDL-MOI,GO_TBT,14.89,16.5
GDL-MOI,MDV-KBY,20.43,20
GDL-MOI,MDV-KGD,3,5.8
GDL-MOI,MDV-PURI,22.94,25.8
GDL-MOI,MDV-PDI,28.51,26.4
GDL-MOI,MDV-BNTR,33.26,32.3
GDL-MOI,MDV-PDHB,8.92,13.3
GDL-MOI,MDV-GRVY,24.78,24.7
GDL-MOI,SPHS-SPHS,17.52,20.9
GDL-MOI,DRSR-DRSR,12.31,16.1
GDL-MOI,EXP-EXP,17.13,20.3
GDL-MOI,EXP-AEON,42.36,43.9
GDL-MOI,HHP-HHP,21.56,20.4
GDL-MOI,GDL-BSD,42.69,43
GDL-MOI,GDL-PIK,27.32,28.2
GDL-MOI,GDL-MOI,0,0
GDL-MOI,GDL-KHI,13.17,15.2
GDL-MOI,GDL-RDL,23.55,23.1
GDL-MOI,GDL-PRGN,12.14,16.7
GDL-MOI,GDL-CNRE,32.49,32.8
GDL-MOI,GDL-PURI,23.48,26.2
GDL-MOI,GDL-ANC,14.06,17.8
GDL-MOI,GDL-GLC,27.5,29.9
GDL-MOI,GDL-SCBD,16.97,19.3
GDL-MOI,DDF-DDF,37.81,36.8
GDL-MOI,FDMX-VDLM,30.28,30.3
GDL-MOI,JIN-RST,2.62,5.7
GDL-MOI,JIN-CKC,10.21,14.4
GDL-MOI,PDLM-PDLM,20.21,19.8
GDL-MOI,GOF-GD,32.66,31.9
GDL-MOI,SMI-SMI,15.11,18.9
GDL-MOI,CST-RTIW,36.92,34.8
GDL-MOI,GRMK-PSQ,28.42,27.2
GDL-MOI,GRMK-CBN,38.6,36.5
GDL-MOI,GRMK-JUN,21.3,21.2
GDL-MOI,GRMK-KMY,9.44,12.7
GDL-MOI,GRMK-TJD,17.05,21.5
GDL-MOI,GRMK-VTR,30.78,29.4
GDL-MOI,GRMK-STBD,13.7,16.3
GDL-MOI,GRMK-FTM,27.12,26.6
GDL-MOI,GRMK-MRY,21.12,24.4
GDL-MOI,GRMK-DWS,36.22,34.9
GDL-MOI,GRMK-CBR,27.87,27.1
GDL-MOI,GRMK-EMP,17.87,19.8
GDL-MOI,GRMK-CMP,5.49,9
GDL-MOI,GRMK-LRT,3.9,7.5
GDL-MOI,GRMK-BSD,36.75,36.7
GDL-MOI,GRMK-GRH,32.76,34.9
GDL-MOI,GRMK-CPNG,10.07,11.8
GDL-MOI,GRMK-PLM,18.35,21.8
GDL-MOI,GRMK-DTA,18.34,17.8
GDL-MOI,GRMK-SOQ,29.9,28.1
GDL-MOI,GRMK-XML,15.16,18.2
GDL-MOI,GRMK-DMT,23.97,25.7
GDL-MOI,BRIK-STR,3.06,6
GDL-MOI,BRIK-ALS,35.72,34.6
GDL-MOI,BRIK-GDB,172.37,130.3
GDL-MOI,BRIK-CKR,42.93,40.2
GDL-MOI,BRIK-NRG,24.53,24.5
GDL-MOI,BRIK-LGK,42.53,40.1
GDL-MOI,BRIK-BLR,62.8,52.4
GDL-MOI,BRIK-STL,48.45,42.7
GDL-MOI,BRIK-KRW,65.09,54.5
GDL-MOI,BRIK-MTL,27.23,29.4
GDL-MOI,YMY-BTB,24.25,26.8
GDL-MOI,GLLR-GLLR,43.52,45.9
GDL-MOI,CSRR-CSRR,16.84,18.6
GDL-MOI,MTSJ-MTSJ,14.95,18.4
GDL-MOI,CST-GLN,24.7,25
GDL-MOI,MBG-MBG,22.79,22.8
GDL-MOI,CST-MBG,14.96,17.6
GDL-MOI,GDK-KGD,2.77,6.9
GDL-MOI,GDK-SCBD,16.63,18.9
GDL-MOI,CST-AYM,30.74,29.6
GDL-MOI,WTC-WTC,9.46,11.3
GDL-MOI,FYN-FYN,22.93,22.4
GDL-MOI,CST-FDC,18.38,23.2
GDL-MOI,MDS-MDS,19.37,22.6
GDL-MOI,MDS-SCBD,21.44,19.9
GDL-MOI,HKN-HKN,21.6,22.7
GDL-KHI,GDS,48.32,42.7
GDL-KHI,CRD,38.94,32.8
GDL-KHI,KJT,25.62,19.7
GDL-KHI,BKS,11.1,10.4
GDL-KHI,CBR,22.73,23.9
GDL-KHI,MPG,29.33,23.4
GDL-KHI,RWG,11.14,11.2
GDL-KHI,KBG,33.26,32
GDL-KHI,BSD,56.21,47.9
GDL-KHI,STB,22.33,19.6
GDL-KHI,MBS,21.1,19.8
GDL-KHI,DMT,38.67,33.4
GDL-KHI,DMG,38.71,33.2
GDL-KHI,KL_CKG,33.29,29.6
GDL-KHI,KL_KJ,15.21,13.8
GDL-KHI,ASTR-ASTR,52.46,44.3
GDL-KHI,BRW-BRW,27.05,21.7
GDL-KHI,MGL-MGL,20.37,18.3
GDL-KHI,WSI-ANCB,20.52,18.6
GDL-KHI,WSI-BTS,20.52,18.6
GDL-KHI,WSI-PIK,41.12,34.6
GDL-KHI,WSI-BSD,47.4,42.1
GDL-KHI,WSI-ANC,27.14,22.2
GDL-KHI,BKB-BKB,45.24,41
GDL-KHI,RFS-HANG,27.05,24.3
GDL-KHI,RFS-WOLT,29.46,24.4
GDL-KHI,MBL-MBL,31.11,25.4
GDL-KHI,ADS-ADS,24.28,22.6
GDL-KHI,LML-LML,44.75,40.3
GDL-KHI,HYP-HYP,23.26,20.3
GDL-KHI,SDJ-CNRE,42.12,38.5
GDL-KHI,SDJ-SDJE,31.32,27.4
GDL-KHI,SDJ-PSBC,19.26,17.5
GDL-KHI,SDJ-SCBD,29.64,22.6
GDL-KHI,SDJ-BNTR,46.4,39.4
GDL-KHI,SDJ-CJTA,28.12,25.1
GDL-KHI,SDJ-PJTN,31.14,26.9
GDL-KHI,SDJ-CBLH,46.18,39
GDL-KHI,SDJ-KTBT,10.07,11.5
GDL-KHI,SDJ-ODSS,30.13,23.3
GDL-KHI,SDJ-SOET,46.18,39
GDL-KHI,SDJ-SMB,7.81,9.5
GDL-KHI,SDJ-CBS,35.36,30.7
GDL-KHI,SDJ-PIM,35.43,29.7
GDL-KHI,SDJ-CBN,46.18,39
GDL-KHI,SDJ-BLV,40.12,34.9
GDL-KHI,BFL-BFL,40.39,35
GDL-KHI,BFL-KBY,29.12,23.4
GDL-KHI,DCGL-BAR,36.81,32.9
GDL-KHI,DCGS-BAR,49.49,43.3
GDL-KHI,DCGL-KITC,36.81,32.9
GDL-KHI,DCGS-KITC,36.81,32.9
GDL-KHI,DCBM-BAR,30.56,24.7
GDL-KHI,DCBM-KITC,30.56,24.7
GDL-KHI,MXW-PGJ,19.65,18.2
GDL-KHI,MXW-KGD,13.42,13.4
GDL-KHI,PPY-MTG,21.5,19.9
GDL-KHI,PPY-CTW,23.72,22.3
GDL-KHI,PPY-PI,35.9,29.3
GDL-KHI,PPY-GDS,48.56,42.6
GDL-KHI,TRF-TRF,37.62,31.4
GDL-KHI,TRF-CNRE,43.24,39.3
GDL-KHI,JOEL-JOEL,29.36,24.4
GDL-KHI,HMD-HMD,46.18,39
GDL-KHI,GO_PPL,31.82,25.9
GDL-KHI,GO_TBT,21.18,19.6
GDL-KHI,MDV-KBY,29.27,23.6
GDL-KHI,MDV-KGD,12.7,11
GDL-KHI,MDV-PURI,31.8,29.2
GDL-KHI,MDV-PDI,37.35,30
GDL-KHI,MDV-BNTR,42.1,35.9
GDL-KHI,MDV-PDHB,23.07,18.8
GDL-KHI,MDV-GRVY,33.62,28.3
GDL-KHI,SPHS-SPHS,26.23,24.3
GDL-KHI,DRSR-DRSR,21.18,19.5
GDL-KHI,EXP-EXP,25.97,23.9
GDL-KHI,EXP-AEON,51.22,47.3
GDL-KHI,HHP-HHP,30.4,24
GDL-KHI,GDL-BSD,51.56,46.4
GDL-KHI,GDL-PIK,40.31,33
GDL-KHI,GDL-MOI,13.61,14.8
GDL-KHI,GDL-KHI,0,0
GDL-KHI,GDL-RDL,32.39,26.7
GDL-KHI,GDL-PRGN,21.58,20.5
GDL-KHI,GDL-CNRE,41.33,36.5
GDL-KHI,GDL-PURI,32.35,29.6
GDL-KHI,GDL-ANC,22.76,22.1
GDL-KHI,GDL-GLC,36.36,33.3
GDL-KHI,GDL-SCBD,25.81,23
GDL-KHI,DDF-DDF,46.65,40.4
GDL-KHI,FDMX-VDLM,39.12,33.9
GDL-KHI,JIN-RST,13.41,13.2
GDL-KHI,JIN-CKC,19.65,18.2
GDL-KHI,PDLM-PDLM,29.05,23.4
GDL-KHI,GOF-GD,45.65,36.7
GDL-KHI,SMI-SMI,23.95,22.5
GDL-KHI,CST-RTIW,42.96,38.1
GDL-KHI,GRMK-PSQ,37.26,30.8
GDL-KHI,GRMK-CBN,45.89,38.5
GDL-KHI,GRMK-JUN,10.31,9.2
GDL-KHI,GRMK-KMY,18.31,16.2
GDL-KHI,GRMK-TJD,25.91,24.9
GDL-KHI,GRMK-VTR,39.62,33
GDL-KHI,GRMK-STBD,22.54,19.9
GDL-KHI,GRMK-FTM,35.96,30.2
GDL-KHI,GRMK-MRY,29.98,27.8
GDL-KHI,GRMK-DWS,42.26,38.2
GDL-KHI,GRMK-CBR,32.21,28.9
GDL-KHI,GRMK-EMP,30.87,24.6
GDL-KHI,GRMK-CMP,14.33,12.6
GDL-KHI,GRMK-LRT,12.35,12.8
GDL-KHI,GRMK-BSD,45.62,40.2
GDL-KHI,GRMK-GRH,41.62,38.3
GDL-KHI,GRMK-CPNG,18.91,15.4
GDL-KHI,GRMK-PLM,27.19,25.4
GDL-KHI,GRMK-DTA,27.18,21.4
GDL-KHI,GRMK-SOQ,38.74,31.8
GDL-KHI,GRMK-XML,15.43,13.9
GDL-KHI,GRMK-DMT,32.83,29.1
GDL-KHI,BRIK-STR,14.92,11.7
GDL-KHI,BRIK-ALS,44.59,38
GDL-KHI,BRIK-GDB,160.68,120.6
GDL-KHI,BRIK-CKR,31.94,28.2
GDL-KHI,BRIK-NRG,13.55,12.5
GDL-KHI,BRIK-LGK,51.4,43.5
GDL-KHI,BRIK-BLR,71.67,55.8
GDL-KHI,BRIK-STL,52.79,44.5
GDL-KHI,BRIK-KRW,53.4,44.8
GDL-KHI,BRIK-MTL,36.1,32.8
GDL-KHI,YMY-BTB,33.12,30.2
GDL-KHI,GLLR-GLLR,52.38,49.3
GDL-KHI,CSRR-CSRR,29.83,23.4
GDL-KHI,MTSJ-MTSJ,23.8,22
GDL-KHI,CST-GLN,33.55,28.6
GDL-KHI,MBG-MBG,31.63,26.4
GDL-KHI,CST-MBG,3.98,5.6
GDL-KHI,GDK-KGD,12.92,13.3
GDL-KHI,GDK-SCBD,25.47,22.5
GDL-KHI,CST-AYM,36.78,32.9
GDL-KHI,WTC-WTC,18.3,14.9
GDL-KHI,FYN-FYN,31.77,26
GDL-KHI,CST-FDC,27.22,26.8
GDL-KHI,MDS-MDS,28.21,26.2
GDL-KHI,MDS-SCBD,30.28,23.5
GDL-KHI,HKN-HKN,13.13,12.9
GDL-RDL,GDS,31.78,29.3
GDL-RDL,CRD,7.34,7.2
GDL-RDL,KJT,15.04,14
GDL-RDL,BKS,27.25,24.4
GDL-RDL,CBR,27.19,25.6
GDL-RDL,MPG,7.55,9
GDL-RDL,RWG,20.53,18.7
GDL-RDL,KBG,13.56,15.4
GDL-RDL,BSD,23.03,21.6
GDL-RDL,STB,11.69,12.7
GDL-RDL,MBS,15.13,15.7
GDL-RDL,DMT,24,21.3
GDL-RDL,DMG,24.04,21.2
GDL-RDL,KL_CKG,18.62,17.6
GDL-RDL,KL_KJ,30.41,26.7
GDL-RDL,ASTR-ASTR,40.07,34.7
GDL-RDL,BRW-BRW,8.58,10.5
GDL-RDL,MGL-MGL,13.28,14
GDL-RDL,WSI-ANCB,13.07,14.4
GDL-RDL,WSI-BTS,13.07,14.4
GDL-RDL,WSI-PIK,28.18,26
GDL-RDL,WSI-BSD,20.75,21.9
GDL-RDL,WSI-ANC,21.28,20
GDL-RDL,BKB-BKB,13.17,14.5
GDL-RDL,RFS-HANG,3.68,4.2
GDL-RDL,RFS-WOLT,4.26,6.5
GDL-RDL,MBL-MBL,3.92,4.7
GDL-RDL,ADS-ADS,7.72,8.5
GDL-RDL,LML-LML,12.68,13.8
GDL-RDL,HYP-HYP,8.28,9.3
GDL-RDL,SDJ-CNRE,16.02,17.5
GDL-RDL,SDJ-SDJE,7.6,10
GDL-RDL,SDJ-PSBC,13.62,14.1
GDL-RDL,SDJ-SCBD,5.25,6.8
GDL-RDL,SDJ-BNTR,13.22,13.1
GDL-RDL,SDJ-CJTA,16.76,14.9
GDL-RDL,SDJ-PJTN,7.87,10.2
GDL-RDL,SDJ-CBLH,13,12.7
GDL-RDL,SDJ-KTBT,22.62,21.4
GDL-RDL,SDJ-ODSS,4.48,5.7
GDL-RDL,SDJ-SOET,13,12.7
GDL-RDL,SDJ-SMB,28.5,27.8
GDL-RDL,SDJ-CBS,8.95,8.6
GDL-RDL,SDJ-PIM,2.25,3.5
GDL-RDL,SDJ-CBN,13,12.7
GDL-RDL,SDJ-BLV,8.56,8.7
GDL-RDL,BFL-BFL,24.91,22.8
GDL-RDL,BFL-KBY,3.35,4.4
GDL-RDL,DCGL-BAR,20.26,19.6
GDL-RDL,DCGS-BAR,26.97,27.2
GDL-RDL,DCGL-KITC,20.26,19.6
GDL-RDL,DCGS-KITC,20.26,19.6
GDL-RDL,DCBM-BAR,2.39,3
GDL-RDL,DCBM-KITC,2.39,3
GDL-RDL,MXW-PGJ,16.54,17.5
GDL-RDL,MXW-KGD,24.21,20.9
GDL-RDL,PPY-MTG,10.61,11.9
GDL-RDL,PPY-CTW,7.77,8.9
GDL-RDL,PPY-PI,2.72,3.1
GDL-RDL,PPY-GDS,32.01,29.3
GDL-RDL,TRF-TRF,8.81,8
GDL-RDL,TRF-CNRE,12.87,14.3
GDL-RDL,JOEL-JOEL,5.23,7.1
GDL-RDL,HMD-HMD,13,12.7
GDL-RDL,GO_PPL,1.79,2.5
GDL-RDL,GO_TBT,10.3,11.8
GDL-RDL,MDV-KBY,3.21,4.2
GDL-RDL,MDV-KGD,23.87,22.1
GDL-RDL,MDV-PURI,13.92,14.7
GDL-RDL,MDV-PDI,4.17,3.8
GDL-RDL,MDV-BNTR,8.92,9.7
GDL-RDL,MDV-PDHB,21.07,23.4
GDL-RDL,MDV-GRVY,1.31,1.8
GDL-RDL,SPHS-SPHS,8.45,9
GDL-RDL,DRSR-DRSR,11.72,12.9
GDL-RDL,EXP-EXP,6.5,7.6
GDL-RDL,EXP-AEON,22.63,23.9
GDL-RDL,HHP-HHP,4.74,6.4
GDL-RDL,GDL-BSD,25.93,27
GDL-RDL,GDL-PIK,27.38,24.4
GDL-RDL,GDL-MOI,23.75,23.4
GDL-RDL,GDL-KHI,30.07,26.4
GDL-RDL,GDL-RDL,0,0
GDL-RDL,GDL-PRGN,14.08,14.8
GDL-RDL,GDL-CNRE,10.96,11.5
GDL-RDL,GDL-PURI,14.46,15.1
GDL-RDL,GDL-ANC,19.64,21.3
GDL-RDL,GDL-GLC,19.82,20
GDL-RDL,GDL-SCBD,5.1,6.8
GDL-RDL,DDF-DDF,13.46,14.1
GDL-RDL,FDMX-VDLM,8.47,8.5
GDL-RDL,JIN-RST,24.19,20.7
GDL-RDL,JIN-CKC,16.53,17.4
GDL-RDL,PDLM-PDLM,8.18,8.8
GDL-RDL,GOF-GD,32.72,28.1
GDL-RDL,SMI-SMI,7.64,8.5
GDL-RDL,CST-RTIW,22.32,20
GDL-RDL,GRMK-PSQ,8.45,7.4
GDL-RDL,GRMK-CBN,33.5,28.9
GDL-RDL,GRMK-JUN,28.42,25.3
GDL-RDL,GRMK-KMY,14.72,15.5
GDL-RDL,GRMK-TJD,13.64,12.8
GDL-RDL,GRMK-VTR,6.44,6.8
GDL-RDL,GRMK-STBD,10.73,12.3
GDL-RDL,GRMK-FTM,5.09,6
GDL-RDL,GRMK-MRY,11.67,12.3
GDL-RDL,GRMK-DWS,24.29,22.1
GDL-RDL,GRMK-CBR,25.94,23.5
GDL-RDL,GRMK-EMP,17.63,15.2
GDL-RDL,GRMK-CMP,19.91,18.2
GDL-RDL,GRMK-LRT,25.47,23.2
GDL-RDL,GRMK-BSD,25.9,24.2
GDL-RDL,GRMK-GRH,17.92,17.9
GDL-RDL,GRMK-CPNG,15.37,14.8
GDL-RDL,GRMK-PLM,8.49,8.9
GDL-RDL,GRMK-DTA,9.53,10.6
GDL-RDL,GRMK-SOQ,5.56,5.5
GDL-RDL,GRMK-XML,19.97,19.2
GDL-RDL,GRMK-DMT,18.17,17.1
GDL-RDL,BRIK-STR,22.47,18.9
GDL-RDL,BRIK-ALS,24.32,24.4
GDL-RDL,BRIK-GDB,176.13,131.7
GDL-RDL,BRIK-CKR,47.69,42.8
GDL-RDL,BRIK-NRG,30.4,26.1
GDL-RDL,BRIK-LGK,34.85,30.2
GDL-RDL,BRIK-BLR,55.12,42.5
GDL-RDL,BRIK-STL,46.52,39.1
GDL-RDL,BRIK-KRW,68.85,55.9
GDL-RDL,BRIK-MTL,19.55,19.5
GDL-RDL,YMY-BTB,18.45,18.2
GDL-RDL,GLLR-GLLR,22.2,25
GDL-RDL,CSRR-CSRR,18.78,16.3
GDL-RDL,MTSJ-MTSJ,7.7,9
GDL-RDL,CST-GLN,1.23,2.2
GDL-RDL,MBG-MBG,12.76,12.7
GDL-RDL,CST-MBG,27.66,27.4
GDL-RDL,GDK-KGD,24.84,21.8
GDL-RDL,GDK-SCBD,5.59,7.6
GDL-RDL,CST-AYM,16.51,17.4
GDL-RDL,WTC-WTC,13.38,14.3
GDL-RDL,FYN-FYN,1.04,1.4
GDL-RDL,CST-FDC,5.65,8.7
GDL-RDL,MDS-MDS,5.21,6.8
GDL-RDL,MDS-SCBD,4.36,5.4
GDL-RDL,HKN-HKN,29.42,25.4
GDL-PRGN,GDS,32.31,29.6
GDL-PRGN,CRD,22.86,21.5
GDL-PRGN,KJT,21.69,19.7
GDL-PRGN,BKS,32,29.5
GDL-PRGN,CBR,34.36,33.6
GDL-PRGN,MPG,14.35,15.4
GDL-PRGN,RWG,15.35,16.8
GDL-PRGN,KBG,15.52,16.3
GDL-PRGN,BSD,38.54,36
GDL-PRGN,STB,9.44,11.2
GDL-PRGN,MBS,1.52,2.7
GDL-PRGN,DMT,21.62,18.6
GDL-PRGN,DMG,21.66,18.4
GDL-PRGN,KL_CKG,16.24,14.8
GDL-PRGN,KL_KJ,15.85,16.3
GDL-PRGN,ASTR-ASTR,49.17,43.7
GDL-PRGN,BRW-BRW,16.32,16.8
GDL-PRGN,MGL-MGL,3.41,4.8
GDL-PRGN,WSI-ANCB,3.55,5.2
GDL-PRGN,WSI-BTS,3.55,5.2
GDL-PRGN,WSI-PIK,17.12,19.2
GDL-PRGN,WSI-BSD,31.39,29
GDL-PRGN,WSI-ANC,5,9
GDL-PRGN,BKB-BKB,28.69,28.9
GDL-PRGN,RFS-HANG,12.02,13
GDL-PRGN,RFS-WOLT,12.39,14.6
GDL-PRGN,MBL-MBL,14.84,15.5
GDL-PRGN,ADS-ADS,9.53,11.2
GDL-PRGN,LML-LML,28.2,28.2
GDL-PRGN,HYP-HYP,9.41,10.5
GDL-PRGN,SDJ-CNRE,26.74,29
GDL-PRGN,SDJ-SDJE,16.33,19.4
GDL-PRGN,SDJ-PSBC,4.63,5.8
GDL-PRGN,SDJ-SCBD,10.78,11.7
GDL-PRGN,SDJ-BNTR,28.74,27.5
GDL-PRGN,SDJ-CJTA,25.44,25.5
GDL-PRGN,SDJ-PJTN,16.15,19
GDL-PRGN,SDJ-CBLH,28.52,27.1
GDL-PRGN,SDJ-KTBT,26.04,26.4
GDL-PRGN,SDJ-ODSS,11.03,12.1
GDL-PRGN,SDJ-SOET,28.52,27.1
GDL-PRGN,SDJ-SMB,28.71,28.7
GDL-PRGN,SDJ-CBS,19.85,21.1
GDL-PRGN,SDJ-PIM,17.77,17.9
GDL-PRGN,SDJ-CBN,28.52,27.1
GDL-PRGN,SDJ-BLV,24.08,23.1
GDL-PRGN,BFL-BFL,32.99,31.5
GDL-PRGN,BFL-KBY,12.92,14.2
GDL-PRGN,DCGL-BAR,20.8,19.8
GDL-PRGN,DCGS-BAR,33.48,30.2
GDL-PRGN,DCGL-KITC,20.8,19.8
GDL-PRGN,DCGS-KITC,20.8,19.8
GDL-PRGN,DCBM-BAR,13.35,14
GDL-PRGN,DCBM-KITC,13.35,14
GDL-PRGN,MXW-PGJ,3.2,4.7
GDL-PRGN,MXW-KGD,13.75,15.3
GDL-PRGN,PPY-MTG,5.88,7.1
GDL-PRGN,PPY-CTW,8.97,10.9
GDL-PRGN,PPY-PI,18.24,17.5
GDL-PRGN,PPY-GDS,32.55,29.5
GDL-PRGN,TRF-TRF,22.2,22.1
GDL-PRGN,TRF-CNRE,27.82,30
GDL-PRGN,JOEL-JOEL,12.13,14.1
GDL-PRGN,HMD-HMD,28.52,27.1
GDL-PRGN,GO_PPL,14.19,14.8
GDL-PRGN,GO_TBT,12.46,14.6
GDL-PRGN,MDV-KBY,13.06,14.4
GDL-PRGN,MDV-KGD,14.74,16.8
GDL-PRGN,MDV-PURI,15.79,16.2
GDL-PRGN,MDV-PDI,19.68,18.1
GDL-PRGN,MDV-BNTR,24.44,24.1
GDL-PRGN,MDV-PDHB,10.16,11.2
GDL-PRGN,MDV-GRVY,15.99,17.3
GDL-PRGN,SPHS-SPHS,9.33,11
GDL-PRGN,DRSR-DRSR,6.82,8.9
GDL-PRGN,EXP-EXP,10.93,12.6
GDL-PRGN,EXP-AEON,35.21,34.2
GDL-PRGN,HHP-HHP,11.3,12.7
GDL-PRGN,GDL-BSD,35.54,33.3
GDL-PRGN,GDL-PIK,16.31,17.6
GDL-PRGN,GDL-MOI,13.3,17.7
GDL-PRGN,GDL-KHI,23.08,22.4
GDL-PRGN,GDL-RDL,14.76,15.8
GDL-PRGN,GDL-PRGN,0,0
GDL-PRGN,GDL-CNRE,25.91,27.2
GDL-PRGN,GDL-PURI,16.34,16.5
GDL-PRGN,GDL-ANC,5.97,8.4
GDL-PRGN,GDL-GLC,20.35,20.2
GDL-PRGN,GDL-SCBD,10.78,11.7
GDL-PRGN,DDF-DDF,28.98,28.5
GDL-PRGN,FDMX-VDLM,23.99,22.9
GDL-PRGN,JIN-RST,13.74,15.1
GDL-PRGN,JIN-CKC,3.2,4.7
GDL-PRGN,PDLM-PDLM,11.4,12.6
GDL-PRGN,GOF-GD,21.65,21.3
GDL-PRGN,SMI-SMI,9.2,11
GDL-PRGN,CST-RTIW,33.04,31.5
GDL-PRGN,GRMK-PSQ,21.84,21.5
GDL-PRGN,GRMK-CBN,42.59,37.9
GDL-PRGN,GRMK-JUN,31.22,28.4
GDL-PRGN,GRMK-KMY,5.38,6.8
GDL-PRGN,GRMK-TJD,8.59,9.9
GDL-PRGN,GRMK-VTR,21.96,21.2
GDL-PRGN,GRMK-STBD,9.04,10.5
GDL-PRGN,GRMK-FTM,18.93,20.2
GDL-PRGN,GRMK-MRY,13.97,14.7
GDL-PRGN,GRMK-DWS,34.06,33.5
GDL-PRGN,GRMK-CBR,32.77,30.8
GDL-PRGN,GRMK-EMP,5.84,7.6
GDL-PRGN,GRMK-CMP,13.24,16
GDL-PRGN,GRMK-LRT,15.64,18.5
GDL-PRGN,GRMK-BSD,29.6,27.1
GDL-PRGN,GRMK-GRH,25.61,25.2
GDL-PRGN,GRMK-CPNG,13.28,14.9
GDL-PRGN,GRMK-PLM,11.85,13.1
GDL-PRGN,GRMK-DTA,16.18,16.4
GDL-PRGN,GRMK-SOQ,21.07,19.9
GDL-PRGN,GRMK-XML,22.62,23.4
GDL-PRGN,GRMK-DMT,15.78,14.3
GDL-PRGN,BRIK-STR,12.01,13.2
GDL-PRGN,BRIK-ALS,28.58,24.9
GDL-PRGN,BRIK-GDB,182.78,137.4
GDL-PRGN,BRIK-CKR,52.84,47.3
GDL-PRGN,BRIK-NRG,34.45,31.6
GDL-PRGN,BRIK-LGK,35.39,30.4
GDL-PRGN,BRIK-BLR,55.66,42.7
GDL-PRGN,BRIK-STL,53.36,46.4
GDL-PRGN,BRIK-KRW,75.5,61.6
GDL-PRGN,BRIK-MTL,20.09,19.7
GDL-PRGN,YMY-BTB,16.07,15.4
GDL-PRGN,GLLR-GLLR,36.37,36.2
GDL-PRGN,CSRR-CSRR,5.43,8.4
GDL-PRGN,MTSJ-MTSJ,9.04,10.6
GDL-PRGN,CST-GLN,15.92,17.7
GDL-PRGN,MBG-MBG,20.63,21.4
GDL-PRGN,CST-MBG,24.88,24.8
GDL-PRGN,GDK-KGD,14.38,16.1
GDL-PRGN,GDK-SCBD,10.44,11.2
GDL-PRGN,CST-AYM,28.58,28.2
GDL-PRGN,WTC-WTC,9.78,11.5
GDL-PRGN,FYN-FYN,14.14,15
GDL-PRGN,CST-FDC,12.19,15.5
GDL-PRGN,MDS-MDS,13.18,14.9
GDL-PRGN,MDS-SCBD,11.18,12.3
GDL-PRGN,HKN-HKN,29.68,30.9
GDL-CNRE,GDS,29.54,29.2
GDL-CNRE,CRD,4.94,6.1
GDL-CNRE,KJT,16.88,15.1
GDL-CNRE,BKS,29.6,26.9
GDL-CNRE,CBR,25.96,26.3
GDL-CNRE,MPG,12.43,13.1
GDL-CNRE,RWG,30.52,25.9
GDL-CNRE,KBG,23.14,24.8
GDL-CNRE,BSD,17.49,20.7
GDL-CNRE,STB,20.04,21.6
GDL-CNRE,MBS,27.16,24.3
GDL-CNRE,DMT,30.94,28.8
GDL-CNRE,DMG,30.98,28.6
GDL-CNRE,KL_CKG,25.56,25
GDL-CNRE,KL_KJ,40.4,34
GDL-CNRE,ASTR-ASTR,32.17,27.1
GDL-CNRE,BRW-BRW,14.72,15.7
GDL-CNRE,MGL-MGL,25.31,22.6
GDL-CNRE,WSI-ANCB,25.1,23
GDL-CNRE,WSI-BTS,25.1,23
GDL-CNRE,WSI-PIK,32.39,33.8
GDL-CNRE,WSI-BSD,23.46,21.2
GDL-CNRE,WSI-ANC,31.16,28.3
GDL-CNRE,BKB-BKB,16.19,19.8
GDL-CNRE,RFS-HANG,15.21,13.9
GDL-CNRE,RFS-WOLT,13.49,15.6
GDL-CNRE,MBL-MBL,12.44,13.2
GDL-CNRE,ADS-ADS,16.07,17.4
GDL-CNRE,LML-LML,15.7,19.1
GDL-CNRE,HYP-HYP,17.6,17.9
GDL-CNRE,SDJ-CNRE,3.38,5.3
GDL-CNRE,SDJ-SDJE,10.29,12.5
GDL-CNRE,SDJ-PSBC,25.64,22.7
GDL-CNRE,SDJ-SCBD,14.35,16
GDL-CNRE,SDJ-BNTR,13.84,16.5
GDL-CNRE,SDJ-CJTA,15.54,15.5
GDL-CNRE,SDJ-PJTN,10.56,12.8
GDL-CNRE,SDJ-CBLH,13.63,16.1
GDL-CNRE,SDJ-KTBT,30.79,27
GDL-CNRE,SDJ-ODSS,13.58,14.9
GDL-CNRE,SDJ-SOET,13.63,16.1
GDL-CNRE,SDJ-SMB,35.8,34.9
GDL-CNRE,SDJ-CBS,7.72,9.3
GDL-CNRE,SDJ-PIM,10.72,11.4
GDL-CNRE,SDJ-CBN,13.63,16.1
GDL-CNRE,SDJ-BLV,6.34,8.9
GDL-CNRE,BFL-BFL,16.45,15.5
GDL-CNRE,BFL-KBY,12.59,13.6
GDL-CNRE,DCGL-BAR,25.27,25.5
GDL-CNRE,DCGS-BAR,28.15,26.6
GDL-CNRE,DCGL-KITC,25.27,25.5
GDL-CNRE,DCGS-KITC,25.27,25.5
GDL-CNRE,DCBM-BAR,11.34,12.2
GDL-CNRE,DCBM-KITC,11.34,12.2
GDL-CNRE,MXW-PGJ,28.56,26.1
GDL-CNRE,MXW-KGD,34.2,28.2
GDL-CNRE,PPY-MTG,18.96,20.7
GDL-CNRE,PPY-CTW,16.12,17.8
GDL-CNRE,PPY-PI,10.32,10.4
GDL-CNRE,PPY-GDS,29.4,28.8
GDL-CNRE,TRF-TRF,4.43,6.1
GDL-CNRE,TRF-CNRE,2.38,4.1
GDL-CNRE,JOEL-JOEL,14.16,16
GDL-CNRE,HMD-HMD,13.63,16.1
GDL-CNRE,GO_PPL,9.83,10.5
GDL-CNRE,GO_TBT,18.97,20.2
GDL-CNRE,MDV-KBY,12.44,13.4
GDL-CNRE,MDV-KGD,33.86,29.4
GDL-CNRE,MDV-PURI,21.68,22
GDL-CNRE,MDV-PDI,8.26,8.5
GDL-CNRE,MDV-BNTR,13.37,14.6
GDL-CNRE,MDV-PDHB,33.1,32
GDL-CNRE,MDV-GRVY,10.9,10.8
GDL-CNRE,SPHS-SPHS,19.47,17.8
GDL-CNRE,DRSR-DRSR,20.06,21.7
GDL-CNRE,EXP-EXP,14.84,16.4
GDL-CNRE,EXP-AEON,23.81,23.3
GDL-CNRE,HHP-HHP,13.84,15.5
GDL-CNRE,GDL-BSD,27.11,26.4
GDL-CNRE,GDL-PIK,31.58,32.2
GDL-CNRE,GDL-MOI,33.74,30.7
GDL-CNRE,GDL-KHI,40.06,33.7
GDL-CNRE,GDL-RDL,11.92,11.9
GDL-CNRE,GDL-PRGN,26.1,23.4
GDL-CNRE,GDL-CNRE,0,0
GDL-CNRE,GDL-PURI,22.23,22.4
GDL-CNRE,GDL-ANC,33.86,29.7
GDL-CNRE,GDL-GLC,24.82,25.9
GDL-CNRE,GDL-SCBD,14.2,15.9
GDL-CNRE,DDF-DDF,17.91,19
GDL-CNRE,FDMX-VDLM,2.67,3.5
GDL-CNRE,JIN-RST,34.19,28
GDL-CNRE,JIN-CKC,28.56,26.1
GDL-CNRE,PDLM-PDLM,16.52,17.6
GDL-CNRE,GOF-GD,42.6,36.4
GDL-CNRE,SMI-SMI,15.99,17.3
GDL-CNRE,CST-RTIW,11.52,12.3
GDL-CNRE,GRMK-PSQ,7.15,7.8
GDL-CNRE,GRMK-CBN,25.6,21.3
GDL-CNRE,GRMK-JUN,35.01,31.3
GDL-CNRE,GRMK-KMY,26.74,24.2
GDL-CNRE,GRMK-TJD,23.52,21.1
GDL-CNRE,GRMK-VTR,10.89,11.7
GDL-CNRE,GRMK-STBD,20.06,21
GDL-CNRE,GRMK-FTM,6.43,7.6
GDL-CNRE,GRMK-MRY,22.44,20.7
GDL-CNRE,GRMK-DWS,13.48,14.4
GDL-CNRE,GRMK-CBR,22.27,22.2
GDL-CNRE,GRMK-EMP,27.51,23.5
GDL-CNRE,GRMK-CMP,29.9,25.5
GDL-CNRE,GRMK-LRT,35.47,30.5
GDL-CNRE,GRMK-BSD,24.69,23.4
GDL-CNRE,GRMK-GRH,24.16,24.1
GDL-CNRE,GRMK-CPNG,25.36,22.1
GDL-CNRE,GRMK-PLM,18.37,17.2
GDL-CNRE,GRMK-DTA,14.14,15.1
GDL-CNRE,GRMK-SOQ,8.09,8.9
GDL-CNRE,GRMK-XML,29.96,26.5
GDL-CNRE,GRMK-DMT,25.1,24.5
GDL-CNRE,BRIK-STR,32.46,26.2
GDL-CNRE,BRIK-ALS,28.56,27.2
GDL-CNRE,BRIK-GDB,170.88,129.5
GDL-CNRE,BRIK-CKR,58.92,49.5
GDL-CNRE,BRIK-NRG,29.18,26.8
GDL-CNRE,BRIK-LGK,34.22,32.2
GDL-CNRE,BRIK-BLR,60.12,48.4
GDL-CNRE,BRIK-STL,38.11,31.9
GDL-CNRE,BRIK-KRW,78.89,62.3
GDL-CNRE,BRIK-MTL,24.56,25.4
GDL-CNRE,YMY-BTB,25.39,25.5
GDL-CNRE,GLLR-GLLR,23.38,24.4
GDL-CNRE,CSRR-CSRR,28.66,24.6
GDL-CNRE,MTSJ-MTSJ,16.04,17.8
GDL-CNRE,CST-GLN,11.03,11.3
GDL-CNRE,MBG-MBG,11.54,13.4
GDL-CNRE,CST-MBG,37.98,34.6
GDL-CNRE,GDK-KGD,34.83,29
GDL-CNRE,GDK-SCBD,14.7,16.7
GDL-CNRE,CST-AYM,6.93,9.9
GDL-CNRE,WTC-WTC,21.73,23.1
GDL-CNRE,FYN-FYN,13.25,12.5
GDL-CNRE,CST-FDC,17.18,18.4
GDL-CNRE,MDS-MDS,16.74,16.6
GDL-CNRE,MDS-SCBD,13.46,14.6
GDL-CNRE,HKN-HKN,28.2,26.1
GDL-PURI,GDS,18.67,18.1
GDL-PURI,CRD,17.54,17.7
GDL-PURI,KJT,25.31,19.4
GDL-PURI,BKS,37.53,29.7
GDL-PURI,CBR,37.99,33.2
GDL-PURI,MPG,18.31,15.4
GDL-PURI,RWG,23.5,22
GDL-PURI,KBG,2.52,5.5
GDL-PURI,BSD,26.96,25.4
GDL-PURI,STB,16.16,14.5
GDL-PURI,MBS,14.13,12.9
GDL-PURI,DMT,11.81,10.8
GDL-PURI,DMG,11.85,10.6
GDL-PURI,KL_CKG,5.05,5.7
GDL-PURI,KL_KJ,30.62,26.2
GDL-PURI,ASTR-ASTR,52.79,43.3
GDL-PURI,BRW-BRW,19.95,16.5
GDL-PURI,MGL-MGL,12.27,11.2
GDL-PURI,WSI-ANCB,12.07,11.6
GDL-PURI,WSI-BTS,12.07,11.6
GDL-PURI,WSI-PIK,13.26,16.2
GDL-PURI,WSI-BSD,17.76,17.5
GDL-PURI,WSI-ANC,18.05,16.9
GDL-PURI,BKB-BKB,16.42,19.5
GDL-PURI,RFS-HANG,13.19,13
GDL-PURI,RFS-WOLT,16.21,15.1
GDL-PURI,MBL-MBL,18.66,16
GDL-PURI,ADS-ADS,14.74,12.8
GDL-PURI,LML-LML,15.93,18.8
GDL-PURI,HYP-HYP,16.45,14.7
GDL-PURI,SDJ-CNRE,26.3,28
GDL-PURI,SDJ-SDJE,20.3,19.4
GDL-PURI,SDJ-PSBC,12.61,11.3
GDL-PURI,SDJ-SCBD,14.6,12.2
GDL-PURI,SDJ-BNTR,18.23,21.4
GDL-PURI,SDJ-CJTA,29.39,25.2
GDL-PURI,SDJ-PJTN,20.12,18.9
GDL-PURI,SDJ-CBLH,18.01,21
GDL-PURI,SDJ-KTBT,32.89,26.7
GDL-PURI,SDJ-ODSS,14.85,12.6
GDL-PURI,SDJ-SOET,18.01,21
GDL-PURI,SDJ-SMB,38.78,33.1
GDL-PURI,SDJ-CBS,19.23,19.1
GDL-PURI,SDJ-PIM,15.13,15
GDL-PURI,SDJ-CBN,18.01,21
GDL-PURI,SDJ-BLV,18.75,19.2
GDL-PURI,BFL-BFL,36.62,31.2
GDL-PURI,BFL-KBY,16.74,14.6
GDL-PURI,DCGL-BAR,7.16,8.4
GDL-PURI,DCGS-BAR,19.84,18.8
GDL-PURI,DCGL-KITC,7.16,8.4
GDL-PURI,DCGS-KITC,7.16,8.4
GDL-PURI,DCBM-BAR,17.17,14.5
GDL-PURI,DCBM-KITC,17.17,14.5
GDL-PURI,MXW-PGJ,15.53,14.7
GDL-PURI,MXW-KGD,23.31,21.3
GDL-PURI,PPY-MTG,13.24,11.8
GDL-PURI,PPY-CTW,13.69,12.5
GDL-PURI,PPY-PI,15.6,14.6
GDL-PURI,PPY-GDS,18.91,18.1
GDL-PURI,TRF-TRF,19.09,18.5
GDL-PURI,TRF-CNRE,23.07,24.8
GDL-PURI,JOEL-JOEL,15.95,14.6
GDL-PURI,HMD-HMD,18.01,21
GDL-PURI,GO_PPL,18.01,15.2
GDL-PURI,GO_TBT,20.58,17.1
GDL-PURI,MDV-KBY,16.88,14.8
GDL-PURI,MDV-KGD,23,22.3
GDL-PURI,MDV-PURI,0.57,1.7
GDL-PURI,MDV-PDI,17.04,15.3
GDL-PURI,MDV-BNTR,15.47,16.9
GDL-PURI,MDV-PDHB,20.07,20.6
GDL-PURI,MDV-GRVY,15.2,14.5
GDL-PURI,SPHS-SPHS,11.02,9.5
GDL-PURI,DRSR-DRSR,14.18,13.4
GDL-PURI,EXP-EXP,13.52,11.9
GDL-PURI,EXP-AEON,21.57,22.7
GDL-PURI,HHP-HHP,15.12,13.2
GDL-PURI,GDL-BSD,21.91,21.8
GDL-PURI,GDL-PIK,12.46,14.6
GDL-PURI,GDL-MOI,22.86,23.7
GDL-PURI,GDL-KHI,31.35,27
GDL-PURI,GDL-RDL,14.56,14.7
GDL-PURI,GDL-PRGN,13.07,12
GDL-PURI,GDL-CNRE,21.15,22
GDL-PURI,GDL-PURI,0,0
GDL-PURI,GDL-ANC,20.74,18.5
GDL-PURI,GDL-GLC,6.71,8.7
GDL-PURI,GDL-SCBD,14.6,12.1
GDL-PURI,DDF-DDF,15.71,18.4
GDL-PURI,FDMX-VDLM,18.66,19
GDL-PURI,JIN-RST,23.3,21
GDL-PURI,JIN-CKC,15.52,14.6
GDL-PURI,PDLM-PDLM,15.02,12.5
GDL-PURI,GOF-GD,15.72,18.1
GDL-PURI,SMI-SMI,14.67,12.8
GDL-PURI,CST-RTIW,32.6,30.5
GDL-PURI,GRMK-PSQ,18.72,17.9
GDL-PURI,GRMK-CBN,46.22,37.5
GDL-PURI,GRMK-JUN,38.7,30.6
GDL-PURI,GRMK-KMY,13.71,12.7
GDL-PURI,GRMK-TJD,8.32,9.3
GDL-PURI,GRMK-VTR,12.98,14
GDL-PURI,GRMK-STBD,15.57,14.6
GDL-PURI,GRMK-FTM,17.92,17.4
GDL-PURI,GRMK-MRY,3.59,5
GDL-PURI,GRMK-DWS,34.57,32.5
GDL-PURI,GRMK-CBR,36.4,30.4
GDL-PURI,GRMK-EMP,14.4,12.1
GDL-PURI,GRMK-CMP,21.5,20.6
GDL-PURI,GRMK-LRT,24.61,23.4
GDL-PURI,GRMK-BSD,15.97,15.6
GDL-PURI,GRMK-GRH,11.08,13.1
GDL-PURI,GRMK-CPNG,20.93,20
GDL-PURI,GRMK-PLM,12.64,11.4
GDL-PURI,GRMK-DTA,19.8,16
GDL-PURI,GRMK-SOQ,15.83,16
GDL-PURI,GRMK-XML,30.24,24.5
GDL-PURI,GRMK-DMT,5.97,6.5
GDL-PURI,BRIK-STR,21.58,19.2
GDL-PURI,BRIK-ALS,14.94,13.5
GDL-PURI,BRIK-GDB,186.4,137.1
GDL-PURI,BRIK-CKR,57.96,48.1
GDL-PURI,BRIK-NRG,39.97,31.8
GDL-PURI,BRIK-LGK,21.75,18.9
GDL-PURI,BRIK-BLR,42.02,31.2
GDL-PURI,BRIK-STL,56.99,46
GDL-PURI,BRIK-KRW,79.12,61.2
GDL-PURI,BRIK-MTL,6.45,8.2
GDL-PURI,YMY-BTB,4.15,5.6
GDL-PURI,GLLR-GLLR,22.73,24.7
GDL-PURI,CSRR-CSRR,15.55,13.2
GDL-PURI,MTSJ-MTSJ,13.77,12.2
GDL-PURI,CST-GLN,15.34,15
GDL-PURI,MBG-MBG,24.26,21
GDL-PURI,CST-MBG,33.14,29.4
GDL-PURI,GDK-KGD,23.94,22.1
GDL-PURI,GDK-SCBD,14.26,11.7
GDL-PURI,CST-AYM,32.21,27.8
GDL-PURI,WTC-WTC,17.87,16.6
GDL-PURI,FYN-FYN,13.52,13.4
GDL-PURI,CST-FDC,13.62,13.8
GDL-PURI,MDS-MDS,14.61,13.1
GDL-PURI,MDS-SCBD,15,12.8
GDL-PURI,HKN-HKN,36.15,31.1
GDL-ANC,GDS,37.82,32.6
GDL-ANC,CRD,29.11,24.7
GDL-ANC,KJT,22.48,22.2
GDL-ANC,BKS,33.16,29.9
GDL-ANC,CBR,35.15,36
GDL-ANC,MPG,23.05,20.1
GDL-ANC,RWG,17.25,18.7
GDL-ANC,KBG,19.54,18.7
GDL-ANC,BSD,44.79,39.1
GDL-ANC,STB,14.57,16.6
GDL-ANC,MBS,7.27,9.1
GDL-ANC,DMT,25.64,21
GDL-ANC,DMG,25.68,20.8
GDL-ANC,KL_CKG,18.1,16.9
GDL-ANC,KL_KJ,13.27,14.9
GDL-ANC,ASTR-ASTR,57.52,47.8
GDL-ANC,BRW-BRW,24.68,21
GDL-ANC,MGL-MGL,8.98,10.6
GDL-ANC,WSI-ANCB,9.13,10.9
GDL-ANC,WSI-BTS,9.13,10.9
GDL-ANC,WSI-PIK,18.43,19.7
GDL-ANC,WSI-BSD,36.91,31.9
GDL-ANC,WSI-ANC,2.43,4.7
GDL-ANC,BKB-BKB,34.94,32
GDL-ANC,RFS-HANG,20.09,17.7
GDL-ANC,RFS-WOLT,20.95,19.8
GDL-ANC,MBL-MBL,23.4,20.7
GDL-ANC,ADS-ADS,14.94,17.1
GDL-ANC,LML-LML,34.45,31.3
GDL-ANC,HYP-HYP,14.53,15.9
GDL-ANC,SDJ-CNRE,35.3,34.2
GDL-ANC,SDJ-SDJE,25.04,24
GDL-ANC,SDJ-PSBC,8.41,9.7
GDL-ANC,SDJ-SCBD,19.34,16.8
GDL-ANC,SDJ-BNTR,34.98,30.6
GDL-ANC,SDJ-CJTA,27.56,28.5
GDL-ANC,SDJ-PJTN,24.86,23.6
GDL-ANC,SDJ-CBLH,34.77,30.2
GDL-ANC,SDJ-KTBT,29.32,26.4
GDL-ANC,SDJ-ODSS,19.59,17.2
GDL-ANC,SDJ-SOET,34.77,30.2
GDL-ANC,SDJ-SMB,29.87,29.1
GDL-ANC,SDJ-CBS,30.71,26.1
GDL-ANC,SDJ-PIM,24.02,21
GDL-ANC,SDJ-CBN,34.77,30.2
GDL-ANC,SDJ-BLV,30.33,26.2
GDL-ANC,BFL-BFL,41.35,35.7
GDL-ANC,BFL-KBY,21.48,19.3
GDL-ANC,DCGL-BAR,24.32,22.7
GDL-ANC,DCGS-BAR,38.99,33.2
GDL-ANC,DCGL-KITC,24.32,22.7
GDL-ANC,DCGS-KITC,24.32,22.7
GDL-ANC,DCBM-BAR,21.91,19.1
GDL-ANC,DCBM-KITC,21.91,19.1
GDL-ANC,MXW-PGJ,5.29,6.9
GDL-ANC,MXW-KGD,14.17,14.6
GDL-ANC,PPY-MTG,11.83,13.5
GDL-ANC,PPY-CTW,14.38,16.9
GDL-ANC,PPY-PI,24.48,20.6
GDL-ANC,PPY-GDS,38.06,32.5
GDL-ANC,TRF-TRF,30.57,25.5
GDL-ANC,TRF-CNRE,34.64,31.8
GDL-ANC,JOEL-JOEL,20.69,19.3
GDL-ANC,HMD-HMD,34.77,30.2
GDL-ANC,GO_PPL,22.75,19.9
GDL-ANC,GO_TBT,16.05,18.9
GDL-ANC,MDV-KBY,21.62,19.5
GDL-ANC,MDV-KGD,13.45,16
GDL-ANC,MDV-PURI,21.3,19.1
GDL-ANC,MDV-PDI,25.93,21.3
GDL-ANC,MDV-BNTR,30.69,27.2
GDL-ANC,MDV-PDHB,7.58,9.9
GDL-ANC,MDV-GRVY,24.09,20.5
GDL-ANC,SPHS-SPHS,15.75,14.1
GDL-ANC,DRSR-DRSR,11.65,13.5
GDL-ANC,EXP-EXP,18.26,16.5
GDL-ANC,EXP-AEON,40.73,37.2
GDL-ANC,HHP-HHP,19.86,17.9
GDL-ANC,GDL-BSD,41.06,36.3
GDL-ANC,GDL-PIK,17.62,18.1
GDL-ANC,GDL-MOI,12.01,16.9
GDL-ANC,GDL-KHI,24.25,22.8
GDL-ANC,GDL-RDL,23.45,20.7
GDL-ANC,GDL-PRGN,7.75,9.8
GDL-ANC,GDL-CNRE,32.72,29
GDL-ANC,GDL-PURI,22.05,19.2
GDL-ANC,GDL-ANC,0,0
GDL-ANC,GDL-GLC,25.87,23.2
GDL-ANC,GDL-SCBD,19.34,16.8
GDL-ANC,DDF-DDF,35.23,31.7
GDL-ANC,FDMX-VDLM,30.24,26
GDL-ANC,JIN-RST,14.16,14.4
GDL-ANC,JIN-CKC,5.28,6.9
GDL-ANC,PDLM-PDLM,19.76,17.1
GDL-ANC,GOF-GD,22.96,21.8
GDL-ANC,SMI-SMI,14.61,17
GDL-ANC,CST-RTIW,41.6,36.6
GDL-ANC,GRMK-PSQ,30.21,24.9
GDL-ANC,GRMK-CBN,50.95,42
GDL-ANC,GRMK-JUN,32.38,28.8
GDL-ANC,GRMK-KMY,7.28,8.7
GDL-ANC,GRMK-TJD,12.61,12.4
GDL-ANC,GRMK-VTR,28.2,24.3
GDL-ANC,GRMK-STBD,14.16,15.9
GDL-ANC,GRMK-FTM,29.41,24.5
GDL-ANC,GRMK-MRY,19.49,17.7
GDL-ANC,GRMK-DWS,42.42,37.7
GDL-ANC,GRMK-CBR,33.56,33.2
GDL-ANC,GRMK-EMP,6.65,8.8
GDL-ANC,GRMK-CMP,14.4,16.4
GDL-ANC,GRMK-LRT,14.36,17.7
GDL-ANC,GRMK-BSD,35.12,30
GDL-ANC,GRMK-GRH,31.13,28.1
GDL-ANC,GRMK-CPNG,15.18,16.8
GDL-ANC,GRMK-PLM,17.38,16
GDL-ANC,GRMK-DTA,24.53,20.5
GDL-ANC,GRMK-SOQ,27.32,23
GDL-ANC,GRMK-XML,26.06,25.1
GDL-ANC,GRMK-DMT,17.64,16.4
GDL-ANC,BRIK-STR,12.11,13.4
GDL-ANC,BRIK-ALS,34.09,27.9
GDL-ANC,BRIK-GDB,185.51,139.8
GDL-ANC,BRIK-CKR,54,47.7
GDL-ANC,BRIK-NRG,35.61,32
GDL-ANC,BRIK-LGK,40.9,33.4
GDL-ANC,BRIK-BLR,61.17,45.7
GDL-ANC,BRIK-STL,54.15,48.8
GDL-ANC,BRIK-KRW,78.23,64
GDL-ANC,BRIK-MTL,23.94,22.6
GDL-ANC,YMY-BTB,20.09,17.8
GDL-ANC,GLLR-GLLR,41.89,39.1
GDL-ANC,CSRR-CSRR,6.21,7.6
GDL-ANC,MTSJ-MTSJ,14.45,16.6
GDL-ANC,CST-GLN,24.22,21
GDL-ANC,MBG-MBG,28.99,25.5
GDL-ANC,CST-MBG,26.04,25.2
GDL-ANC,GDK-KGD,14.8,15.4
GDL-ANC,GDK-SCBD,19,16.4
GDL-ANC,CST-AYM,36.94,32.3
GDL-ANC,WTC-WTC,11.69,13.4
GDL-ANC,FYN-FYN,22.41,19.4
GDL-ANC,CST-FDC,18.36,18.4
GDL-ANC,MDS-MDS,19.35,17.8
GDL-ANC,MDS-SCBD,19.73,17.4
GDL-ANC,HKN-HKN,34.74,32.2
GDL-GLC,GDS,16.47,17.5
GDL-GLC,CRD,20.95,21.5
GDL-GLC,KJT,30.25,23.4
GDL-GLC,BKS,42.46,33.8
GDL-GLC,CBR,42.93,37.3
GDL-GLC,MPG,23.25,19.5
GDL-GLC,RWG,28.44,26.1
GDL-GLC,KBG,8.47,11.2
GDL-GLC,BSD,24.75,24.7
GDL-GLC,STB,21.1,18.6
GDL-GLC,MBS,19.06,17
GDL-GLC,DMT,9.99,11.4
GDL-GLC,DMG,10.03,11.2
GDL-GLC,KL_CKG,6.97,8.5
GDL-GLC,KL_KJ,35.55,30.3
GDL-GLC,ASTR-ASTR,56.14,43.9
GDL-GLC,BRW-BRW,24.89,20.5
GDL-GLC,MGL-MGL,17.21,15.3
GDL-GLC,WSI-ANCB,17,15.7
GDL-GLC,WSI-BTS,17,15.7
GDL-GLC,WSI-PIK,16.56,20.3
GDL-GLC,WSI-BSD,15.55,16.9
GDL-GLC,WSI-ANC,22.98,21
GDL-GLC,BKB-BKB,15.67,18.7
GDL-GLC,RFS-HANG,18.13,17.1
GDL-GLC,RFS-WOLT,21.15,19.2
GDL-GLC,MBL-MBL,23.59,20.1
GDL-GLC,ADS-ADS,19.68,16.9
GDL-GLC,LML-LML,15.18,18
GDL-GLC,HYP-HYP,21.39,18.8
GDL-GLC,SDJ-CNRE,32.46,28.9
GDL-GLC,SDJ-SDJE,25.23,23.5
GDL-GLC,SDJ-PSBC,17.54,15.4
GDL-GLC,SDJ-SCBD,19.54,16.3
GDL-GLC,SDJ-BNTR,17.47,20.6
GDL-GLC,SDJ-CJTA,30.45,29.2
GDL-GLC,SDJ-PJTN,25.05,23
GDL-GLC,SDJ-CBLH,17.26,20.2
GDL-GLC,SDJ-KTBT,37.82,30.8
GDL-GLC,SDJ-ODSS,19.79,16.6
GDL-GLC,SDJ-SOET,17.26,20.2
GDL-GLC,SDJ-SMB,43.71,37.2
GDL-GLC,SDJ-CBS,22.64,22.9
GDL-GLC,SDJ-PIM,20.06,19.1
GDL-GLC,SDJ-CBN,17.26,20.2
GDL-GLC,SDJ-BLV,22.17,23
GDL-GLC,BFL-BFL,40.42,32.2
GDL-GLC,BFL-KBY,21.67,18.7
GDL-GLC,DCGL-BAR,0.15,0.6
GDL-GLC,DCGS-BAR,17.64,18.1
GDL-GLC,DCGL-KITC,0.15,0.6
GDL-GLC,DCGS-KITC,0.15,0.6
GDL-GLC,DCBM-BAR,22.11,18.5
GDL-GLC,DCBM-KITC,22.11,18.5
GDL-GLC,MXW-PGJ,20.47,18.7
GDL-GLC,MXW-KGD,28.25,25.3
GDL-GLC,PPY-MTG,18.17,15.9
GDL-GLC,PPY-CTW,18.63,16.6
GDL-GLC,PPY-PI,20.53,18.7
GDL-GLC,PPY-GDS,16.71,17.4
GDL-GLC,TRF-TRF,22.5,22.3
GDL-GLC,TRF-CNRE,31.92,27.9
GDL-GLC,JOEL-JOEL,20.88,18.7
GDL-GLC,HMD-HMD,17.26,20.2
GDL-GLC,GO_PPL,22.94,19.3
GDL-GLC,GO_TBT,25.51,21.2
GDL-GLC,MDV-KBY,21.82,18.9
GDL-GLC,MDV-KGD,27.94,26.4
GDL-GLC,MDV-PURI,7.09,8.7
GDL-GLC,MDV-PDI,21.98,19.4
GDL-GLC,MDV-BNTR,16.01,19.1
GDL-GLC,MDV-PDHB,25,24.6
GDL-GLC,MDV-GRVY,20.14,18.6
GDL-GLC,SPHS-SPHS,15.95,13.5
GDL-GLC,DRSR-DRSR,19.11,17.5
GDL-GLC,EXP-EXP,18.46,16
GDL-GLC,EXP-AEON,19.37,22.1
GDL-GLC,HHP-HHP,20.05,17.3
GDL-GLC,GDL-BSD,19.71,21.2
GDL-GLC,GDL-PIK,15.76,18.7
GDL-GLC,GDL-MOI,27.79,27.8
GDL-GLC,GDL-KHI,36.28,31.1
GDL-GLC,GDL-RDL,19.49,18.8
GDL-GLC,GDL-PRGN,18,16.1
GDL-GLC,GDL-CNRE,24.57,25.9
GDL-GLC,GDL-PURI,6.44,7.6
GDL-GLC,GDL-ANC,25.68,22.6
GDL-GLC,GDL-GLC,0,0
GDL-GLC,GDL-SCBD,19.53,16.2
GDL-GLC,DDF-DDF,14.96,17.5
GDL-GLC,FDMX-VDLM,22.08,22.9
GDL-GLC,JIN-RST,28.24,25.1
GDL-GLC,JIN-CKC,20.46,18.7
GDL-GLC,PDLM-PDLM,19.95,16.6
GDL-GLC,GOF-GD,15.33,19.8
GDL-GLC,SMI-SMI,19.6,16.9
GDL-GLC,CST-RTIW,36.46,30.2
GDL-GLC,GRMK-PSQ,22.13,21.7
GDL-GLC,GRMK-CBN,49.57,38.1
GDL-GLC,GRMK-JUN,43.63,34.7
GDL-GLC,GRMK-KMY,18.64,16.8
GDL-GLC,GRMK-TJD,13.26,13.4
GDL-GLC,GRMK-VTR,16.4,17.9
GDL-GLC,GRMK-STBD,20.51,18.7
GDL-GLC,GRMK-FTM,21.33,21.3
GDL-GLC,GRMK-MRY,9.68,10.9
GDL-GLC,GRMK-DWS,38.42,32.3
GDL-GLC,GRMK-CBR,41.34,34.5
GDL-GLC,GRMK-EMP,19.33,16.2
GDL-GLC,GRMK-CMP,26.43,24.7
GDL-GLC,GRMK-LRT,29.54,27.5
GDL-GLC,GRMK-BSD,13.76,14.9
GDL-GLC,GRMK-GRH,7.08,8.7
GDL-GLC,GRMK-CPNG,25.87,24.1
GDL-GLC,GRMK-PLM,17.58,15.5
GDL-GLC,GRMK-DTA,24.74,20.1
GDL-GLC,GRMK-SOQ,19.24,19.9
GDL-GLC,GRMK-XML,35.18,28.6
GDL-GLC,GRMK-DMT,7.88,9.3
GDL-GLC,BRIK-STR,26.51,23.3
GDL-GLC,BRIK-ALS,12.74,12.8
GDL-GLC,BRIK-GDB,191.34,141.1
GDL-GLC,BRIK-CKR,62.9,52.2
GDL-GLC,BRIK-NRG,44.91,35.9
GDL-GLC,BRIK-LGK,19.55,18.3
GDL-GLC,BRIK-BLR,39.82,30.6
GDL-GLC,BRIK-STL,62.08,48.6
GDL-GLC,BRIK-KRW,84.06,65.3
GDL-GLC,BRIK-MTL,2.41,4.3
GDL-GLC,YMY-BTB,4.86,6.7
GDL-GLC,GLLR-GLLR,20.53,24.1
GDL-GLC,CSRR-CSRR,20.48,17.3
GDL-GLC,MTSJ-MTSJ,18.7,16.3
GDL-GLC,CST-GLN,20.27,19.1
GDL-GLC,MBG-MBG,29.19,25.1
GDL-GLC,CST-MBG,38.08,33.5
GDL-GLC,GDK-KGD,28.88,26.2
GDL-GLC,GDK-SCBD,19.19,15.8
GDL-GLC,CST-AYM,30.2,31.7
GDL-GLC,WTC-WTC,22.8,20.7
GDL-GLC,FYN-FYN,18.46,17.5
GDL-GLC,CST-FDC,18.55,17.8
GDL-GLC,MDS-MDS,19.54,17.2
GDL-GLC,MDS-SCBD,19.93,16.9
GDL-GLC,HKN-HKN,41.09,35.1
GDL-SCBD,GDS,31.54,27
GDL-SCBD,CRD,12.48,11.6
GDL-SCBD,KJT,13.74,12.3
GDL-SCBD,BKS,25.96,22.6
GDL-SCBD,CBR,26.42,26.2
GDL-SCBD,MPG,6.26,7.3
GDL-SCBD,RWG,15.31,16.5
GDL-SCBD,KBG,16.47,16.3
GDL-SCBD,BSD,28.16,26
GDL-SCBD,STB,7.99,9.5
GDL-SCBD,MBS,12.86,12.5
GDL-SCBD,DMT,22.94,18.2
GDL-SCBD,DMG,22.98,18
GDL-SCBD,KL_CKG,17.56,14.5
GDL-SCBD,KL_KJ,25.17,24.5
GDL-SCBD,ASTR-ASTR,42.46,36.2
GDL-SCBD,BRW-BRW,7.28,8.8
GDL-SCBD,MGL-MGL,11.01,10.7
GDL-SCBD,WSI-ANCB,10.8,11.2
GDL-SCBD,WSI-BTS,10.8,11.2
GDL-SCBD,WSI-PIK,23.76,22.2
GDL-SCBD,WSI-BSD,30.62,26.4
GDL-SCBD,WSI-ANC,16.86,16.4
GDL-SCBD,BKB-BKB,17.2,19.2
GDL-SCBD,RFS-HANG,1.66,2.2
GDL-SCBD,RFS-WOLT,2.94,4.6
GDL-SCBD,MBL-MBL,4.48,4.8
GDL-SCBD,ADS-ADS,4.02,5.3
GDL-SCBD,LML-LML,16.71,18.5
GDL-SCBD,HYP-HYP,6.98,7.5
GDL-SCBD,SDJ-CNRE,16.38,18.3
GDL-SCBD,SDJ-SDJE,8.16,10.1
GDL-SCBD,SDJ-PSBC,11.34,10.9
GDL-SCBD,SDJ-SCBD,0.89,1.7
GDL-SCBD,SDJ-BNTR,18.35,17.5
GDL-SCBD,SDJ-CJTA,17.3,16.7
GDL-SCBD,SDJ-PJTN,8.43,10.3
GDL-SCBD,SDJ-CBLH,18.14,17.1
GDL-SCBD,SDJ-KTBT,21.32,19.7
GDL-SCBD,SDJ-ODSS,1.58,2.1
GDL-SCBD,SDJ-SOET,18.14,17.1
GDL-SCBD,SDJ-SMB,27.21,26.1
GDL-SCBD,SDJ-CBS,9.49,10.4
GDL-SCBD,SDJ-PIM,7.39,7.9
GDL-SCBD,SDJ-CBN,18.14,17.1
GDL-SCBD,SDJ-BLV,13.7,13.1
GDL-SCBD,BFL-BFL,25.05,24.1
GDL-SCBD,BFL-KBY,3.47,4.2
GDL-SCBD,DCGL-BAR,20.03,17.2
GDL-SCBD,DCGS-BAR,32.71,27.6
GDL-SCBD,DCGL-KITC,20.03,17.2
GDL-SCBD,DCGS-KITC,20.03,17.2
GDL-SCBD,DCBM-BAR,2.99,3.3
GDL-SCBD,DCBM-KITC,2.99,3.3
GDL-SCBD,MXW-PGJ,14.26,14.2
GDL-SCBD,MXW-KGD,18.97,18.8
GDL-SCBD,PPY-MTG,6.91,8.6
GDL-SCBD,PPY-CTW,4.07,5.7
GDL-SCBD,PPY-PI,7.86,7.5
GDL-SCBD,PPY-GDS,31.77,26.9
GDL-SCBD,TRF-TRF,11.84,11.3
GDL-SCBD,TRF-CNRE,17.46,19.2
GDL-SCBD,JOEL-JOEL,2.68,4.1
GDL-SCBD,HMD-HMD,18.14,17.1
GDL-SCBD,GO_PPL,3.83,4
GDL-SCBD,GO_TBT,9.01,10
GDL-SCBD,MDV-KBY,3.61,4.4
GDL-SCBD,MDV-KGD,17.86,19.9
GDL-SCBD,MDV-PURI,15.02,13.6
GDL-SCBD,MDV-PDI,9.3,8.2
GDL-SCBD,MDV-BNTR,14.06,14.1
GDL-SCBD,MDV-PDHB,18.8,20.1
GDL-SCBD,MDV-GRVY,5.63,6.6
GDL-SCBD,SPHS-SPHS,4.82,5.4
GDL-SCBD,DRSR-DRSR,8.01,9.7
GDL-SCBD,EXP-EXP,2.79,4.4
GDL-SCBD,EXP-AEON,27.31,28.3
GDL-SCBD,HHP-HHP,1.85,2.7
GDL-SCBD,GDL-BSD,34.77,30.7
GDL-SCBD,GDL-PIK,22.95,20.6
GDL-SCBD,GDL-MOI,18.51,21.2
GDL-SCBD,GDL-KHI,24.85,24.2
GDL-SCBD,GDL-RDL,4.4,5
GDL-SCBD,GDL-PRGN,11.8,11.5
GDL-SCBD,GDL-CNRE,15.55,16.4
GDL-SCBD,GDL-PURI,15.57,13.9
GDL-SCBD,GDL-ANC,19.56,17.6
GDL-SCBD,GDL-GLC,19.58,17.6
GDL-SCBD,GDL-SCBD,0,0
GDL-SCBD,DDF-DDF,18.6,18.6
GDL-SCBD,FDMX-VDLM,13.34,13.9
GDL-SCBD,JIN-RST,18.96,18.6
GDL-SCBD,JIN-CKC,14.26,14.2
GDL-SCBD,PDLM-PDLM,4.48,5.6
GDL-SCBD,GOF-GD,28.29,24.3
GDL-SCBD,SMI-SMI,3.94,5.3
GDL-SCBD,CST-RTIW,22.68,20.7
GDL-SCBD,GRMK-PSQ,11.48,10.8
GDL-SCBD,GRMK-CBN,35.89,30.4
GDL-SCBD,GRMK-JUN,27.13,23.5
GDL-SCBD,GRMK-KMY,12.44,12.3
GDL-SCBD,GRMK-TJD,9.22,9.2
GDL-SCBD,GRMK-VTR,11.58,11.2
GDL-SCBD,GRMK-STBD,8.1,9.5
GDL-SCBD,GRMK-FTM,8.57,9.4
GDL-SCBD,GRMK-MRY,13.2,12.2
GDL-SCBD,GRMK-DWS,24.65,22.8
GDL-SCBD,GRMK-CBR,24.83,23.3
GDL-SCBD,GRMK-EMP,13.21,11.6
GDL-SCBD,GRMK-CMP,14.67,16.1
GDL-SCBD,GRMK-LRT,19.46,21
GDL-SCBD,GRMK-BSD,28.83,24.5
GDL-SCBD,GRMK-GRH,19.6,19.3
GDL-SCBD,GRMK-CPNG,14.07,13.1
GDL-SCBD,GRMK-PLM,5.64,6.3
GDL-SCBD,GRMK-DTA,8.24,8.9
GDL-SCBD,GRMK-SOQ,10.69,9.9
GDL-SCBD,GRMK-XML,18.68,17.5
GDL-SCBD,GRMK-DMT,17.1,13.9
GDL-SCBD,BRIK-STR,17.23,16.8
GDL-SCBD,BRIK-ALS,27.81,22.3
GDL-SCBD,BRIK-GDB,174.83,130
GDL-SCBD,BRIK-CKR,46.39,41.1
GDL-SCBD,BRIK-NRG,28.41,24.7
GDL-SCBD,BRIK-LGK,34.61,27.8
GDL-SCBD,BRIK-BLR,54.88,40.1
GDL-SCBD,BRIK-STL,45.42,38.9
GDL-SCBD,BRIK-KRW,67.56,54.2
GDL-SCBD,BRIK-MTL,19.32,17.1
GDL-SCBD,YMY-BTB,17.39,15
GDL-SCBD,GLLR-GLLR,26.89,29.4
GDL-SCBD,CSRR-CSRR,14.36,12.7
GDL-SCBD,MTSJ-MTSJ,3.99,5.8
GDL-SCBD,CST-GLN,5.56,6.9
GDL-SCBD,MBG-MBG,11.57,13.5
GDL-SCBD,CST-MBG,26.36,25.7
GDL-SCBD,GDK-KGD,19.6,19.6
GDL-SCBD,GDK-SCBD,1.14,1.5
GDL-SCBD,CST-AYM,15.79,18
GDL-SCBD,WTC-WTC,9.68,11.1
GDL-SCBD,FYN-FYN,3.78,4.3
GDL-SCBD,CST-FDC,3.63,6.8
GDL-SCBD,MDS-MDS,3.2,4.8
GDL-SCBD,MDS-SCBD,1.72,2.3
GDL-SCBD,HKN-HKN,24.58,24
DDF-DDF,GDS,18.42,20.4
DDF-DDF,CRD,13.11,13.9
DDF-DDF,KJT,23.95,21.1
DDF-DDF,BKS,36.67,33
DDF-DDF,CBR,33.04,32.3
DDF-DDF,MPG,19.5,19.1
DDF-DDF,RWG,30.64,30.6
DDF-DDF,KBG,15.92,19.4
DDF-DDF,BSD,12.05,14
DDF-DDF,STB,22.87,23
DDF-DDF,MBS,26.44,25.8
DDF-DDF,DMT,20.44,23.4
DDF-DDF,DMG,20.48,23.2
DDF-DDF,KL_CKG,17.36,18.7
DDF-DDF,KL_KJ,39.43,38.5
DDF-DDF,ASTR-ASTR,43.71,35
DDF-DDF,BRW-BRW,21.79,21.7
DDF-DDF,MGL-MGL,24.59,24
DDF-DDF,WSI-ANCB,24.39,24.5
DDF-DDF,WSI-BTS,24.39,24.5
DDF-DDF,WSI-PIK,25.57,29.2
DDF-DDF,WSI-BSD,8.96,10.2
DDF-DDF,WSI-ANC,30.44,29.7
DDF-DDF,BKB-BKB,2.36,3.3
DDF-DDF,RFS-HANG,14.56,15.1
DDF-DDF,RFS-WOLT,16.17,19.6
DDF-DDF,MBL-MBL,15.83,17.8
DDF-DDF,ADS-ADS,18.6,19.5
DDF-DDF,LML-LML,1.87,2.7
DDF-DDF,HYP-HYP,22.22,22.2
DDF-DDF,SDJ-CNRE,20.03,20
DDF-DDF,SDJ-SDJE,17.36,18.5
DDF-DDF,SDJ-PSBC,24.93,24.2
DDF-DDF,SDJ-SCBD,18.64,19.5
DDF-DDF,SDJ-BNTR,4.17,5.1
DDF-DDF,SDJ-CJTA,22.61,21.6
DDF-DDF,SDJ-PJTN,17.63,18.8
DDF-DDF,SDJ-CBLH,3.96,4.8
DDF-DDF,SDJ-KTBT,37.86,33
DDF-DDF,SDJ-ODSS,16.39,18.8
DDF-DDF,SDJ-SOET,3.96,4.8
DDF-DDF,SDJ-SMB,42.81,40.6
DDF-DDF,SDJ-CBS,14.8,15.3
DDF-DDF,SDJ-PIM,11.95,13.3
DDF-DDF,SDJ-CBN,3.96,4.8
DDF-DDF,SDJ-BLV,11.37,13.2
DDF-DDF,BFL-BFL,27.98,23.3
DDF-DDF,BFL-KBY,15.27,17.5
DDF-DDF,DCGL-BAR,13.91,15.4
DDF-DDF,DCGS-BAR,16.78,18.3
DDF-DDF,DCGL-KITC,13.91,15.4
DDF-DDF,DCGS-KITC,13.91,15.4
DDF-DDF,DCBM-BAR,14.3,16
DDF-DDF,DCBM-KITC,14.3,16
DDF-DDF,MXW-PGJ,27.85,27.5
DDF-DDF,MXW-KGD,33.23,32.8
DDF-DDF,PPY-MTG,21.49,22.8
DDF-DDF,PPY-CTW,18.65,19.9
DDF-DDF,PPY-PI,11.56,12.3
DDF-DDF,PPY-GDS,18.65,20.4
DDF-DDF,TRF-TRF,14.66,14.7
DDF-DDF,TRF-CNRE,19.48,19
DDF-DDF,JOEL-JOEL,17.15,20.2
DDF-DDF,HMD-HMD,3.96,4.8
DDF-DDF,GO_PPL,14.87,15.9
DDF-DDF,GO_TBT,24.61,24.6
DDF-DDF,MDV-KBY,15.12,17.3
DDF-DDF,MDV-KGD,32.92,33.9
DDF-DDF,MDV-PURI,14.54,16.8
DDF-DDF,MDV-PDI,10.24,10.9
DDF-DDF,MDV-BNTR,4.31,4.4
DDF-DDF,MDV-PDHB,32.39,33.4
DDF-DDF,MDV-GRVY,12.13,12.7
DDF-DDF,SPHS-SPHS,18.75,19.2
DDF-DDF,DRSR-DRSR,22.6,23.8
DDF-DDF,EXP-EXP,17.38,18.6
DDF-DDF,EXP-AEON,14.06,15.5
DDF-DDF,HHP-HHP,16.66,19.4
DDF-DDF,GDL-BSD,15.75,18
DDF-DDF,GDL-PIK,24.76,27.6
DDF-DDF,GDL-MOI,32.77,35.2
DDF-DDF,GDL-KHI,40.18,38.3
DDF-DDF,GDL-RDL,13.16,13.8
DDF-DDF,GDL-PRGN,25.39,24.8
DDF-DDF,GDL-CNRE,20.47,19.5
DDF-DDF,GDL-PURI,13.89,15.7
DDF-DDF,GDL-ANC,33.15,31.1
DDF-DDF,GDL-GLC,13.46,15.7
DDF-DDF,GDL-SCBD,18.64,19.4
DDF-DDF,DDF-DDF,0,0
DDF-DDF,FDMX-VDLM,14.24,15.2
DDF-DDF,JIN-RST,33.21,32.6
DDF-DDF,JIN-CKC,27.84,27.5
DDF-DDF,PDLM-PDLM,19.06,19.8
DDF-DDF,GOF-GD,29.29,30.2
DDF-DDF,SMI-SMI,18.52,19.5
DDF-DDF,CST-RTIW,24.02,21.3
DDF-DDF,GRMK-PSQ,14.29,14.1
DDF-DDF,GRMK-CBN,37.14,29.2
DDF-DDF,GRMK-JUN,42.08,37.4
DDF-DDF,GRMK-KMY,26.03,25.6
DDF-DDF,GRMK-TJD,20.04,22.1
DDF-DDF,GRMK-VTR,6.28,6.5
DDF-DDF,GRMK-STBD,22.28,23
DDF-DDF,GRMK-FTM,13.49,13.6
DDF-DDF,GRMK-MRY,16.42,17.9
DDF-DDF,GRMK-DWS,25.99,23.4
DDF-DDF,GRMK-CBR,33.81,30
DDF-DDF,GRMK-EMP,26.79,24.9
DDF-DDF,GRMK-CMP,30,30.2
DDF-DDF,GRMK-LRT,34.52,34.9
DDF-DDF,GRMK-BSD,12.75,13.9
DDF-DDF,GRMK-GRH,10.46,11.3
DDF-DDF,GRMK-CPNG,29.68,27.7
DDF-DDF,GRMK-PLM,17.65,18.6
DDF-DDF,GRMK-DTA,21.21,21.2
DDF-DDF,GRMK-SOQ,11.4,12.2
DDF-DDF,GRMK-XML,34.28,32.1
DDF-DDF,GRMK-DMT,18.27,19.5
DDF-DDF,BRIK-STR,31.49,30.8
DDF-DDF,BRIK-ALS,13.21,13.9
DDF-DDF,BRIK-GDB,182.42,137.4
DDF-DDF,BRIK-CKR,62,55.6
DDF-DDF,BRIK-NRG,36.25,32.8
DDF-DDF,BRIK-LGK,22.79,23.8
DDF-DDF,BRIK-BLR,46.46,38.5
DDF-DDF,BRIK-STL,49.65,39.7
DDF-DDF,BRIK-KRW,83.16,68.8
DDF-DDF,BRIK-MTL,13.2,15.2
DDF-DDF,YMY-BTB,16.46,18.6
DDF-DDF,GLLR-GLLR,13.63,16.6
DDF-DDF,CSRR-CSRR,27.94,26
DDF-DDF,MTSJ-MTSJ,18.58,20
DDF-DDF,CST-GLN,12.26,13.2
DDF-DDF,MBG-MBG,18.61,19.4
DDF-DDF,CST-MBG,41.97,40.3
DDF-DDF,GDK-KGD,33.86,33.6
DDF-DDF,GDK-SCBD,18.3,19
DDF-DDF,CST-AYM,22.35,24.1
DDF-DDF,WTC-WTC,25,25.2
DDF-DDF,FYN-FYN,12.53,13.9
DDF-DDF,CST-FDC,16.53,19.7
DDF-DDF,MDS-MDS,16.09,17.8
DDF-DDF,MDS-SCBD,16.27,18.5
DDF-DDF,HKN-HKN,35.27,32.1
FDMX-VDLM,GDS,30.34,30.6
FDMX-VDLM,CRD,2.44,3.2
FDMX-VDLM,KJT,15.32,14.1
FDMX-VDLM,BKS,28.04,25.9
FDMX-VDLM,CBR,24.4,25.2
FDMX-VDLM,MPG,10.87,12
FDMX-VDLM,RWG,28.96,24.9
FDMX-VDLM,KBG,19.33,21.2
FDMX-VDLM,BSD,21.8,21.4
FDMX-VDLM,STB,19.78,17.9
FDMX-VDLM,MBS,23.36,20.7
FDMX-VDLM,DMT,27.13,25.1
FDMX-VDLM,DMG,27.17,25
FDMX-VDLM,KL_CKG,21.75,21.4
FDMX-VDLM,KL_KJ,38.84,32.9
FDMX-VDLM,ASTR-ASTR,34.4,29.3
FDMX-VDLM,BRW-BRW,13.16,14.6
FDMX-VDLM,MGL-MGL,21.5,19
FDMX-VDLM,WSI-ANCB,21.3,19.4
FDMX-VDLM,WSI-BTS,21.3,19.4
FDMX-VDLM,WSI-PIK,28.58,30.2
FDMX-VDLM,WSI-BSD,26.31,23.1
FDMX-VDLM,WSI-ANC,27.35,24.7
FDMX-VDLM,BKB-BKB,13.81,15.8
FDMX-VDLM,RFS-HANG,11.41,10.3
FDMX-VDLM,RFS-WOLT,12.3,14.4
FDMX-VDLM,MBL-MBL,10.88,12.1
FDMX-VDLM,ADS-ADS,15.45,14.7
FDMX-VDLM,LML-LML,13.32,15.1
FDMX-VDLM,HYP-HYP,16.04,16.8
FDMX-VDLM,SDJ-CNRE,5.6,7.5
FDMX-VDLM,SDJ-SDJE,8.73,11.4
FDMX-VDLM,SDJ-PSBC,21.84,19.1
FDMX-VDLM,SDJ-SCBD,15.49,14.6
FDMX-VDLM,SDJ-BNTR,11.99,12.9
FDMX-VDLM,SDJ-CJTA,13.97,14.5
FDMX-VDLM,SDJ-PJTN,9,11.7
FDMX-VDLM,SDJ-CBLH,11.77,12.5
FDMX-VDLM,SDJ-KTBT,29.22,25.9
FDMX-VDLM,SDJ-ODSS,12.52,13.6
FDMX-VDLM,SDJ-SOET,11.77,12.5
FDMX-VDLM,SDJ-SMB,34.24,33.9
FDMX-VDLM,SDJ-CBS,6.16,8.2
FDMX-VDLM,SDJ-PIM,6.91,7.8
FDMX-VDLM,SDJ-CBN,11.77,12.5
FDMX-VDLM,SDJ-BLV,3.62,5.3
FDMX-VDLM,BFL-BFL,18.67,17.7
FDMX-VDLM,BFL-KBY,11.39,12.3
FDMX-VDLM,DCGL-BAR,21.46,21.9
FDMX-VDLM,DCGS-BAR,28.7,28.4
FDMX-VDLM,DCGL-KITC,21.46,21.9
FDMX-VDLM,DCGS-KITC,21.46,21.9
FDMX-VDLM,DCBM-BAR,10.43,10.9
FDMX-VDLM,DCBM-KITC,10.43,10.9
FDMX-VDLM,MXW-PGJ,24.76,22.5
FDMX-VDLM,MXW-KGD,32.64,27.1
FDMX-VDLM,PPY-MTG,18.34,18
FDMX-VDLM,PPY-CTW,15.5,15.1
FDMX-VDLM,PPY-PI,6.52,6.7
FDMX-VDLM,PPY-GDS,30.58,30.5
FDMX-VDLM,TRF-TRF,1.93,3.1
FDMX-VDLM,TRF-CNRE,4.6,6.4
FDMX-VDLM,JOEL-JOEL,13.27,15
FDMX-VDLM,HMD-HMD,11.77,12.5
FDMX-VDLM,GO_PPL,8.27,9.4
FDMX-VDLM,GO_TBT,17.41,19.1
FDMX-VDLM,MDV-KBY,11.25,12.1
FDMX-VDLM,MDV-KGD,32.3,28.3
FDMX-VDLM,MDV-PURI,17.88,18.4
FDMX-VDLM,MDV-PDI,4.46,4.9
FDMX-VDLM,MDV-BNTR,9.56,11
FDMX-VDLM,MDV-PDHB,29.3,28.4
FDMX-VDLM,MDV-GRVY,7.09,7.2
FDMX-VDLM,SPHS-SPHS,15.66,14.1
FDMX-VDLM,DRSR-DRSR,19.44,19
FDMX-VDLM,EXP-EXP,14.22,13.7
FDMX-VDLM,EXP-AEON,26.66,25.2
FDMX-VDLM,HHP-HHP,12.79,14.2
FDMX-VDLM,GDL-BSD,27.68,28.2
FDMX-VDLM,GDL-PIK,27.78,28.6
FDMX-VDLM,GDL-MOI,32.18,29.6
FDMX-VDLM,GDL-KHI,38.5,32.6
FDMX-VDLM,GDL-RDL,8.12,8.2
FDMX-VDLM,GDL-PRGN,22.3,19.8
FDMX-VDLM,GDL-CNRE,2.69,3.5
FDMX-VDLM,GDL-PURI,18.43,18.8
FDMX-VDLM,GDL-ANC,30.06,26.1
FDMX-VDLM,GDL-GLC,21.01,22.3
FDMX-VDLM,GDL-SCBD,15.48,14.6
FDMX-VDLM,DDF-DDF,14.11,15.4
FDMX-VDLM,FDMX-VDLM,0,0
FDMX-VDLM,JIN-RST,32.62,26.9
FDMX-VDLM,JIN-CKC,24.75,22.4
FDMX-VDLM,PDLM-PDLM,15.91,14.9
FDMX-VDLM,GOF-GD,38.79,32.8
FDMX-VDLM,SMI-SMI,15.37,14.6
FDMX-VDLM,CST-RTIW,13.74,14.5
FDMX-VDLM,GRMK-PSQ,3.34,4.2
FDMX-VDLM,GRMK-CBN,27.82,23.5
FDMX-VDLM,GRMK-JUN,33.45,30.3
FDMX-VDLM,GRMK-KMY,22.94,20.5
FDMX-VDLM,GRMK-TJD,19.72,17.5
FDMX-VDLM,GRMK-VTR,7.08,8
FDMX-VDLM,GRMK-STBD,19.19,18
FDMX-VDLM,GRMK-FTM,4.87,6.5
FDMX-VDLM,GRMK-MRY,18.63,17.1
FDMX-VDLM,GRMK-DWS,15.71,16.6
FDMX-VDLM,GRMK-CBR,23.15,23.1
FDMX-VDLM,GRMK-EMP,23.7,19.9
FDMX-VDLM,GRMK-CMP,28.34,24.4
FDMX-VDLM,GRMK-LRT,33.9,29.4
FDMX-VDLM,GRMK-BSD,24.68,24
FDMX-VDLM,GRMK-GRH,20.36,20.5
FDMX-VDLM,GRMK-CPNG,23.8,21
FDMX-VDLM,GRMK-PLM,14.56,13.5
FDMX-VDLM,GRMK-DTA,12.58,14.1
FDMX-VDLM,GRMK-SOQ,4.29,5.3
FDMX-VDLM,GRMK-XML,28.4,25.4
FDMX-VDLM,GRMK-DMT,21.3,20.9
FDMX-VDLM,BRIK-STR,30.9,25.1
FDMX-VDLM,BRIK-ALS,29.24,27
FDMX-VDLM,BRIK-GDB,173.1,131.7
FDMX-VDLM,BRIK-CKR,54.52,49
FDMX-VDLM,BRIK-NRG,27.62,25.7
FDMX-VDLM,BRIK-LGK,36.05,32.5
FDMX-VDLM,BRIK-BLR,56.32,44.8
FDMX-VDLM,BRIK-STL,40.34,34.1
FDMX-VDLM,BRIK-KRW,75.69,62.1
FDMX-VDLM,BRIK-MTL,20.75,21.8
FDMX-VDLM,YMY-BTB,21.58,21.9
FDMX-VDLM,GLLR-GLLR,26.24,26.3
FDMX-VDLM,CSRR-CSRR,24.85,21
FDMX-VDLM,MTSJ-MTSJ,15.42,15.1
FDMX-VDLM,CST-GLN,7.22,7.7
FDMX-VDLM,MBG-MBG,9.97,12.3
FDMX-VDLM,CST-MBG,36.42,33.5
FDMX-VDLM,GDK-KGD,33.27,28
FDMX-VDLM,GDK-SCBD,15.15,14.2
FDMX-VDLM,CST-AYM,9.16,12.1
FDMX-VDLM,WTC-WTC,21.92,20.2
FDMX-VDLM,FYN-FYN,9.45,8.9
FDMX-VDLM,CST-FDC,13.38,14.8
FDMX-VDLM,MDS-MDS,12.93,12.9
FDMX-VDLM,MDS-SCBD,12.4,13.3
FDMX-VDLM,HKN-HKN,26.63,25
JIN-RST,GDS,39.58,36
JIN-RST,CRD,30.22,25.9
JIN-RST,KJT,16.9,12.8
JIN-RST,BKS,24.6,19.9
JIN-RST,CBR,29.58,26.7
JIN-RST,MPG,20.61,16.5
JIN-RST,RWG,9.17,8.8
JIN-RST,KBG,24.52,25.3
JIN-RST,BSD,47.49,41
JIN-RST,STB,13.61,12.7
JIN-RST,MBS,11.78,12.7
JIN-RST,DMT,29.93,26.7
JIN-RST,DMG,29.97,26.5
JIN-RST,KL_CKG,24.55,23
JIN-RST,KL_KJ,9.95,10.2
JIN-RST,ASTR-ASTR,45.3,39
JIN-RST,BRW-BRW,18.33,14.8
JIN-RST,MGL-MGL,11.63,11.6
JIN-RST,WSI-ANCB,11.78,12
JIN-RST,WSI-BTS,11.78,12
JIN-RST,WSI-PIK,27.06,26.2
JIN-RST,WSI-BSD,38.66,35.4
JIN-RST,WSI-ANC,13.08,13.8
JIN-RST,BKB-BKB,36.52,34.1
JIN-RST,RFS-HANG,18.33,17.4
JIN-RST,RFS-WOLT,20.74,17.5
JIN-RST,MBL-MBL,22.39,18.5
JIN-RST,ADS-ADS,15.56,15.7
JIN-RST,LML-LML,36.04,33.4
JIN-RST,HYP-HYP,14.54,13.4
JIN-RST,SDJ-CNRE,33.4,31.6
JIN-RST,SDJ-SDJE,22.6,20.5
JIN-RST,SDJ-PSBC,10.52,10.8
JIN-RST,SDJ-SCBD,20.92,15.7
JIN-RST,SDJ-BNTR,37.68,32.5
JIN-RST,SDJ-CJTA,21.99,19.2
JIN-RST,SDJ-PJTN,22.42,20
JIN-RST,SDJ-CBLH,37.47,32.1
JIN-RST,SDJ-KTBT,17.29,15.8
JIN-RST,SDJ-ODSS,21.42,16.4
JIN-RST,SDJ-SOET,37.47,32.1
JIN-RST,SDJ-SMB,21.31,19
JIN-RST,SDJ-CBS,26.64,23.8
JIN-RST,SDJ-PIM,26.71,22.8
JIN-RST,SDJ-CBN,37.47,32.1
JIN-RST,SDJ-BLV,31.4,28
JIN-RST,BFL-BFL,35.28,29.7
JIN-RST,BFL-KBY,20.4,16.5
JIN-RST,DCGL-BAR,28.07,26.2
JIN-RST,DCGS-BAR,40.75,36.6
JIN-RST,DCGL-KITC,28.07,26.2
JIN-RST,DCGS-KITC,28.07,26.2
JIN-RST,DCBM-BAR,21.84,17.8
JIN-RST,DCBM-KITC,21.84,17.8
JIN-RST,MXW-PGJ,10.34,11.1
JIN-RST,MXW-KGD,1.34,1.8
JIN-RST,PPY-MTG,12.76,13.2
JIN-RST,PPY-CTW,15,15.4
JIN-RST,PPY-PI,27.18,22.4
JIN-RST,PPY-GDS,39.81,35.9
JIN-RST,TRF-TRF,28.9,24.5
JIN-RST,TRF-CNRE,34.53,32.4
JIN-RST,JOEL-JOEL,20.64,17.5
JIN-RST,HMD-HMD,37.47,32.1
JIN-RST,GO_PPL,23.1,19
JIN-RST,GO_TBT,15.01,13.3
JIN-RST,MDV-KBY,20.55,16.7
JIN-RST,MDV-KGD,4.11,4.8
JIN-RST,MDV-PURI,23.06,22.6
JIN-RST,MDV-PDI,28.63,23.1
JIN-RST,MDV-BNTR,33.39,29.1
JIN-RST,MDV-PDHB,7.86,9.8
JIN-RST,MDV-GRVY,24.9,21.4
JIN-RST,SPHS-SPHS,17.64,17.6
JIN-RST,DRSR-DRSR,12.43,12.8
JIN-RST,EXP-EXP,17.25,17
JIN-RST,EXP-AEON,42.48,40.6
JIN-RST,HHP-HHP,21.68,17.1
JIN-RST,GDL-BSD,42.81,39.7
JIN-RST,GDL-PIK,26.26,24.6
JIN-RST,GDL-MOI,1.74,4.7
JIN-RST,GDL-KHI,15.68,12.7
JIN-RST,GDL-RDL,23.67,19.9
JIN-RST,GDL-PRGN,12.27,13.4
JIN-RST,GDL-CNRE,32.61,29.6
JIN-RST,GDL-PURI,23.61,22.9
JIN-RST,GDL-ANC,13,14.2
JIN-RST,GDL-GLC,27.62,26.6
JIN-RST,GDL-SCBD,17.09,16.1
JIN-RST,DDF-DDF,37.93,33.5
JIN-RST,FDMX-VDLM,30.4,27
JIN-RST,JIN-RST,0,0
JIN-RST,JIN-CKC,10.34,11.1
JIN-RST,PDLM-PDLM,20.33,16.5
JIN-RST,GOF-GD,31.6,28.4
JIN-RST,SMI-SMI,15.23,15.6
JIN-RST,CST-RTIW,37.05,31.5
JIN-RST,GRMK-PSQ,28.54,23.9
JIN-RST,GRMK-CBN,38.73,33.2
JIN-RST,GRMK-JUN,23.82,18.7
JIN-RST,GRMK-KMY,9.57,9.5
JIN-RST,GRMK-TJD,17.17,18.3
JIN-RST,GRMK-VTR,30.9,26.1
JIN-RST,GRMK-STBD,13.82,13.1
JIN-RST,GRMK-FTM,27.25,23.3
JIN-RST,GRMK-MRY,21.24,21.2
JIN-RST,GRMK-DWS,36.35,31.6
JIN-RST,GRMK-CBR,27.99,23.8
JIN-RST,GRMK-EMP,16.81,16.2
JIN-RST,GRMK-CMP,5.61,5.7
JIN-RST,GRMK-LRT,4.08,5.4
JIN-RST,GRMK-BSD,36.87,33.5
JIN-RST,GRMK-GRH,32.88,31.6
JIN-RST,GRMK-CPNG,10.19,8.5
JIN-RST,GRMK-PLM,18.47,18.5
JIN-RST,GRMK-DTA,18.46,14.5
JIN-RST,GRMK-SOQ,30.02,24.9
JIN-RST,GRMK-XML,17.5,15.1
JIN-RST,GRMK-DMT,24.09,22.4
JIN-RST,BRIK-STR,2,2.6
JIN-RST,BRIK-ALS,35.85,31.3
JIN-RST,BRIK-GDB,173.48,129.3
JIN-RST,BRIK-CKR,45.44,37.7
JIN-RST,BRIK-NRG,27.05,22
JIN-RST,BRIK-LGK,42.66,36.8
JIN-RST,BRIK-BLR,62.93,49.1
JIN-RST,BRIK-STL,48.58,39.4
JIN-RST,BRIK-KRW,66.2,53.5
JIN-RST,BRIK-MTL,27.36,26.1
JIN-RST,YMY-BTB,24.37,23.5
JIN-RST,GLLR-GLLR,43.64,42.6
JIN-RST,CSRR-CSRR,15.78,15
JIN-RST,MTSJ-MTSJ,15.08,15.1
JIN-RST,CST-GLN,24.83,21.8
JIN-RST,MBG-MBG,22.92,19.5
JIN-RST,CST-MBG,17.48,15.1
JIN-RST,GDK-KGD,1.96,2.7
JIN-RST,GDK-SCBD,16.75,15.7
JIN-RST,CST-AYM,30.87,26.3
JIN-RST,WTC-WTC,9.58,8
JIN-RST,FYN-FYN,23.05,19.1
JIN-RST,CST-FDC,18.5,19.9
JIN-RST,MDS-MDS,19.5,19.3
JIN-RST,MDS-SCBD,21.56,16.6
JIN-RST,HKN-HKN,22.71,21.7
JIN-CKC,GDS,32.83,29.4
JIN-CKC,CRD,24.1,21.6
JIN-CKC,KJT,17.83,16.7
JIN-CKC,BKS,29.26,26
JIN-CKC,CBR,30.51,30.6
JIN-CKC,MPG,14.82,15.3
JIN-CKC,RWG,12.61,13.2
JIN-CKC,KBG,16.31,16.9
JIN-CKC,BSD,39.78,36
JIN-CKC,STB,9.92,11.1
JIN-CKC,MBS,2.46,3.5
JIN-CKC,DMT,22.41,19.1
JIN-CKC,DMG,22.45,18.9
JIN-CKC,KL_CKG,17.03,15.4
JIN-CKC,KL_KJ,14.03,13.6
JIN-CKC,ASTR-ASTR,46.23,42.9
JIN-CKC,BRW-BRW,14.5,16.4
JIN-CKC,MGL-MGL,4.34,5.1
JIN-CKC,WSI-ANCB,4.48,5.4
JIN-CKC,WSI-BTS,4.48,5.4
JIN-CKC,WSI-PIK,18.18,19.8
JIN-CKC,WSI-BSD,31.91,28.8
JIN-CKC,WSI-ANC,4.92,7
JIN-CKC,BKB-BKB,29.92,28.9
JIN-CKC,RFS-HANG,13.15,13.7
JIN-CKC,RFS-WOLT,13.53,15.4
JIN-CKC,MBL-MBL,15.97,16.3
JIN-CKC,ADS-ADS,10.3,11.7
JIN-CKC,LML-LML,29.43,28.2
JIN-CKC,HYP-HYP,9.89,10.4
JIN-CKC,SDJ-CNRE,27.87,29.8
JIN-CKC,SDJ-SDJE,16.81,19.3
JIN-CKC,SDJ-PSBC,3.77,4.2
JIN-CKC,SDJ-SCBD,11.92,12.5
JIN-CKC,SDJ-BNTR,29.97,27.5
JIN-CKC,SDJ-CJTA,22.92,23.1
JIN-CKC,SDJ-PJTN,16.63,18.9
JIN-CKC,SDJ-CBLH,29.75,27.1
JIN-CKC,SDJ-KTBT,23.3,22.9
JIN-CKC,SDJ-ODSS,12.16,12.9
JIN-CKC,SDJ-SOET,29.75,27.1
JIN-CKC,SDJ-SMB,25.97,25.1
JIN-CKC,SDJ-CBS,20.98,21.9
JIN-CKC,SDJ-PIM,19,17.9
JIN-CKC,SDJ-CBN,29.75,27.1
JIN-CKC,SDJ-BLV,25.31,23.1
JIN-CKC,BFL-BFL,31.17,31.1
JIN-CKC,BFL-KBY,14.05,14.9
JIN-CKC,DCGL-BAR,21.32,19.6
JIN-CKC,DCGS-BAR,34,30
JIN-CKC,DCGL-KITC,21.32,19.6
JIN-CKC,DCGS-KITC,21.32,19.6
JIN-CKC,DCBM-BAR,14.49,14.8
JIN-CKC,DCBM-KITC,14.49,14.8
JIN-CKC,MXW-PGJ,0.01,0
JIN-CKC,MXW-KGD,10.56,11.7
JIN-CKC,PPY-MTG,7.02,7.9
JIN-CKC,PPY-CTW,9.74,11.4
JIN-CKC,PPY-PI,19.47,17.5
JIN-CKC,PPY-GDS,33.06,29.3
JIN-CKC,TRF-TRF,25.56,22.4
JIN-CKC,TRF-CNRE,29.62,28.7
JIN-CKC,JOEL-JOEL,13.26,14.9
JIN-CKC,HMD-HMD,29.75,27.1
JIN-CKC,GO_PPL,15.32,15.6
JIN-CKC,GO_TBT,11.4,13.4
JIN-CKC,MDV-KBY,14.2,15.2
JIN-CKC,MDV-KGD,11.54,13.2
JIN-CKC,MDV-PURI,16.31,15.9
JIN-CKC,MDV-PDI,20.92,18.2
JIN-CKC,MDV-BNTR,25.67,24.1
JIN-CKC,MDV-PDHB,8.34,8.6
JIN-CKC,MDV-GRVY,19.08,17.4
JIN-CKC,SPHS-SPHS,10.74,11
JIN-CKC,DRSR-DRSR,7.01,8.1
JIN-CKC,EXP-EXP,12.07,13.4
JIN-CKC,EXP-AEON,35.73,34
JIN-CKC,HHP-HHP,12.43,13.5
JIN-CKC,GDL-BSD,36.06,33.1
JIN-CKC,GDL-PIK,17.37,18.2
JIN-CKC,GDL-MOI,10.1,14.1
JIN-CKC,GDL-KHI,20.35,18.8
JIN-CKC,GDL-RDL,15.89,16.5
JIN-CKC,GDL-PRGN,2.94,4.2
JIN-CKC,GDL-CNRE,27.71,25.9
JIN-CKC,GDL-PURI,16.86,16.3
JIN-CKC,GDL-ANC,4.15,5.8
JIN-CKC,GDL-GLC,20.87,20
JIN-CKC,GDL-SCBD,11.91,12.4
JIN-CKC,DDF-DDF,30.22,28.6
JIN-CKC,FDMX-VDLM,25.22,22.9
JIN-CKC,JIN-RST,10.55,11.4
JIN-CKC,JIN-CKC,0,0
JIN-CKC,PDLM-PDLM,12.53,13.4
JIN-CKC,GOF-GD,22.71,21.9
JIN-CKC,SMI-SMI,9.97,11.5
JIN-CKC,CST-RTIW,34.18,32.3
JIN-CKC,GRMK-PSQ,25.2,21.8
JIN-CKC,GRMK-CBN,39.66,37.1
JIN-CKC,GRMK-JUN,28.48,24.8
JIN-CKC,GRMK-KMY,2.64,3.3
JIN-CKC,GRMK-TJD,9.38,10.5
JIN-CKC,GRMK-VTR,23.19,21.2
JIN-CKC,GRMK-STBD,9.51,10.4
JIN-CKC,GRMK-FTM,20.07,21
JIN-CKC,GRMK-MRY,14.49,14.5
JIN-CKC,GRMK-DWS,32.24,33.1
JIN-CKC,GRMK-CBR,28.92,27.7
JIN-CKC,GRMK-EMP,6.9,8.3
JIN-CKC,GRMK-CMP,10.5,12.4
JIN-CKC,GRMK-LRT,12.45,14.9
JIN-CKC,GRMK-BSD,30.12,26.8
JIN-CKC,GRMK-GRH,26.13,25
JIN-CKC,GRMK-CPNG,10.54,11.3
JIN-CKC,GRMK-PLM,12.37,12.9
JIN-CKC,GRMK-DTA,14.36,15.9
JIN-CKC,GRMK-SOQ,22.31,19.9
JIN-CKC,GRMK-XML,19.88,19.8
JIN-CKC,GRMK-DMT,16.57,14.8
JIN-CKC,BRIK-STR,8.82,9.6
JIN-CKC,BRIK-ALS,29.1,24.7
JIN-CKC,BRIK-GDB,179.04,135.1
JIN-CKC,BRIK-CKR,50.1,43.8
JIN-CKC,BRIK-NRG,31.71,28.1
JIN-CKC,BRIK-LGK,35.91,30.2
JIN-CKC,BRIK-BLR,56.18,42.5
JIN-CKC,BRIK-STL,49.51,43.3
JIN-CKC,BRIK-KRW,71.76,59.3
JIN-CKC,BRIK-MTL,20.61,19.5
JIN-CKC,YMY-BTB,16.86,15.9
JIN-CKC,GLLR-GLLR,36.89,36
JIN-CKC,CSRR-CSRR,7.62,8.2
JIN-CKC,MTSJ-MTSJ,9.81,11.1
JIN-CKC,CST-GLN,19.21,17.9
JIN-CKC,MBG-MBG,18.81,21
JIN-CKC,CST-MBG,22.14,21.2
JIN-CKC,GDK-KGD,11.19,12.5
JIN-CKC,GDK-SCBD,11.57,12
JIN-CKC,CST-AYM,26.76,27.8
JIN-CKC,WTC-WTC,7.05,7.9
JIN-CKC,FYN-FYN,15.28,15.8
JIN-CKC,CST-FDC,13.34,15.3
JIN-CKC,MDS-MDS,14.33,14.7
JIN-CKC,MDS-SCBD,12.31,13.1
JIN-CKC,HKN-HKN,26.94,27.3
PDLM-PDLM,GDS,33.58,28.1
PDLM-PDLM,CRD,14.75,14.6
PDLM-PDLM,KJT,11.57,10.1
PDLM-PDLM,BKS,23.78,20.4
PDLM-PDLM,CBR,24.25,23.9
PDLM-PDLM,MPG,4.11,5
PDLM-PDLM,RWG,14.49,14.3
PDLM-PDLM,KBG,18.52,17.4
PDLM-PDLM,BSD,30.96,29.6
PDLM-PDLM,STB,6.57,7.8
PDLM-PDLM,MBS,10.73,11.7
PDLM-PDLM,DMT,24.99,19.3
PDLM-PDLM,DMG,25.03,19.1
PDLM-PDLM,KL_CKG,19.61,15.6
PDLM-PDLM,KL_KJ,24.37,22.3
PDLM-PDLM,ASTR-ASTR,39.05,34
PDLM-PDLM,BRW-BRW,5.14,6.6
PDLM-PDLM,MGL-MGL,8.88,10
PDLM-PDLM,WSI-ANCB,8.67,10.4
PDLM-PDLM,WSI-BTS,8.67,10.4
PDLM-PDLM,WSI-PIK,25.8,23.3
PDLM-PDLM,WSI-BSD,32.67,27.5
PDLM-PDLM,WSI-ANC,18.91,17.5
PDLM-PDLM,BKB-BKB,19.99,22.8
PDLM-PDLM,RFS-HANG,4.73,5.9
PDLM-PDLM,RFS-WOLT,4.21,6.1
PDLM-PDLM,MBL-MBL,5.86,7.2
PDLM-PDLM,ADS-ADS,4.65,6
PDLM-PDLM,LML-LML,19.51,22.1
PDLM-PDLM,HYP-HYP,3.97,4.5
PDLM-PDLM,SDJ-CNRE,17.93,20.3
PDLM-PDLM,SDJ-SDJE,6.1,9
PDLM-PDLM,SDJ-PSBC,9.22,10.1
PDLM-PDLM,SDJ-SCBD,3.84,3.9
PDLM-PDLM,SDJ-BNTR,21.15,21.1
PDLM-PDLM,SDJ-CJTA,15.2,15.2
PDLM-PDLM,SDJ-PJTN,5.91,8.6
PDLM-PDLM,SDJ-CBLH,20.94,20.7
PDLM-PDLM,SDJ-KTBT,19.14,17.4
PDLM-PDLM,SDJ-ODSS,4.34,4.6
PDLM-PDLM,SDJ-SOET,20.94,20.7
PDLM-PDLM,SDJ-SMB,25.03,23.8
PDLM-PDLM,SDJ-CBS,11.17,12.5
PDLM-PDLM,SDJ-PIM,10.19,11.5
PDLM-PDLM,SDJ-CBN,20.94,20.7
PDLM-PDLM,SDJ-BLV,15.93,16.8
PDLM-PDLM,BFL-BFL,22.87,21.9
PDLM-PDLM,BFL-KBY,3.87,5.1
PDLM-PDLM,DCGL-BAR,22.07,18.4
PDLM-PDLM,DCGS-BAR,34.75,28.7
PDLM-PDLM,DCGL-KITC,22.07,18.4
PDLM-PDLM,DCGS-KITC,22.07,18.4
PDLM-PDLM,DCBM-BAR,5.31,6.4
PDLM-PDLM,DCBM-KITC,5.31,6.4
PDLM-PDLM,MXW-PGJ,12.14,13.4
PDLM-PDLM,MXW-KGD,18.17,16.6
PDLM-PDLM,PPY-MTG,7.62,8.6
PDLM-PDLM,PPY-CTW,4.1,5.8
PDLM-PDLM,PPY-PI,10.65,11.1
PDLM-PDLM,PPY-GDS,33.82,28
PDLM-PDLM,TRF-TRF,13.44,13.2
PDLM-PDLM,TRF-CNRE,19.06,21.1
PDLM-PDLM,JOEL-JOEL,4.11,6.2
PDLM-PDLM,HMD-HMD,20.94,20.7
PDLM-PDLM,GO_PPL,6.57,7.6
PDLM-PDLM,GO_TBT,5.07,6.9
PDLM-PDLM,MDV-KBY,4.02,5.3
PDLM-PDLM,MDV-KGD,17.83,17.7
PDLM-PDLM,MDV-PURI,17.07,14.7
PDLM-PDLM,MDV-PDI,12.1,11.7
PDLM-PDLM,MDV-BNTR,16.86,17.7
PDLM-PDLM,MDV-PDHB,16.67,19.3
PDLM-PDLM,MDV-GRVY,8.37,10
PDLM-PDLM,SPHS-SPHS,6.86,6.5
PDLM-PDLM,DRSR-DRSR,7.64,8.3
PDLM-PDLM,EXP-EXP,4.84,5.5
PDLM-PDLM,EXP-AEON,30.11,31.9
PDLM-PDLM,HHP-HHP,4.6,5.3
PDLM-PDLM,GDL-BSD,36.82,31.8
PDLM-PDLM,GDL-PIK,25,21.7
PDLM-PDLM,GDL-MOI,17.71,19
PDLM-PDLM,GDL-KHI,24.03,22
PDLM-PDLM,GDL-RDL,7.14,8.5
PDLM-PDLM,GDL-PRGN,9.68,10.7
PDLM-PDLM,GDL-CNRE,17.15,18.3
PDLM-PDLM,GDL-PURI,17.61,15
PDLM-PDLM,GDL-ANC,15.24,17.3
PDLM-PDLM,GDL-GLC,21.63,18.7
PDLM-PDLM,GDL-SCBD,3.49,4.6
PDLM-PDLM,DDF-DDF,21.4,22.1
PDLM-PDLM,FDMX-VDLM,14.94,15.8
PDLM-PDLM,JIN-RST,18.15,16.4
PDLM-PDLM,JIN-CKC,12.13,13.4
PDLM-PDLM,PDLM-PDLM,0,0
PDLM-PDLM,GOF-GD,30.34,25.4
PDLM-PDLM,SMI-SMI,4.32,5.9
PDLM-PDLM,CST-RTIW,24.23,22.8
PDLM-PDLM,GRMK-PSQ,13.07,12.6
PDLM-PDLM,GRMK-CBN,32.48,28.2
PDLM-PDLM,GRMK-JUN,24.95,21.3
PDLM-PDLM,GRMK-KMY,10.32,11.5
PDLM-PDLM,GRMK-TJD,11.27,10.3
PDLM-PDLM,GRMK-VTR,14.37,14.8
PDLM-PDLM,GRMK-STBD,6.42,7.6
PDLM-PDLM,GRMK-FTM,10.72,11.9
PDLM-PDLM,GRMK-MRY,15.25,13.3
PDLM-PDLM,GRMK-DWS,23.94,23.8
PDLM-PDLM,GRMK-CBR,22.66,21.1
PDLM-PDLM,GRMK-EMP,15.25,12.7
PDLM-PDLM,GRMK-CMP,13.87,13.9
PDLM-PDLM,GRMK-LRT,19.43,18.8
PDLM-PDLM,GRMK-BSD,30.88,25.6
PDLM-PDLM,GRMK-GRH,22.4,22.9
PDLM-PDLM,GRMK-CPNG,9.33,10.4
PDLM-PDLM,GRMK-PLM,7.69,7.4
PDLM-PDLM,GRMK-DTA,6.06,6.7
PDLM-PDLM,GRMK-SOQ,13.49,13.5
PDLM-PDLM,GRMK-XML,16.5,15.3
PDLM-PDLM,GRMK-DMT,19.15,15
PDLM-PDLM,BRIK-STR,16.43,14.5
PDLM-PDLM,BRIK-ALS,29.85,23.4
PDLM-PDLM,BRIK-GDB,172.66,127.8
PDLM-PDLM,BRIK-CKR,44.22,38.8
PDLM-PDLM,BRIK-NRG,26.23,22.5
PDLM-PDLM,BRIK-LGK,36.66,28.9
PDLM-PDLM,BRIK-BLR,56.93,41.2
PDLM-PDLM,BRIK-STL,43.24,36.7
PDLM-PDLM,BRIK-KRW,65.38,52
PDLM-PDLM,BRIK-MTL,21.36,18.2
PDLM-PDLM,YMY-BTB,19.44,16.1
PDLM-PDLM,GLLR-GLLR,29.68,33
PDLM-PDLM,CSRR-CSRR,16.4,13.8
PDLM-PDLM,MTSJ-MTSJ,4.17,5.5
PDLM-PDLM,CST-GLN,8.3,10.4
PDLM-PDLM,MBG-MBG,9.42,11.3
PDLM-PDLM,CST-MBG,24.19,23.5
PDLM-PDLM,GDK-KGD,18.8,17.4
PDLM-PDLM,GDK-SCBD,3.15,4.2
PDLM-PDLM,CST-AYM,15.06,17.9
PDLM-PDLM,WTC-WTC,9.31,9.9
PDLM-PDLM,FYN-FYN,6.52,7.8
PDLM-PDLM,CST-FDC,6.09,8.4
PDLM-PDLM,MDS-MDS,7.09,7.8
PDLM-PDLM,MDS-SCBD,4.48,4.9
PDLM-PDLM,HKN-HKN,22.41,21.8
GOF-GD,GDS,24.18,23.7
GOF-GD,CRD,37.03,29.8
GOF-GD,KJT,37.97,28.9
GOF-GD,BKS,50.18,39.2
GOF-GD,CBR,50.65,42.7
GOF-GD,MPG,30.98,25.1
GOF-GD,RWG,34.22,30.3
GOF-GD,KBG,14.33,16.9
GOF-GD,BSD,34.11,30.3
GOF-GD,STB,28.82,24.4
GOF-GD,MBS,22.08,20
GOF-GD,DMT,8.19,10.3
GOF-GD,DMG,10.94,12.9
GOF-GD,KL_CKG,11.35,12.8
GOF-GD,KL_KJ,31.5,26.6
GOF-GD,ASTR-ASTR,65.5,49.4
GOF-GD,BRW-BRW,32.61,25.9
GOF-GD,MGL-MGL,25.95,22.1
GOF-GD,WSI-ANCB,26.1,22.5
GOF-GD,WSI-BTS,26.1,22.5
GOF-GD,WSI-PIK,12.88,15
GOF-GD,WSI-BSD,24.95,23.1
GOF-GD,WSI-ANC,19.55,18.3
GOF-GD,BKB-BKB,29.56,26.1
GOF-GD,RFS-HANG,28.02,22.8
GOF-GD,RFS-WOLT,28.88,24.8
GOF-GD,MBL-MBL,31.32,25.7
GOF-GD,ADS-ADS,27.41,22.5
GOF-GD,LML-LML,29.07,25.4
GOF-GD,HYP-HYP,30.84,24.5
GOF-GD,SDJ-CNRE,41.82,34.5
GOF-GD,SDJ-SDJE,32.97,29
GOF-GD,SDJ-PSBC,25.38,21.3
GOF-GD,SDJ-SCBD,27.27,21.8
GOF-GD,SDJ-BNTR,32.39,27.4
GOF-GD,SDJ-CJTA,42.04,34.7
GOF-GD,SDJ-PJTN,32.78,28.6
GOF-GD,SDJ-CBLH,32.18,27
GOF-GD,SDJ-KTBT,45.54,36.2
GOF-GD,SDJ-ODSS,27.52,22.2
GOF-GD,SDJ-SOET,32.18,27
GOF-GD,SDJ-SMB,50.38,41.2
GOF-GD,SDJ-CBS,36.34,31.3
GOF-GD,SDJ-PIM,31.93,26.2
GOF-GD,SDJ-CBN,32.18,27
GOF-GD,SDJ-BLV,38.24,31.4
GOF-GD,BFL-BFL,49.77,37.8
GOF-GD,BFL-KBY,29.4,24.3
GOF-GD,DCGL-BAR,13.61,17.5
GOF-GD,DCGS-BAR,25.35,24.3
GOF-GD,DCGL-KITC,13.61,17.5
GOF-GD,DCGS-KITC,13.61,17.5
GOF-GD,DCBM-BAR,29.84,24.1
GOF-GD,DCBM-KITC,29.84,24.1
GOF-GD,MXW-PGJ,22.26,18.5
GOF-GD,MXW-KGD,32.4,26.2
GOF-GD,PPY-MTG,25.89,21.6
GOF-GD,PPY-CTW,26.35,22.4
GOF-GD,PPY-PI,32.4,25.8
GOF-GD,PPY-GDS,24.42,23.6
GOF-GD,TRF-TRF,38.49,30.7
GOF-GD,TRF-CNRE,41.27,33.5
GOF-GD,JOEL-JOEL,28.61,24.3
GOF-GD,HMD-HMD,32.18,27
GOF-GD,GO_PPL,30.67,24.9
GOF-GD,GO_TBT,33.23,26.6
GOF-GD,MDV-KBY,29.55,24.5
GOF-GD,MDV-KGD,31.93,28.3
GOF-GD,MDV-PURI,15.42,17
GOF-GD,MDV-PDI,33.85,26.4
GOF-GD,MDV-BNTR,31.45,27.3
GOF-GD,MDV-PDHB,25.81,21.5
GOF-GD,MDV-GRVY,32.01,25.7
GOF-GD,SPHS-SPHS,23.67,19.3
GOF-GD,DRSR-DRSR,26.84,23.3
GOF-GD,EXP-EXP,26.19,21.6
GOF-GD,EXP-AEON,28.77,28.3
GOF-GD,HHP-HHP,27.78,22.9
GOF-GD,GDL-BSD,27.42,27.4
GOF-GD,GDL-PIK,12.07,13.4
GOF-GD,GDL-MOI,32.8,29.1
GOF-GD,GDL-KHI,44.76,34.9
GOF-GD,GDL-RDL,31.37,25.9
GOF-GD,GDL-PRGN,22.34,20.5
GOF-GD,GDL-CNRE,42.25,33.9
GOF-GD,GDL-PURI,14.77,15.9
GOF-GD,GDL-ANC,21.63,18.8
GOF-GD,GDL-GLC,13.93,18.3
GOF-GD,GDL-SCBD,27.26,21.8
GOF-GD,DDF-DDF,29.57,25.6
GOF-GD,FDMX-VDLM,38.15,31.2
GOF-GD,JIN-RST,32.39,26
GOF-GD,JIN-CKC,22.25,18.5
GOF-GD,PDLM-PDLM,27.68,22.1
GOF-GD,GOF-GD,0,0
GOF-GD,SMI-SMI,27.33,22.5
GOF-GD,CST-RTIW,45.81,35.8
GOF-GD,GRMK-PSQ,38.13,30.1
GOF-GD,GRMK-CBN,58.93,43.6
GOF-GD,GRMK-JUN,51.35,40.1
GOF-GD,GRMK-KMY,24.25,20.3
GOF-GD,GRMK-TJD,21.02,18.6
GOF-GD,GRMK-VTR,25.4,26.9
GOF-GD,GRMK-STBD,28.23,24.5
GOF-GD,GRMK-FTM,37.32,29.7
GOF-GD,GRMK-MRY,18.46,19.2
GOF-GD,GRMK-DWS,47.77,37.8
GOF-GD,GRMK-CBR,49.06,39.9
GOF-GD,GRMK-EMP,16.24,13.7
GOF-GD,GRMK-CMP,30.53,28.6
GOF-GD,GRMK-LRT,35.14,29.7
GOF-GD,GRMK-BSD,23.16,21.2
GOF-GD,GRMK-GRH,19.87,19.1
GOF-GD,GRMK-CPNG,32.15,28.4
GOF-GD,GRMK-PLM,25.3,21.2
GOF-GD,GRMK-DTA,32.46,25.5
GOF-GD,GRMK-SOQ,35.24,28.2
GOF-GD,GRMK-XML,42.9,34
GOF-GD,GRMK-DMT,10.89,12.3
GOF-GD,BRIK-STR,29.62,25.5
GOF-GD,BRIK-ALS,19.91,18.3
GOF-GD,BRIK-GDB,199.06,146.6
GOF-GD,BRIK-CKR,70.62,57.6
GOF-GD,BRIK-NRG,52.63,41.3
GOF-GD,BRIK-LGK,27.01,26.1
GOF-GD,BRIK-BLR,47.98,37.5
GOF-GD,BRIK-STL,71.44,54.2
GOF-GD,BRIK-KRW,91.78,70.7
GOF-GD,BRIK-MTL,16.66,19.4
GOF-GD,YMY-BTB,12.81,14.5
GOF-GD,GLLR-GLLR,29.93,30.3
GOF-GD,CSRR-CSRR,17.39,14.8
GOF-GD,MTSJ-MTSJ,26.42,22.1
GOF-GD,CST-GLN,32.14,26.2
GOF-GD,MBG-MBG,36.91,30.5
GOF-GD,CST-MBG,46.55,37.3
GOF-GD,GDK-KGD,33.03,27
GOF-GD,GDK-SCBD,26.92,21.4
GOF-GD,CST-AYM,44.87,37.3
GOF-GD,WTC-WTC,28.66,25
GOF-GD,FYN-FYN,30.33,24.6
GOF-GD,CST-FDC,26.29,23.5
GOF-GD,MDS-MDS,27.28,22.8
GOF-GD,MDS-SCBD,27.66,22.4
GOF-GD,HKN-HKN,48.81,40.6
SMI-SMI,GDS,31.08,27.1
SMI-SMI,CRD,16.38,14.7
SMI-SMI,KJT,15.08,13.4
SMI-SMI,BKS,27.3,23.7
SMI-SMI,CBR,27.76,27.2
SMI-SMI,MPG,8.09,9.2
SMI-SMI,RWG,11.55,12
SMI-SMI,KBG,16.02,16.4
SMI-SMI,BSD,32.06,29.2
SMI-SMI,STB,4.45,5.7
SMI-SMI,MBS,7.67,8.1
SMI-SMI,DMT,22.49,18.3
SMI-SMI,DMG,22.53,18.2
SMI-SMI,KL_CKG,17.11,14.6
SMI-SMI,KL_KJ,21.41,20.1
SMI-SMI,ASTR-ASTR,42.56,37.3
SMI-SMI,BRW-BRW,9.72,10.5
SMI-SMI,MGL-MGL,5.81,6.4
SMI-SMI,WSI-ANCB,5.61,6.8
SMI-SMI,WSI-BTS,5.61,6.8
SMI-SMI,WSI-PIK,23.31,22.5
SMI-SMI,WSI-BSD,30.17,26.5
SMI-SMI,WSI-ANC,11.15,14.3
SMI-SMI,BKB-BKB,22.21,22.1
SMI-SMI,RFS-HANG,5.41,6.6
SMI-SMI,RFS-WOLT,5.79,8.3
SMI-SMI,MBL-MBL,8.24,9.2
SMI-SMI,ADS-ADS,0.26,0.9
SMI-SMI,LML-LML,21.72,21.4
SMI-SMI,HYP-HYP,4.71,5.2
SMI-SMI,SDJ-CNRE,20.14,22.7
SMI-SMI,SDJ-SDJE,10.07,13.2
SMI-SMI,SDJ-PSBC,6.15,6.5
SMI-SMI,SDJ-SCBD,4.18,5.3
SMI-SMI,SDJ-BNTR,22.25,20.7
SMI-SMI,SDJ-CJTA,19.16,19.2
SMI-SMI,SDJ-PJTN,9.89,12.7
SMI-SMI,SDJ-CBLH,22.04,20.3
SMI-SMI,SDJ-KTBT,19.8,20.4
SMI-SMI,SDJ-ODSS,4.43,5.7
SMI-SMI,SDJ-SOET,22.04,20.3
SMI-SMI,SDJ-SMB,26.72,26.1
SMI-SMI,SDJ-CBS,13.25,14.8
SMI-SMI,SDJ-PIM,11.29,11.1
SMI-SMI,SDJ-CBN,22.04,20.3
SMI-SMI,SDJ-BLV,17.6,16.2
SMI-SMI,BFL-BFL,26.39,25.2
SMI-SMI,BFL-KBY,6.31,7.8
SMI-SMI,DCGL-BAR,19.57,17.4
SMI-SMI,DCGS-BAR,32.25,27.8
SMI-SMI,DCGL-KITC,19.57,17.4
SMI-SMI,DCGS-KITC,19.57,17.4
SMI-SMI,DCBM-BAR,6.75,7.6
SMI-SMI,DCBM-KITC,6.75,7.6
SMI-SMI,MXW-PGJ,9.07,9.8
SMI-SMI,MXW-KGD,15.21,14.4
SMI-SMI,PPY-MTG,3.15,4.2
SMI-SMI,PPY-CTW,0.41,1.6
SMI-SMI,PPY-PI,11.76,10.7
SMI-SMI,PPY-GDS,31.32,27.1
SMI-SMI,TRF-TRF,17.85,15.6
SMI-SMI,TRF-CNRE,21.22,23.6
SMI-SMI,JOEL-JOEL,5.53,7.8
SMI-SMI,HMD-HMD,22.04,20.3
SMI-SMI,GO_PPL,7.59,8.4
SMI-SMI,GO_TBT,5.76,7.4
SMI-SMI,MDV-KBY,6.46,8
SMI-SMI,MDV-KGD,14.1,15.5
SMI-SMI,MDV-PURI,14.56,13.7
SMI-SMI,MDV-PDI,13.2,11.3
SMI-SMI,MDV-BNTR,17.96,17.3
SMI-SMI,MDV-PDHB,13.61,15.7
SMI-SMI,MDV-GRVY,11.36,10.5
SMI-SMI,SPHS-SPHS,4.36,5.5
SMI-SMI,DRSR-DRSR,4.25,5.3
SMI-SMI,EXP-EXP,4.33,6.3
SMI-SMI,EXP-AEON,33.98,31.7
SMI-SMI,HHP-HHP,4.7,6.4
SMI-SMI,GDL-BSD,34.32,30.8
SMI-SMI,GDL-PIK,22.5,20.9
SMI-SMI,GDL-MOI,14.75,16.8
SMI-SMI,GDL-KHI,21.09,19.8
SMI-SMI,GDL-RDL,8.16,9.4
SMI-SMI,GDL-PRGN,6.61,7.1
SMI-SMI,GDL-CNRE,19.31,20.8
SMI-SMI,GDL-PURI,15.11,14
SMI-SMI,GDL-ANC,12.17,13.7
SMI-SMI,GDL-GLC,19.13,17.7
SMI-SMI,GDL-SCBD,4.17,5.3
SMI-SMI,DDF-DDF,22.5,21.7
SMI-SMI,FDMX-VDLM,17.51,16
SMI-SMI,JIN-RST,15.19,14.2
SMI-SMI,JIN-CKC,9.06,9.8
SMI-SMI,PDLM-PDLM,3.43,5.3
SMI-SMI,GOF-GD,27.84,24.6
SMI-SMI,SMI-SMI,0,0
SMI-SMI,CST-RTIW,26.44,25.1
SMI-SMI,GRMK-PSQ,17.48,15
SMI-SMI,GRMK-CBN,35.99,31.5
SMI-SMI,GRMK-JUN,26.98,24.2
SMI-SMI,GRMK-KMY,7.25,7.9
SMI-SMI,GRMK-TJD,8.77,9.4
SMI-SMI,GRMK-VTR,15.48,14.3
SMI-SMI,GRMK-STBD,4.34,5.1
SMI-SMI,GRMK-FTM,12.33,13.8
SMI-SMI,GRMK-MRY,12.75,12.3
SMI-SMI,GRMK-DWS,27.46,27.1
SMI-SMI,GRMK-CBR,26.17,24.4
SMI-SMI,GRMK-EMP,12.75,11.7
SMI-SMI,GRMK-CMP,10.91,11.7
SMI-SMI,GRMK-LRT,15.7,16.6
SMI-SMI,GRMK-BSD,28.38,24.6
SMI-SMI,GRMK-GRH,24.39,22.7
SMI-SMI,GRMK-CPNG,9.44,10.2
SMI-SMI,GRMK-PLM,5.19,6.5
SMI-SMI,GRMK-DTA,9.57,10
SMI-SMI,GRMK-SOQ,14.59,13.1
SMI-SMI,GRMK-XML,17.21,17.1
SMI-SMI,GRMK-DMT,16.65,14.1
SMI-SMI,BRIK-STR,13.47,12.3
SMI-SMI,BRIK-ALS,27.35,22.5
SMI-SMI,BRIK-GDB,176.17,131.1
SMI-SMI,BRIK-CKR,47.73,42.1
SMI-SMI,BRIK-NRG,29.74,25.8
SMI-SMI,BRIK-LGK,34.16,27.9
SMI-SMI,BRIK-BLR,54.43,40.2
SMI-SMI,BRIK-STL,46.76,40
SMI-SMI,BRIK-KRW,68.89,55.2
SMI-SMI,BRIK-MTL,18.86,17.2
SMI-SMI,YMY-BTB,16.94,15.2
SMI-SMI,GLLR-GLLR,31.24,32.6
SMI-SMI,CSRR-CSRR,13.9,12.8
SMI-SMI,MTSJ-MTSJ,0.44,1.8
SMI-SMI,CST-GLN,11.5,11
SMI-SMI,MBG-MBG,14.03,15
SMI-SMI,CST-MBG,22.89,22.2
SMI-SMI,GDK-KGD,15.84,15.2
SMI-SMI,GDK-SCBD,3.83,4.9
SMI-SMI,CST-AYM,21.98,21.8
SMI-SMI,WTC-WTC,5.92,6.6
SMI-SMI,FYN-FYN,7.54,8.7
SMI-SMI,CST-FDC,5.84,9
SMI-SMI,MDS-MDS,6.83,8.3
SMI-SMI,MDS-SCBD,4.57,5.9
SMI-SMI,HKN-HKN,24.43,24.7
CST-RTIW,GDS,32.49,30.2
CST-RTIW,CRD,18.93,16.1
CST-RTIW,KJT,21.68,16.5
CST-RTIW,BKS,34.39,28.5
CST-RTIW,CBR,21.64,22.1
CST-RTIW,MPG,20.53,18.1
CST-RTIW,RWG,35.32,27.3
CST-RTIW,KBG,33.24,31.1
CST-RTIW,BSD,23.85,22.4
CST-RTIW,STB,26.47,25.4
CST-RTIW,MBS,33,30.4
CST-RTIW,DMT,41.04,35.1
CST-RTIW,DMG,41.08,34.9
CST-RTIW,KL_CKG,35.66,31.3
CST-RTIW,KL_KJ,45.2,35.3
CST-RTIW,ASTR-ASTR,20.92,19.3
CST-RTIW,BRW-BRW,19.88,19.1
CST-RTIW,MGL-MGL,31.15,28.7
CST-RTIW,WSI-ANCB,30.94,29.2
CST-RTIW,WSI-BTS,30.94,29.2
CST-RTIW,WSI-PIK,42.49,40.1
CST-RTIW,WSI-BSD,26.41,22.3
CST-RTIW,WSI-ANC,41.26,34.6
CST-RTIW,BKB-BKB,24.1,21.6
CST-RTIW,RFS-HANG,25.31,20.2
CST-RTIW,RFS-WOLT,21.49,20.5
CST-RTIW,MBL-MBL,20.44,18
CST-RTIW,ADS-ADS,25.59,23.3
CST-RTIW,LML-LML,23.62,20.9
CST-RTIW,HYP-HYP,25.7,22.9
CST-RTIW,SDJ-CNRE,10.55,11.7
CST-RTIW,SDJ-SDJE,18.39,17.6
CST-RTIW,SDJ-PSBC,31.48,28.8
CST-RTIW,SDJ-SCBD,22.99,21.4
CST-RTIW,SDJ-BNTR,19.35,18.5
CST-RTIW,SDJ-CJTA,16.73,13.4
CST-RTIW,SDJ-PJTN,18.66,17.8
CST-RTIW,SDJ-CBLH,19.13,18.2
CST-RTIW,SDJ-KTBT,35.58,28.6
CST-RTIW,SDJ-ODSS,22.21,20.3
CST-RTIW,SDJ-SOET,19.13,18.2
CST-RTIW,SDJ-SMB,40.6,36.5
CST-RTIW,SDJ-CBS,17.71,15.4
CST-RTIW,SDJ-PIM,20.82,17.7
CST-RTIW,SDJ-CBN,19.13,18.2
CST-RTIW,SDJ-BLV,15.02,17.4
CST-RTIW,BFL-BFL,8.68,7.8
CST-RTIW,BFL-KBY,20.59,18.4
CST-RTIW,DCGL-BAR,35.37,31.8
CST-RTIW,DCGS-BAR,31.1,27.7
CST-RTIW,DCGL-KITC,35.37,31.8
CST-RTIW,DCGS-KITC,35.37,31.8
CST-RTIW,DCBM-BAR,20.13,17.5
CST-RTIW,DCBM-KITC,20.13,17.5
CST-RTIW,MXW-PGJ,37.93,31.9
CST-RTIW,MXW-KGD,38.99,29.6
CST-RTIW,PPY-MTG,28.48,26.6
CST-RTIW,PPY-CTW,25.64,23.7
CST-RTIW,PPY-PI,20.42,16.7
CST-RTIW,PPY-GDS,32.35,29.9
CST-RTIW,TRF-TRF,17.61,14.7
CST-RTIW,TRF-CNRE,10.59,12.2
CST-RTIW,JOEL-JOEL,22.16,20.8
CST-RTIW,HMD-HMD,19.13,18.2
CST-RTIW,GO_PPL,19.9,16.8
CST-RTIW,GO_TBT,23.92,23.2
CST-RTIW,MDV-KBY,20.44,18.2
CST-RTIW,MDV-KGD,38.66,30.7
CST-RTIW,MDV-PURI,31.78,28.4
CST-RTIW,MDV-PDI,18.36,14.8
CST-RTIW,MDV-BNTR,23.47,20.9
CST-RTIW,MDV-PDHB,43.11,34.9
CST-RTIW,MDV-GRVY,21,17.1
CST-RTIW,SPHS-SPHS,26.58,24
CST-RTIW,DRSR-DRSR,29.38,26.7
CST-RTIW,EXP-EXP,24.36,22.4
CST-RTIW,EXP-AEON,26.76,24.4
CST-RTIW,HHP-HHP,22.48,20.9
CST-RTIW,GDL-BSD,30.05,27.5
CST-RTIW,GDL-PIK,41.69,38.5
CST-RTIW,GDL-MOI,38.54,32
CST-RTIW,GDL-KHI,44.86,35
CST-RTIW,GDL-RDL,22.03,18.2
CST-RTIW,GDL-PRGN,31.94,29.5
CST-RTIW,GDL-CNRE,11.5,12.1
CST-RTIW,GDL-PURI,32.33,28.7
CST-RTIW,GDL-ANC,41.03,35.7
CST-RTIW,GDL-GLC,34.92,32.2
CST-RTIW,GDL-SCBD,22.84,21.3
CST-RTIW,DDF-DDF,24.95,21.9
CST-RTIW,FDMX-VDLM,13.7,14.2
CST-RTIW,JIN-RST,38.98,29.4
CST-RTIW,JIN-CKC,37.92,31.9
CST-RTIW,PDLM-PDLM,25.02,23
CST-RTIW,GOF-GD,52.7,42.7
CST-RTIW,SMI-SMI,25.51,23.3
CST-RTIW,CST-RTIW,0,0
CST-RTIW,GRMK-PSQ,17.25,14.1
CST-RTIW,GRMK-CBN,14.35,13.5
CST-RTIW,GRMK-JUN,39.81,32.9
CST-RTIW,GRMK-KMY,36.04,30.3
CST-RTIW,GRMK-TJD,33.62,27.4
CST-RTIW,GRMK-VTR,20.99,18
CST-RTIW,GRMK-STBD,26.68,25.8
CST-RTIW,GRMK-FTM,16.5,13.9
CST-RTIW,GRMK-MRY,32.54,27.1
CST-RTIW,GRMK-DWS,2.07,2.7
CST-RTIW,GRMK-CBR,15.97,16.8
CST-RTIW,GRMK-EMP,37.61,29.8
CST-RTIW,GRMK-CMP,34.7,26.9
CST-RTIW,GRMK-LRT,40.26,31.8
CST-RTIW,GRMK-BSD,27.64,24.4
CST-RTIW,GRMK-GRH,30.21,25.8
CST-RTIW,GRMK-CPNG,30.16,23.4
CST-RTIW,GRMK-PLM,28.47,23.5
CST-RTIW,GRMK-DTA,18.93,18.1
CST-RTIW,GRMK-SOQ,18.19,15.2
CST-RTIW,GRMK-XML,34.76,27.8
CST-RTIW,GRMK-DMT,35.2,30.8
CST-RTIW,BRIK-STR,37.26,27.5
CST-RTIW,BRIK-ALS,31.51,28.2
CST-RTIW,BRIK-GDB,159.63,121.7
CST-RTIW,BRIK-CKR,52.61,44.2
CST-RTIW,BRIK-NRG,33.98,28.4
CST-RTIW,BRIK-LGK,37.17,33.2
CST-RTIW,BRIK-BLR,64.13,52.4
CST-RTIW,BRIK-STL,26.86,24.1
CST-RTIW,BRIK-KRW,72.58,57
CST-RTIW,BRIK-MTL,34.66,31.7
CST-RTIW,YMY-BTB,35.49,31.8
CST-RTIW,GLLR-GLLR,26.33,25.5
CST-RTIW,CSRR-CSRR,38.76,30.9
CST-RTIW,MTSJ-MTSJ,25.56,23.7
CST-RTIW,CST-GLN,21.13,17.6
CST-RTIW,MBG-MBG,16.39,16.6
CST-RTIW,CST-MBG,42.45,36.1
CST-RTIW,GDK-KGD,39.62,30.4
CST-RTIW,GDK-SCBD,23.33,22.1
CST-RTIW,CST-AYM,8.97,10.3
CST-RTIW,WTC-WTC,31.73,25.8
CST-RTIW,FYN-FYN,23.35,18.8
CST-RTIW,CST-FDC,27.28,24.7
CST-RTIW,MDS-MDS,24.13,22.8
CST-RTIW,MDS-SCBD,22.09,20
CST-RTIW,HKN-HKN,32.99,27.7
GRMK-PSQ,GDS,27.09,26.7
GRMK-PSQ,CRD,2.87,3.1
GRMK-PSQ,KJT,13.81,10.5
GRMK-PSQ,BKS,26.52,22.3
GRMK-PSQ,CBR,22.89,21.6
GRMK-PSQ,MPG,9.36,8.4
GRMK-PSQ,RWG,27.45,21.3
GRMK-PSQ,KBG,16.09,17.3
GRMK-PSQ,BSD,18.55,17.6
GRMK-PSQ,STB,16.54,14.1
GRMK-PSQ,MBS,20.11,16.9
GRMK-PSQ,DMT,23.88,21.3
GRMK-PSQ,DMG,23.92,21.1
GRMK-PSQ,KL_CKG,18.5,17.6
GRMK-PSQ,KL_KJ,37.33,29.3
GRMK-PSQ,ASTR-ASTR,40.13,30.7
GRMK-PSQ,BRW-BRW,11.65,11
GRMK-PSQ,MGL-MGL,18.25,15.2
GRMK-PSQ,WSI-ANCB,18.05,15.6
GRMK-PSQ,WSI-BTS,18.05,15.6
GRMK-PSQ,WSI-PIK,25.33,26.3
GRMK-PSQ,WSI-BSD,23.07,19.2
GRMK-PSQ,WSI-ANC,24.1,20.8
GRMK-PSQ,BKB-BKB,10.56,11.9
GRMK-PSQ,RFS-HANG,8.16,6.4
GRMK-PSQ,RFS-WOLT,9.05,10.5
GRMK-PSQ,MBL-MBL,9.36,8.5
GRMK-PSQ,ADS-ADS,12.2,10.8
GRMK-PSQ,LML-LML,10.07,11.2
GRMK-PSQ,HYP-HYP,14.53,13.2
GRMK-PSQ,SDJ-CNRE,11.72,13.5
GRMK-PSQ,SDJ-SDJE,7.22,7.9
GRMK-PSQ,SDJ-PSBC,18.59,15.3
GRMK-PSQ,SDJ-SCBD,12.24,10.8
GRMK-PSQ,SDJ-BNTR,8.74,9.1
GRMK-PSQ,SDJ-CJTA,12.46,10.9
GRMK-PSQ,SDJ-PJTN,7.49,8.1
GRMK-PSQ,SDJ-CBLH,8.53,8.7
GRMK-PSQ,SDJ-KTBT,27.71,22.3
GRMK-PSQ,SDJ-ODSS,9.27,9.7
GRMK-PSQ,SDJ-SOET,8.53,8.7
GRMK-PSQ,SDJ-SMB,32.73,30.3
GRMK-PSQ,SDJ-CBS,4.65,4.6
GRMK-PSQ,SDJ-PIM,3.66,3.9
GRMK-PSQ,SDJ-CBN,8.53,8.7
GRMK-PSQ,SDJ-BLV,4.08,4.6
GRMK-PSQ,BFL-BFL,20.61,18.8
GRMK-PSQ,BFL-KBY,8.14,8.4
GRMK-PSQ,DCGL-BAR,18.21,18.1
GRMK-PSQ,DCGS-BAR,25.45,24.6
GRMK-PSQ,DCGL-KITC,18.21,18.1
GRMK-PSQ,DCGS-KITC,18.21,18.1
GRMK-PSQ,DCBM-BAR,7.18,7
GRMK-PSQ,DCBM-KITC,7.18,7
GRMK-PSQ,MXW-PGJ,21.51,18.6
GRMK-PSQ,MXW-KGD,31.13,23.5
GRMK-PSQ,PPY-MTG,15.09,14.1
GRMK-PSQ,PPY-CTW,12.25,11.2
GRMK-PSQ,PPY-PI,3.27,2.9
GRMK-PSQ,PPY-GDS,27.33,26.7
GRMK-PSQ,TRF-TRF,1.01,2.5
GRMK-PSQ,TRF-CNRE,8.39,10.2
GRMK-PSQ,JOEL-JOEL,10.02,11.1
GRMK-PSQ,HMD-HMD,8.53,8.7
GRMK-PSQ,GO_PPL,6.74,5.9
GRMK-PSQ,GO_TBT,15.9,15.5
GRMK-PSQ,MDV-KBY,8,8.2
GRMK-PSQ,MDV-KGD,30.79,24.7
GRMK-PSQ,MDV-PURI,14.63,14.6
GRMK-PSQ,MDV-PDI,1.21,1
GRMK-PSQ,MDV-BNTR,6.31,7.1
GRMK-PSQ,MDV-PDHB,26.05,24.5
GRMK-PSQ,MDV-GRVY,3.84,3.3
GRMK-PSQ,SPHS-SPHS,12.41,10.3
GRMK-PSQ,DRSR-DRSR,16.19,15.1
GRMK-PSQ,EXP-EXP,10.98,9.9
GRMK-PSQ,EXP-AEON,23.42,21.4
GRMK-PSQ,HHP-HHP,9.54,10.4
GRMK-PSQ,GDL-BSD,24.43,24.3
GRMK-PSQ,GDL-PIK,24.53,24.7
GRMK-PSQ,GDL-MOI,30.67,26
GRMK-PSQ,GDL-KHI,36.99,29
GRMK-PSQ,GDL-RDL,4.87,4.4
GRMK-PSQ,GDL-PRGN,19.05,15.9
GRMK-PSQ,GDL-CNRE,6.48,7.4
GRMK-PSQ,GDL-PURI,15.18,14.9
GRMK-PSQ,GDL-ANC,26.81,22.2
GRMK-PSQ,GDL-GLC,17.77,18.4
GRMK-PSQ,GDL-SCBD,12.23,10.7
GRMK-PSQ,DDF-DDF,10.86,11.5
GRMK-PSQ,FDMX-VDLM,3.99,4.4
GRMK-PSQ,JIN-RST,31.11,23.3
GRMK-PSQ,JIN-CKC,21.5,18.6
GRMK-PSQ,PDLM-PDLM,12.66,11.1
GRMK-PSQ,GOF-GD,35.54,28.9
GRMK-PSQ,SMI-SMI,12.12,10.8
GRMK-PSQ,CST-RTIW,18.03,16
GRMK-PSQ,GRMK-PSQ,0,0
GRMK-PSQ,GRMK-CBN,33.56,24.9
GRMK-PSQ,GRMK-JUN,31.94,26.7
GRMK-PSQ,GRMK-KMY,19.69,16.7
GRMK-PSQ,GRMK-TJD,16.47,13.6
GRMK-PSQ,GRMK-VTR,3.83,4.2
GRMK-PSQ,GRMK-STBD,15.94,14.1
GRMK-PSQ,GRMK-FTM,3.34,3
GRMK-PSQ,GRMK-MRY,15.38,13.3
GRMK-PSQ,GRMK-DWS,19.99,18.1
GRMK-PSQ,GRMK-CBR,21.64,19.5
GRMK-PSQ,GRMK-EMP,20.45,16
GRMK-PSQ,GRMK-CMP,26.83,20.9
GRMK-PSQ,GRMK-LRT,32.39,25.8
GRMK-PSQ,GRMK-BSD,21.43,20.2
GRMK-PSQ,GRMK-GRH,17.11,16.6
GRMK-PSQ,GRMK-CPNG,22.29,17.4
GRMK-PSQ,GRMK-PLM,11.32,9.7
GRMK-PSQ,GRMK-DTA,11.06,10.5
GRMK-PSQ,GRMK-SOQ,1.26,1.5
GRMK-PSQ,GRMK-XML,26.89,21.8
GRMK-PSQ,GRMK-DMT,18.05,17
GRMK-PSQ,BRIK-STR,29.39,21.5
GRMK-PSQ,BRIK-ALS,25.99,23.1
GRMK-PSQ,BRIK-GDB,175.15,131
GRMK-PSQ,BRIK-CKR,53.01,45.4
GRMK-PSQ,BRIK-NRG,26.11,22.1
GRMK-PSQ,BRIK-LGK,32.8,28.6
GRMK-PSQ,BRIK-BLR,53.07,40.9
GRMK-PSQ,BRIK-STL,42.22,35.1
GRMK-PSQ,BRIK-KRW,74.17,58.5
GRMK-PSQ,BRIK-MTL,17.5,17.9
GRMK-PSQ,YMY-BTB,18.33,18
GRMK-PSQ,GLLR-GLLR,22.99,22.4
GRMK-PSQ,CSRR-CSRR,21.6,17.1
GRMK-PSQ,MTSJ-MTSJ,12.17,11.2
GRMK-PSQ,CST-GLN,3.98,3.8
GRMK-PSQ,MBG-MBG,8.46,8.7
GRMK-PSQ,CST-MBG,34.91,29.9
GRMK-PSQ,GDK-KGD,31.75,24.4
GRMK-PSQ,GDK-SCBD,11.9,10.3
GRMK-PSQ,CST-AYM,12.21,13.4
GRMK-PSQ,WTC-WTC,18.67,16.3
GRMK-PSQ,FYN-FYN,6.2,5
GRMK-PSQ,CST-FDC,10.13,10.9
GRMK-PSQ,MDS-MDS,9.69,9.1
GRMK-PSQ,MDS-SCBD,9.15,9.4
GRMK-PSQ,HKN-HKN,25.12,21.4
GRMK-CBN,GDS,45.08,37.7
GRMK-CBN,CRD,30.29,24.5
GRMK-CBN,KJT,22.08,15.9
GRMK-CBN,BKS,34.8,27.9
GRMK-CBN,CBR,22.05,21.5
GRMK-CBN,MPG,27.83,22.9
GRMK-CBN,RWG,35.72,26.7
GRMK-CBN,KBG,48.75,38.2
GRMK-CBN,BSD,37.34,30.4
GRMK-CBN,STB,35.18,27
GRMK-CBN,MBS,39.77,32.9
GRMK-CBN,DMT,55.21,40.1
GRMK-CBN,DMG,55.25,40
GRMK-CBN,KL_CKG,49.83,36.4
GRMK-CBN,KL_KJ,45.6,34.7
GRMK-CBN,ASTR-ASTR,6.64,6.3
GRMK-CBN,BRW-BRW,27.39,21
GRMK-CBN,MGL-MGL,37.96,31
GRMK-CBN,WSI-ANCB,38.1,31.4
GRMK-CBN,WSI-BTS,38.1,31.4
GRMK-CBN,WSI-PIK,56.03,44.1
GRMK-CBN,WSI-BSD,39,29.8
GRMK-CBN,WSI-ANC,42.2,36.3
GRMK-CBN,BKB-BKB,36.7,29
GRMK-CBN,RFS-HANG,36.32,27.3
GRMK-CBN,RFS-WOLT,33.89,26.5
GRMK-CBN,MBL-MBL,35.54,27.6
GRMK-CBN,ADS-ADS,36.29,27.3
GRMK-CBN,LML-LML,36.21,28.4
GRMK-CBN,HYP-HYP,34.15,25.4
GRMK-CBN,SDJ-CNRE,24.5,21.2
GRMK-CBN,SDJ-SDJE,26.82,23.1
GRMK-CBN,SDJ-PSBC,36.96,30
GRMK-CBN,SDJ-SCBD,34.06,24.7
GRMK-CBN,SDJ-BNTR,31.94,26
GRMK-CBN,SDJ-CJTA,17.13,12.8
GRMK-CBN,SDJ-PJTN,27.5,24
GRMK-CBN,SDJ-CBLH,31.73,25.6
GRMK-CBN,SDJ-KTBT,35.99,28
GRMK-CBN,SDJ-ODSS,34.56,25.4
GRMK-CBN,SDJ-SOET,31.73,25.6
GRMK-CBN,SDJ-SMB,41,35.9
GRMK-CBN,SDJ-CBS,26.71,22.4
GRMK-CBN,SDJ-PIM,32.18,26
GRMK-CBN,SDJ-CBN,31.73,25.6
GRMK-CBN,SDJ-BLV,28.38,25.4
GRMK-CBN,BFL-BFL,13.11,10.1
GRMK-CBN,BFL-KBY,33.55,25.5
GRMK-CBN,DCGL-BAR,52.3,39.2
GRMK-CBN,DCGS-BAR,43.69,35.2
GRMK-CBN,DCGL-KITC,52.3,39.2
GRMK-CBN,DCGS-KITC,52.3,39.2
GRMK-CBN,DCBM-BAR,32.77,26.8
GRMK-CBN,DCBM-KITC,32.77,26.8
GRMK-CBN,MXW-PGJ,38.33,31.3
GRMK-CBN,MXW-KGD,39.4,28.9
GRMK-CBN,PPY-MTG,37.81,29.5
GRMK-CBN,PPY-CTW,36.34,27.6
GRMK-CBN,PPY-PI,31.79,25
GRMK-CBN,PPY-GDS,44.94,37.4
GRMK-CBN,TRF-TRF,28.97,23.1
GRMK-CBN,TRF-CNRE,23.96,20.2
GRMK-CBN,JOEL-JOEL,33.79,26.5
GRMK-CBN,HMD-HMD,31.73,25.6
GRMK-CBN,GO_PPL,31.26,25.2
GRMK-CBN,GO_TBT,31.37,24.5
GRMK-CBN,MDV-KBY,33.69,25.7
GRMK-CBN,MDV-KGD,39.06,30.1
GRMK-CBN,MDV-PURI,47.29,35.5
GRMK-CBN,MDV-PDI,29.73,23.2
GRMK-CBN,MDV-BNTR,34.83,29.2
GRMK-CBN,MDV-PDHB,43.51,34.3
GRMK-CBN,MDV-GRVY,32.36,25.5
GRMK-CBN,SPHS-SPHS,37.09,27.3
GRMK-CBN,DRSR-DRSR,37.83,29.2
GRMK-CBN,EXP-EXP,35.07,26.3
GRMK-CBN,EXP-AEON,39.35,31.9
GRMK-CBN,HHP-HHP,34.83,26.1
GRMK-CBN,GDL-BSD,42.65,35
GRMK-CBN,GDL-PIK,55.22,42.5
GRMK-CBN,GDL-MOI,38.94,31.4
GRMK-CBN,GDL-KHI,45.26,34.4
GRMK-CBN,GDL-RDL,33.39,26.5
GRMK-CBN,GDL-PRGN,39.96,33
GRMK-CBN,GDL-CNRE,24.94,20.6
GRMK-CBN,GDL-PURI,47.84,35.8
GRMK-CBN,GDL-ANC,41.43,35.1
GRMK-CBN,GDL-GLC,51.85,39.5
GRMK-CBN,GDL-SCBD,35.08,26
GRMK-CBN,DDF-DDF,37.54,29.4
GRMK-CBN,FDMX-VDLM,27.14,22.8
GRMK-CBN,JIN-RST,39.38,28.7
GRMK-CBN,JIN-CKC,38.33,31.3
GRMK-CBN,PDLM-PDLM,33.47,25.5
GRMK-CBN,GOF-GD,60.56,46.3
GRMK-CBN,SMI-SMI,36.21,27.2
GRMK-CBN,CST-RTIW,18.73,14.9
GRMK-CBN,GRMK-PSQ,28.61,22.5
GRMK-CBN,GRMK-CBN,0,0
GRMK-CBN,GRMK-JUN,40.21,32.3
GRMK-CBN,GRMK-KMY,36.44,29.6
GRMK-CBN,GRMK-TJD,41.49,31.2
GRMK-CBN,GRMK-VTR,32.35,26.3
GRMK-CBN,GRMK-STBD,35.4,27.4
GRMK-CBN,GRMK-FTM,27.86,22.2
GRMK-CBN,GRMK-MRY,45.47,34.1
GRMK-CBN,GRMK-DWS,18.02,15
GRMK-CBN,GRMK-CBR,16.37,16.2
GRMK-CBN,GRMK-EMP,45.48,33.5
GRMK-CBN,GRMK-CMP,35.1,26.2
GRMK-CBN,GRMK-LRT,40.66,31.2
GRMK-CBN,GRMK-BSD,40.23,31.9
GRMK-CBN,GRMK-GRH,42.8,33.3
GRMK-CBN,GRMK-CPNG,30.56,22.8
GRMK-CBN,GRMK-PLM,37.92,28.3
GRMK-CBN,GRMK-DTA,27.72,21.1
GRMK-CBN,GRMK-SOQ,29.55,23.6
GRMK-CBN,GRMK-XML,35.16,27.2
GRMK-CBN,GRMK-DMT,49.38,35.9
GRMK-CBN,BRIK-STR,37.66,26.9
GRMK-CBN,BRIK-ALS,44.1,35.7
GRMK-CBN,BRIK-GDB,145.35,108.7
GRMK-CBN,BRIK-CKR,53.01,43.5
GRMK-CBN,BRIK-NRG,34.38,27.7
GRMK-CBN,BRIK-LGK,49.76,40.7
GRMK-CBN,BRIK-BLR,76.73,59.9
GRMK-CBN,BRIK-STL,12.58,11
GRMK-CBN,BRIK-KRW,72.98,56.3
GRMK-CBN,BRIK-MTL,51.59,39
GRMK-CBN,YMY-BTB,49.66,36.9
GRMK-CBN,GLLR-GLLR,38.92,33
GRMK-CBN,CSRR-CSRR,46.63,34.6
GRMK-CBN,MTSJ-MTSJ,36.26,27.7
GRMK-CBN,CST-GLN,32.49,26
GRMK-CBN,MBG-MBG,24.74,21.8
GRMK-CBN,CST-MBG,42.85,35.4
GRMK-CBN,GDK-KGD,40.03,29.8
GRMK-CBN,GDK-SCBD,34.74,25.6
GRMK-CBN,CST-AYM,20.61,17
GRMK-CBN,WTC-WTC,32.13,25.2
GRMK-CBN,FYN-FYN,34.72,27.2
GRMK-CBN,CST-FDC,36.32,29.2
GRMK-CBN,MDS-MDS,37.31,28.6
GRMK-CBN,MDS-SCBD,34.7,25.7
GRMK-CBN,HKN-HKN,33.4,27
GRMK-JUN,GDS,55.84,44.9
GRMK-JUN,CRD,32.92,29.2
GRMK-JUN,KJT,21.69,18.2
GRMK-JUN,BKS,5.4,4.4
GRMK-JUN,CBR,17.03,18
GRMK-JUN,MPG,25.79,21.5
GRMK-JUN,RWG,19.41,18.1
GRMK-JUN,KBG,40.77,34.2
GRMK-JUN,BSD,49.7,44.5
GRMK-JUN,STB,27.21,23
GRMK-JUN,MBS,29.37,26.6
GRMK-JUN,DMT,47.24,36.1
GRMK-JUN,DMG,47.28,35.9
GRMK-JUN,KL_CKG,41.86,32.4
GRMK-JUN,KL_KJ,23.49,20.6
GRMK-JUN,ASTR-ASTR,47.12,39.6
GRMK-JUN,BRW-BRW,23.78,19.9
GRMK-JUN,MGL-MGL,28.65,25.1
GRMK-JUN,WSI-ANCB,28.79,25.5
GRMK-JUN,WSI-BTS,28.79,25.5
GRMK-JUN,WSI-PIK,48.03,40
GRMK-JUN,WSI-BSD,54.92,44.3
GRMK-JUN,WSI-ANC,35.41,29.1
GRMK-JUN,BKB-BKB,41.7,39.1
GRMK-JUN,RFS-HANG,28.35,23.2
GRMK-JUN,RFS-WOLT,25.92,22.5
GRMK-JUN,MBL-MBL,27.56,23.5
GRMK-JUN,ADS-ADS,28.32,23.2
GRMK-JUN,LML-LML,41.21,38.4
GRMK-JUN,HYP-HYP,26.18,21.4
GRMK-JUN,SDJ-CNRE,36.1,34.7
GRMK-JUN,SDJ-SDJE,27.77,25.5
GRMK-JUN,SDJ-PSBC,27.54,24.4
GRMK-JUN,SDJ-SCBD,26.09,20.7
GRMK-JUN,SDJ-BNTR,39.89,36
GRMK-JUN,SDJ-CJTA,23.15,21
GRMK-JUN,SDJ-PJTN,27.59,25
GRMK-JUN,SDJ-CBLH,39.67,35.6
GRMK-JUN,SDJ-KTBT,10.15,10.6
GRMK-JUN,SDJ-ODSS,26.59,21.4
GRMK-JUN,SDJ-SOET,39.67,35.6
GRMK-JUN,SDJ-SMB,5.26,7.4
GRMK-JUN,SDJ-CBS,29.34,27.1
GRMK-JUN,SDJ-PIM,31.89,27.8
GRMK-JUN,SDJ-CBN,39.67,35.6
GRMK-JUN,SDJ-BLV,34.1,31.4
GRMK-JUN,BFL-BFL,35.05,30.4
GRMK-JUN,BFL-KBY,25.58,21.4
GRMK-JUN,DCGL-BAR,44.33,35.1
GRMK-JUN,DCGS-BAR,57.01,45.5
GRMK-JUN,DCGL-KITC,44.33,35.1
GRMK-JUN,DCGS-KITC,44.33,35.1
GRMK-JUN,DCBM-BAR,27.01,22.8
GRMK-JUN,DCBM-KITC,27.01,22.8
GRMK-JUN,MXW-PGJ,27.93,25.1
GRMK-JUN,MXW-KGD,21.7,20.3
GRMK-JUN,PPY-MTG,29.83,25.5
GRMK-JUN,PPY-CTW,28.37,23.6
GRMK-JUN,PPY-PI,32.36,27.4
GRMK-JUN,PPY-GDS,56.07,44.8
GRMK-JUN,TRF-TRF,31.6,27.8
GRMK-JUN,TRF-CNRE,37.23,35.7
GRMK-JUN,JOEL-JOEL,25.81,22.5
GRMK-JUN,HMD-HMD,39.67,35.6
GRMK-JUN,GO_PPL,28.27,24
GRMK-JUN,GO_TBT,22.21,19.7
GRMK-JUN,MDV-KBY,25.72,21.7
GRMK-JUN,MDV-KGD,20.97,17.8
GRMK-JUN,MDV-PURI,39.32,31.4
GRMK-JUN,MDV-PDI,32.36,27.9
GRMK-JUN,MDV-BNTR,37.46,34
GRMK-JUN,MDV-PDHB,31.34,25.7
GRMK-JUN,MDV-GRVY,30.08,26.4
GRMK-JUN,SPHS-SPHS,29.12,23.3
GRMK-JUN,DRSR-DRSR,29.85,25.2
GRMK-JUN,EXP-EXP,27.09,22.3
GRMK-JUN,EXP-AEON,51.81,48.2
GRMK-JUN,HHP-HHP,26.85,22.1
GRMK-JUN,GDL-BSD,59.07,48.6
GRMK-JUN,GDL-PIK,47.22,38.4
GRMK-JUN,GDL-MOI,21.89,21.7
GRMK-JUN,GDL-KHI,10.53,10.3
GRMK-JUN,GDL-RDL,28.84,24.8
GRMK-JUN,GDL-PRGN,29.85,27.4
GRMK-JUN,GDL-CNRE,35.32,32.9
GRMK-JUN,GDL-PURI,39.87,31.8
GRMK-JUN,GDL-ANC,31.03,29
GRMK-JUN,GDL-GLC,43.88,35.5
GRMK-JUN,GDL-SCBD,27.11,21.9
GRMK-JUN,DDF-DDF,42,38.4
GRMK-JUN,FDMX-VDLM,33.1,30.4
GRMK-JUN,JIN-RST,21.68,20.1
GRMK-JUN,JIN-CKC,27.92,25.1
GRMK-JUN,PDLM-PDLM,25.5,21.5
GRMK-JUN,GOF-GD,52.57,42.2
GRMK-JUN,SMI-SMI,28.24,23.2
GRMK-JUN,CST-RTIW,37.98,34
GRMK-JUN,GRMK-PSQ,31.24,27.2
GRMK-JUN,GRMK-CBN,40.55,33.8
GRMK-JUN,GRMK-JUN,0,0
GRMK-JUN,GRMK-KMY,26.59,23
GRMK-JUN,GRMK-TJD,33.52,27.1
GRMK-JUN,GRMK-VTR,34.98,31.1
GRMK-JUN,GRMK-STBD,27.42,23.4
GRMK-JUN,GRMK-FTM,30.49,27
GRMK-JUN,GRMK-MRY,37.5,30
GRMK-JUN,GRMK-DWS,37.28,34.1
GRMK-JUN,GRMK-CBR,27.24,24.8
GRMK-JUN,GRMK-EMP,37.51,29.5
GRMK-JUN,GRMK-CMP,22.61,19.4
GRMK-JUN,GRMK-LRT,20.62,19.6
GRMK-JUN,GRMK-BSD,53.13,42.3
GRMK-JUN,GRMK-GRH,44.1,39.2
GRMK-JUN,GRMK-CPNG,17.88,18
GRMK-JUN,GRMK-PLM,29.94,24.2
GRMK-JUN,GRMK-DTA,23.63,19.5
GRMK-JUN,GRMK-SOQ,32.18,28.3
GRMK-JUN,GRMK-XML,12.58,10.6
GRMK-JUN,GRMK-DMT,41.4,31.8
GRMK-JUN,BRIK-STR,23.19,18.6
GRMK-JUN,BRIK-ALS,52.11,40.2
GRMK-JUN,BRIK-GDB,151.49,112.2
GRMK-JUN,BRIK-CKR,22.34,19.6
GRMK-JUN,BRIK-NRG,6.66,5.7
GRMK-JUN,BRIK-LGK,58.91,45.7
GRMK-JUN,BRIK-BLR,79.18,58
GRMK-JUN,BRIK-STL,47.82,40.4
GRMK-JUN,BRIK-KRW,44.21,36.3
GRMK-JUN,BRIK-MTL,43.62,35
GRMK-JUN,YMY-BTB,41.69,32.9
GRMK-JUN,GLLR-GLLR,51.39,49.3
GRMK-JUN,CSRR-CSRR,38.11,30.2
GRMK-JUN,MTSJ-MTSJ,28.29,23.6
GRMK-JUN,CST-GLN,30,26.7
GRMK-JUN,MBG-MBG,28.09,24.5
GRMK-JUN,CST-MBG,8.49,9.9
GRMK-JUN,GDK-KGD,21.2,20.1
GRMK-JUN,GDK-SCBD,26.77,21.5
GRMK-JUN,CST-AYM,31.8,28.8
GRMK-JUN,WTC-WTC,23.25,21.1
GRMK-JUN,FYN-FYN,28.23,24.1
GRMK-JUN,CST-FDC,28.35,25.2
GRMK-JUN,MDS-MDS,29.34,24.6
GRMK-JUN,MDS-SCBD,26.73,21.6
GRMK-JUN,HKN-HKN,7.43,6.9
GRMK-KMY,GDS,31.66,28.3
GRMK-KMY,CRD,22.92,20.5
GRMK-KMY,KJT,16.66,15.6
GRMK-KMY,BKS,27.37,23.8
GRMK-KMY,CBR,29.34,29.5
GRMK-KMY,MPG,13.65,14.3
GRMK-KMY,RWG,11.44,12.2
GRMK-KMY,KBG,16.6,17.6
GRMK-KMY,BSD,38.61,35
GRMK-KMY,STB,8.75,10
GRMK-KMY,MBS,4.99,5.9
GRMK-KMY,DMT,22.01,19
GRMK-KMY,DMG,22.05,18.8
GRMK-KMY,KL_CKG,16.63,15.3
GRMK-KMY,KL_KJ,15.82,15.8
GRMK-KMY,ASTR-ASTR,45.06,41.8
GRMK-KMY,BRW-BRW,13.33,15.3
GRMK-KMY,MGL-MGL,3.17,4
GRMK-KMY,WSI-ANCB,3.31,4.4
GRMK-KMY,WSI-BTS,3.31,4.4
GRMK-KMY,WSI-PIK,22.33,22.6
GRMK-KMY,WSI-BSD,30.74,27.7
GRMK-KMY,WSI-ANC,7.42,9.3
GRMK-KMY,BKB-BKB,28.75,27.8
GRMK-KMY,RFS-HANG,11.99,12.8
GRMK-KMY,RFS-WOLT,12.37,14.5
GRMK-KMY,MBL-MBL,14.81,15.4
GRMK-KMY,ADS-ADS,9.13,10.6
GRMK-KMY,LML-LML,28.26,27.2
GRMK-KMY,HYP-HYP,8.71,9.4
GRMK-KMY,SDJ-CNRE,26.72,28.9
GRMK-KMY,SDJ-SDJE,15.64,18.2
GRMK-KMY,SDJ-PSBC,2.6,3.1
GRMK-KMY,SDJ-SCBD,10.76,11.6
GRMK-KMY,SDJ-BNTR,28.8,26.5
GRMK-KMY,SDJ-CJTA,21.75,22
GRMK-KMY,SDJ-PJTN,15.46,17.8
GRMK-KMY,SDJ-CBLH,28.58,26.1
GRMK-KMY,SDJ-KTBT,21.41,20.7
GRMK-KMY,SDJ-ODSS,11.01,12
GRMK-KMY,SDJ-SOET,28.58,26.1
GRMK-KMY,SDJ-SMB,24.08,23
GRMK-KMY,SDJ-CBS,19.83,21
GRMK-KMY,SDJ-PIM,17.83,16.8
GRMK-KMY,SDJ-CBN,28.58,26.1
GRMK-KMY,SDJ-BLV,24.14,22
GRMK-KMY,BFL-BFL,30,30
GRMK-KMY,BFL-KBY,12.89,14
GRMK-KMY,DCGL-BAR,20.15,18.6
GRMK-KMY,DCGS-BAR,32.83,29
GRMK-KMY,DCGL-KITC,20.15,18.6
GRMK-KMY,DCGS-KITC,20.15,18.6
GRMK-KMY,DCBM-BAR,13.33,13.9
GRMK-KMY,DCBM-KITC,13.33,13.9
GRMK-KMY,MXW-PGJ,3.54,4.3
GRMK-KMY,MXW-KGD,10.42,10.9
GRMK-KMY,PPY-MTG,5.86,7
GRMK-KMY,PPY-CTW,8.57,10.3
GRMK-KMY,PPY-PI,18.3,16.5
GRMK-KMY,PPY-GDS,31.89,28.3
GRMK-KMY,TRF-TRF,24.39,21.4
GRMK-KMY,TRF-CNRE,28.45,27.6
GRMK-KMY,JOEL-JOEL,12.1,14
GRMK-KMY,HMD-HMD,28.58,26.1
GRMK-KMY,GO_PPL,14.16,14.7
GRMK-KMY,GO_TBT,10.23,12.3
GRMK-KMY,MDV-KBY,13.04,14.3
GRMK-KMY,MDV-KGD,10.11,12
GRMK-KMY,MDV-PURI,15.14,14.9
GRMK-KMY,MDV-PDI,19.75,17.1
GRMK-KMY,MDV-BNTR,24.5,23.1
GRMK-KMY,MDV-PDHB,8.08,10.2
GRMK-KMY,MDV-GRVY,17.91,16.3
GRMK-KMY,SPHS-SPHS,9.57,10
GRMK-KMY,DRSR-DRSR,5.84,7
GRMK-KMY,EXP-EXP,12.08,12.4
GRMK-KMY,EXP-AEON,34.56,32.9
GRMK-KMY,HHP-HHP,11.27,12.6
GRMK-KMY,GDL-BSD,34.89,32
GRMK-KMY,GDL-PIK,21.52,21
GRMK-KMY,GDL-MOI,9.97,13.4
GRMK-KMY,GDL-KHI,18.45,16.7
GRMK-KMY,GDL-RDL,14.73,15.6
GRMK-KMY,GDL-PRGN,5.54,6.6
GRMK-KMY,GDL-CNRE,26.54,24.8
GRMK-KMY,GDL-PURI,15.69,15.2
GRMK-KMY,GDL-ANC,6.65,8.1
GRMK-KMY,GDL-GLC,19.7,18.9
GRMK-KMY,GDL-SCBD,10.75,11.5
GRMK-KMY,DDF-DDF,29.05,27.5
GRMK-KMY,FDMX-VDLM,24.05,21.8
GRMK-KMY,JIN-RST,10.41,10.7
GRMK-KMY,JIN-CKC,3.54,4.3
GRMK-KMY,PDLM-PDLM,11.37,12.5
GRMK-KMY,GOF-GD,26.86,24.7
GRMK-KMY,SMI-SMI,8.8,10.5
GRMK-KMY,CST-RTIW,33.02,31.4
GRMK-KMY,GRMK-PSQ,24.03,20.8
GRMK-KMY,GRMK-CBN,38.49,36
GRMK-KMY,GRMK-JUN,26.59,22.7
GRMK-KMY,GRMK-KMY,0,0
GRMK-KMY,GRMK-TJD,9.25,10.6
GRMK-KMY,GRMK-VTR,22.02,20.1
GRMK-KMY,GRMK-STBD,8.34,9.3
GRMK-KMY,GRMK-FTM,18.91,20.1
GRMK-KMY,GRMK-MRY,13.32,13.5
GRMK-KMY,GRMK-DWS,31.07,32
GRMK-KMY,GRMK-CBR,27.75,26.7
GRMK-KMY,GRMK-EMP,10.17,11.4
GRMK-KMY,GRMK-CMP,8.6,10.3
GRMK-KMY,GRMK-LRT,11.71,13.1
GRMK-KMY,GRMK-BSD,28.95,25.8
GRMK-KMY,GRMK-GRH,24.96,23.9
GRMK-KMY,GRMK-CPNG,9.37,10.3
GRMK-KMY,GRMK-PLM,11.19,11.9
GRMK-KMY,GRMK-DTA,13.18,14.9
GRMK-KMY,GRMK-SOQ,21.14,18.9
GRMK-KMY,GRMK-XML,18.71,18.8
GRMK-KMY,GRMK-DMT,16.17,14.7
GRMK-KMY,BRIK-STR,8.68,8.9
GRMK-KMY,BRIK-ALS,27.93,23.7
GRMK-KMY,BRIK-GDB,177.87,134.1
GRMK-KMY,BRIK-CKR,48.21,41.6
GRMK-KMY,BRIK-NRG,29.82,25.9
GRMK-KMY,BRIK-LGK,34.73,29.1
GRMK-KMY,BRIK-BLR,55,41.4
GRMK-KMY,BRIK-STL,48.34,42.3
GRMK-KMY,BRIK-KRW,70.59,58.2
GRMK-KMY,BRIK-MTL,19.44,18.4
GRMK-KMY,YMY-BTB,16.45,15.8
GRMK-KMY,GLLR-GLLR,35.72,34.9
GRMK-KMY,CSRR-CSRR,10.11,10.5
GRMK-KMY,MTSJ-MTSJ,8.64,10
GRMK-KMY,CST-GLN,18.04,16.8
GRMK-KMY,MBG-MBG,17.64,19.9
GRMK-KMY,CST-MBG,20.25,19.1
GRMK-KMY,GDK-KGD,11.05,11.8
GRMK-KMY,GDK-SCBD,10.41,11.1
GRMK-KMY,CST-AYM,25.59,26.7
GRMK-KMY,WTC-WTC,5.87,6.9
GRMK-KMY,FYN-FYN,14.12,14.9
GRMK-KMY,CST-FDC,12.17,14.3
GRMK-KMY,MDS-MDS,13.16,13.6
GRMK-KMY,MDS-SCBD,11.15,12.2
GRMK-KMY,HKN-HKN,25.77,26.2
GRMK-TJD,GDS,28.13,24.1
GRMK-TJD,CRD,19.41,16.2
GRMK-TJD,KJT,20.34,15.4
GRMK-TJD,BKS,32.56,25.8
GRMK-TJD,CBR,33.02,29.3
GRMK-TJD,MPG,13.36,11.6
GRMK-TJD,RWG,17.59,17.7
GRMK-TJD,KBG,7.65,9.3
GRMK-TJD,BSD,35.1,30.7
GRMK-TJD,STB,11.21,10.8
GRMK-TJD,MBS,7.81,8
GRMK-TJD,DMT,16.02,12.4
GRMK-TJD,DMG,16.06,12.2
GRMK-TJD,KL_CKG,10.64,8.6
GRMK-TJD,KL_KJ,22.57,20
GRMK-TJD,ASTR-ASTR,47.82,39.4
GRMK-TJD,BRW-BRW,14.98,12.5
GRMK-TJD,MGL-MGL,7.31,7.4
GRMK-TJD,WSI-ANCB,7.1,7.9
GRMK-TJD,WSI-BTS,7.1,7.9
GRMK-TJD,WSI-PIK,16.89,16.9
GRMK-TJD,WSI-BSD,27.21,23.5
GRMK-TJD,WSI-ANC,9.94,10.6
GRMK-TJD,BKB-BKB,20.65,23.2
GRMK-TJD,RFS-HANG,10.39,9.3
GRMK-TJD,RFS-WOLT,11.25,11.3
GRMK-TJD,MBL-MBL,13.7,12.2
GRMK-TJD,ADS-ADS,9.79,9
GRMK-TJD,LML-LML,20.16,22.6
GRMK-TJD,HYP-HYP,10.85,10.9
GRMK-TJD,SDJ-CNRE,25.6,25.7
GRMK-TJD,SDJ-SDJE,15.34,15.6
GRMK-TJD,SDJ-PSBC,7.64,7.6
GRMK-TJD,SDJ-SCBD,9.65,8.4
GRMK-TJD,SDJ-BNTR,25.29,22.2
GRMK-TJD,SDJ-CJTA,24.42,21.3
GRMK-TJD,SDJ-PJTN,15.16,15.2
GRMK-TJD,SDJ-CBLH,25.07,21.8
GRMK-TJD,SDJ-KTBT,27.92,22.8
GRMK-TJD,SDJ-ODSS,9.89,8.8
GRMK-TJD,SDJ-SOET,25.07,21.8
GRMK-TJD,SDJ-SMB,31.06,29
GRMK-TJD,SDJ-CBS,21.02,17.6
GRMK-TJD,SDJ-PIM,14.32,12.6
GRMK-TJD,SDJ-CBN,25.07,21.8
GRMK-TJD,SDJ-BLV,20.63,17.7
GRMK-TJD,BFL-BFL,31.65,27.2
GRMK-TJD,BFL-KBY,11.78,10.8
GRMK-TJD,DCGL-BAR,14.7,14.1
GRMK-TJD,DCGS-BAR,29.3,24.7
GRMK-TJD,DCGL-KITC,14.7,14.1
GRMK-TJD,DCGS-KITC,14.7,14.1
GRMK-TJD,DCBM-BAR,12.22,10.7
GRMK-TJD,DCBM-KITC,12.22,10.7
GRMK-TJD,MXW-PGJ,9.49,9.9
GRMK-TJD,MXW-KGD,17.41,17
GRMK-TJD,PPY-MTG,7.33,7.5
GRMK-TJD,PPY-CTW,8.74,8.7
GRMK-TJD,PPY-PI,14.79,12.2
GRMK-TJD,PPY-GDS,28.36,24
GRMK-TJD,TRF-TRF,20.88,17.1
GRMK-TJD,TRF-CNRE,24.94,23.3
GRMK-TJD,JOEL-JOEL,10.99,10.8
GRMK-TJD,HMD-HMD,25.07,21.8
GRMK-TJD,GO_PPL,13.05,11.5
GRMK-TJD,GO_TBT,15.61,13.2
GRMK-TJD,MDV-KBY,11.93,11.1
GRMK-TJD,MDV-KGD,17.09,18
GRMK-TJD,MDV-PURI,7.7,9.5
GRMK-TJD,MDV-PDI,16.23,12.8
GRMK-TJD,MDV-BNTR,20.99,18.8
GRMK-TJD,MDV-PDHB,16.88,15
GRMK-TJD,MDV-GRVY,14.4,12
GRMK-TJD,SPHS-SPHS,6.06,5.7
GRMK-TJD,DRSR-DRSR,8.27,9.1
GRMK-TJD,EXP-EXP,8.56,8.1
GRMK-TJD,EXP-AEON,31.03,28.7
GRMK-TJD,HHP-HHP,10.16,9.4
GRMK-TJD,GDL-BSD,31.36,27.8
GRMK-TJD,GDL-PIK,16.08,15.3
GRMK-TJD,GDL-MOI,16.95,19.4
GRMK-TJD,GDL-KHI,25.44,22.7
GRMK-TJD,GDL-RDL,13.75,12.2
GRMK-TJD,GDL-PRGN,6.75,7
GRMK-TJD,GDL-CNRE,23.03,20.5
GRMK-TJD,GDL-PURI,8.37,9.3
GRMK-TJD,GDL-ANC,11.07,12.2
GRMK-TJD,GDL-GLC,16.17,14.7
GRMK-TJD,GDL-SCBD,9.64,8.3
GRMK-TJD,DDF-DDF,25.53,23.2
GRMK-TJD,FDMX-VDLM,20.54,17.6
GRMK-TJD,JIN-RST,17.39,16.8
GRMK-TJD,JIN-CKC,9.48,9.9
GRMK-TJD,PDLM-PDLM,10.06,8.7
GRMK-TJD,GOF-GD,21.42,19
GRMK-TJD,SMI-SMI,9.71,9
GRMK-TJD,CST-RTIW,31.91,28.2
GRMK-TJD,GRMK-PSQ,20.52,16.5
GRMK-TJD,GRMK-CBN,41.25,33.6
GRMK-TJD,GRMK-JUN,33.73,26.7
GRMK-TJD,GRMK-KMY,8.74,9
GRMK-TJD,GRMK-TJD,0,0
GRMK-TJD,GRMK-VTR,18.51,15.8
GRMK-TJD,GRMK-STBD,10.48,10.9
GRMK-TJD,GRMK-FTM,19.71,16
GRMK-TJD,GRMK-MRY,5.76,6.1
GRMK-TJD,GRMK-DWS,32.72,29.2
GRMK-TJD,GRMK-CBR,31.43,26.5
GRMK-TJD,GRMK-EMP,6.28,5.8
GRMK-TJD,GRMK-CMP,15.59,16.3
GRMK-TJD,GRMK-LRT,18.7,19.1
GRMK-TJD,GRMK-BSD,25.42,21.6
GRMK-TJD,GRMK-GRH,21.43,19.7
GRMK-TJD,GRMK-CPNG,15.48,15.9
GRMK-TJD,GRMK-PLM,6.16,6.8
GRMK-TJD,GRMK-DTA,14.83,12.1
GRMK-TJD,GRMK-SOQ,17.63,14.6
GRMK-TJD,GRMK-XML,25.27,20.6
GRMK-TJD,GRMK-DMT,10.18,8.1
GRMK-TJD,BRIK-STR,15.67,14.9
GRMK-TJD,BRIK-ALS,24.4,19.4
GRMK-TJD,BRIK-GDB,181.43,133.1
GRMK-TJD,BRIK-CKR,52.99,44.2
GRMK-TJD,BRIK-NRG,35,27.9
GRMK-TJD,BRIK-LGK,31.21,24.9
GRMK-TJD,BRIK-BLR,51.48,37.2
GRMK-TJD,BRIK-STL,52.02,42.1
GRMK-TJD,BRIK-KRW,74.15,57.3
GRMK-TJD,BRIK-MTL,14.32,14
GRMK-TJD,YMY-BTB,10.47,9.2
GRMK-TJD,GLLR-GLLR,32.19,30.7
GRMK-TJD,CSRR-CSRR,7.43,6.9
GRMK-TJD,MTSJ-MTSJ,8.81,8.4
GRMK-TJD,CST-GLN,14.53,12.5
GRMK-TJD,MBG-MBG,19.29,17.1
GRMK-TJD,CST-MBG,27.23,25.1
GRMK-TJD,GDK-KGD,18.03,17.8
GRMK-TJD,GDK-SCBD,9.3,7.9
GRMK-TJD,CST-AYM,27.24,23.9
GRMK-TJD,WTC-WTC,11.96,12.3
GRMK-TJD,FYN-FYN,12.71,10.9
GRMK-TJD,CST-FDC,8.66,10
GRMK-TJD,MDS-MDS,9.65,9.4
GRMK-TJD,MDS-SCBD,10.04,9
GRMK-TJD,HKN-HKN,31.18,27.1
GRMK-VTR,GDS,21.93,23
GRMK-VTR,CRD,6.83,7.4
GRMK-VTR,KJT,17.68,14.7
GRMK-VTR,BKS,30.39,26.5
GRMK-VTR,CBR,26.76,25.8
GRMK-VTR,MPG,13.22,12.6
GRMK-VTR,RWG,24.56,24.4
GRMK-VTR,KBG,13.96,16
GRMK-VTR,BSD,14.18,15.7
GRMK-VTR,STB,16.79,16.8
GRMK-VTR,MBS,20.36,19.6
GRMK-VTR,DMT,21.76,20
GRMK-VTR,DMG,21.79,19.8
GRMK-VTR,KL_CKG,16.37,16.2
GRMK-VTR,KL_KJ,33.35,32.4
GRMK-VTR,ASTR-ASTR,41.32,33.6
GRMK-VTR,BRW-BRW,15.51,15.2
GRMK-VTR,MGL-MGL,18.51,17.9
GRMK-VTR,WSI-ANCB,18.3,18.3
GRMK-VTR,WSI-BTS,18.3,18.3
GRMK-VTR,WSI-PIK,23.21,25
GRMK-VTR,WSI-BSD,14.31,15.1
GRMK-VTR,WSI-ANC,24.36,23.6
GRMK-VTR,BKB-BKB,6.73,7.7
GRMK-VTR,RFS-HANG,8.41,9.1
GRMK-VTR,RFS-WOLT,10.09,13.4
GRMK-VTR,MBL-MBL,9.75,11.6
GRMK-VTR,ADS-ADS,12.45,13.5
GRMK-VTR,LML-LML,6.24,7
GRMK-VTR,HYP-HYP,14.11,16.2
GRMK-VTR,SDJ-CNRE,15.59,17.8
GRMK-VTR,SDJ-SDJE,11.08,12.1
GRMK-VTR,SDJ-PSBC,18.85,18
GRMK-VTR,SDJ-SCBD,12.5,13.5
GRMK-VTR,SDJ-BNTR,7.58,9.3
GRMK-VTR,SDJ-CJTA,16.33,15.1
GRMK-VTR,SDJ-PJTN,11.36,12.3
GRMK-VTR,SDJ-CBLH,7.37,8.9
GRMK-VTR,SDJ-KTBT,31.58,26.6
GRMK-VTR,SDJ-ODSS,10.31,12.6
GRMK-VTR,SDJ-SOET,7.37,8.9
GRMK-VTR,SDJ-SMB,36.59,34.5
GRMK-VTR,SDJ-CBS,8.52,8.8
GRMK-VTR,SDJ-PIM,5.67,6.9
GRMK-VTR,SDJ-CBN,7.37,8.9
GRMK-VTR,SDJ-BLV,5.6,8.8
GRMK-VTR,BFL-BFL,25.59,22
GRMK-VTR,BFL-KBY,9.19,11.3
GRMK-VTR,DCGL-BAR,16.08,16.7
GRMK-VTR,DCGS-BAR,20.53,20.4
GRMK-VTR,DCGL-KITC,16.08,16.7
GRMK-VTR,DCGS-KITC,16.08,16.7
GRMK-VTR,DCBM-BAR,8.22,9.9
GRMK-VTR,DCBM-KITC,8.22,9.9
GRMK-VTR,MXW-PGJ,21.77,21.3
GRMK-VTR,MXW-KGD,27.15,26.6
GRMK-VTR,PPY-MTG,15.34,16.8
GRMK-VTR,PPY-CTW,12.5,13.9
GRMK-VTR,PPY-PI,5.28,5.8
GRMK-VTR,PPY-GDS,21.79,22.6
GRMK-VTR,TRF-TRF,8.38,8.2
GRMK-VTR,TRF-CNRE,12.36,14.6
GRMK-VTR,JOEL-JOEL,11.06,14
GRMK-VTR,HMD-HMD,7.37,8.9
GRMK-VTR,GO_PPL,8.59,9.5
GRMK-VTR,GO_TBT,18.47,18.6
GRMK-VTR,MDV-KBY,9.04,11.1
GRMK-VTR,MDV-KGD,26.83,27.7
GRMK-VTR,MDV-PURI,12.5,13.3
GRMK-VTR,MDV-PDI,3.96,4.4
GRMK-VTR,MDV-BNTR,2.48,2.9
GRMK-VTR,MDV-PDHB,26.3,27.2
GRMK-VTR,MDV-GRVY,5.85,6.3
GRMK-VTR,SPHS-SPHS,12.67,13
GRMK-VTR,DRSR-DRSR,16.45,17.9
GRMK-VTR,EXP-EXP,11.23,12.6
GRMK-VTR,EXP-AEON,16.19,17.1
GRMK-VTR,HHP-HHP,10.58,13.3
GRMK-VTR,GDL-BSD,19.49,20.2
GRMK-VTR,GDL-PIK,22.4,23.4
GRMK-VTR,GDL-MOI,26.69,29.1
GRMK-VTR,GDL-KHI,34.1,32.1
GRMK-VTR,GDL-RDL,6.88,7.3
GRMK-VTR,GDL-PRGN,19.31,18.6
GRMK-VTR,GDL-CNRE,10.45,11.8
GRMK-VTR,GDL-PURI,13.05,13.6
GRMK-VTR,GDL-ANC,27.06,24.9
GRMK-VTR,GDL-GLC,15.64,17.1
GRMK-VTR,GDL-SCBD,12.49,13.4
GRMK-VTR,DDF-DDF,7.03,7.4
GRMK-VTR,FDMX-VDLM,7.96,8.8
GRMK-VTR,JIN-RST,27.13,26.4
GRMK-VTR,JIN-CKC,21.76,21.3
GRMK-VTR,PDLM-PDLM,12.91,13.8
GRMK-VTR,GOF-GD,27.97,28.1
GRMK-VTR,SMI-SMI,12.38,13.5
GRMK-VTR,CST-RTIW,21.63,20
GRMK-VTR,GRMK-PSQ,8.01,7.7
GRMK-VTR,GRMK-CBN,34.75,27.8
GRMK-VTR,GRMK-JUN,35.81,30.9
GRMK-VTR,GRMK-KMY,19.95,19.4
GRMK-VTR,GRMK-TJD,16.72,16.4
GRMK-VTR,GRMK-VTR,0,0
GRMK-VTR,GRMK-STBD,16.2,16.9
GRMK-VTR,GRMK-FTM,7.21,7.2
GRMK-VTR,GRMK-MRY,11.67,12.8
GRMK-VTR,GRMK-DWS,23.6,22
GRMK-VTR,GRMK-CBR,25.5,23.8
GRMK-VTR,GRMK-EMP,20.71,18.8
GRMK-VTR,GRMK-CMP,23.92,24.1
GRMK-VTR,GRMK-LRT,28.44,28.8
GRMK-VTR,GRMK-BSD,17.56,17.4
GRMK-VTR,GRMK-GRH,14.98,15.3
GRMK-VTR,GRMK-CPNG,26.15,21.6
GRMK-VTR,GRMK-PLM,11.57,12.4
GRMK-VTR,GRMK-DTA,14.93,14.7
GRMK-VTR,GRMK-SOQ,5.12,5.8
GRMK-VTR,GRMK-XML,30.75,26
GRMK-VTR,GRMK-DMT,15.92,15.7
GRMK-VTR,BRIK-STR,25.41,24.6
GRMK-VTR,BRIK-ALS,18.56,18.9
GRMK-VTR,BRIK-GDB,179.02,135.2
GRMK-VTR,BRIK-CKR,56.88,49.6
GRMK-VTR,BRIK-NRG,29.97,26.3
GRMK-VTR,BRIK-LGK,26.61,26
GRMK-VTR,BRIK-BLR,50.94,39.6
GRMK-VTR,BRIK-STL,47.26,38.4
GRMK-VTR,BRIK-KRW,78.04,62.7
GRMK-VTR,BRIK-MTL,15.37,16.6
GRMK-VTR,YMY-BTB,16.2,16.7
GRMK-VTR,GLLR-GLLR,15.77,18.2
GRMK-VTR,CSRR-CSRR,21.86,19.8
GRMK-VTR,MTSJ-MTSJ,12.43,14
GRMK-VTR,CST-GLN,5.99,6.8
GRMK-VTR,MBG-MBG,12.33,12.9
GRMK-VTR,CST-MBG,38.78,34.1
GRMK-VTR,GDK-KGD,27.78,27.5
GRMK-VTR,GDK-SCBD,12.15,13
GRMK-VTR,CST-AYM,16.08,17.6
GRMK-VTR,WTC-WTC,18.92,19
GRMK-VTR,FYN-FYN,6.45,7.7
GRMK-VTR,CST-FDC,10.38,13.7
GRMK-VTR,MDS-MDS,9.94,11.8
GRMK-VTR,MDS-SCBD,10.19,12.3
GRMK-VTR,HKN-HKN,28.99,25.6
GRMK-STBD,GDS,33.07,29.1
GRMK-STBD,CRD,17.58,17.4
GRMK-STBD,KJT,14.39,13
GRMK-STBD,BKS,26.6,23.4
GRMK-STBD,CBR,27.06,26.9
GRMK-STBD,MPG,6.93,7.9
GRMK-STBD,RWG,10.03,10.8
GRMK-STBD,KBG,18.01,18.4
GRMK-STBD,BSD,34.05,31.2
GRMK-STBD,STB,0.41,0.7
GRMK-STBD,MBS,9.58,10.1
GRMK-STBD,DMT,24.47,20.4
GRMK-STBD,DMG,24.51,20.2
GRMK-STBD,KL_CKG,19.09,16.6
GRMK-STBD,KL_KJ,19.89,18.9
GRMK-STBD,ASTR-ASTR,41.87,37
GRMK-STBD,BRW-BRW,7.96,9.4
GRMK-STBD,MGL-MGL,7.72,8.4
GRMK-STBD,WSI-ANCB,7.52,8.8
GRMK-STBD,WSI-BTS,7.52,8.8
GRMK-STBD,WSI-PIK,25.29,24.5
GRMK-STBD,WSI-BSD,32.15,28.5
GRMK-STBD,WSI-ANC,13.08,15.4
GRMK-STBD,BKB-BKB,22.49,24.3
GRMK-STBD,RFS-HANG,6.95,7.4
GRMK-STBD,RFS-WOLT,7.33,9
GRMK-STBD,MBL-MBL,9.77,9.9
GRMK-STBD,ADS-ADS,4.26,5.7
GRMK-STBD,LML-LML,22,23.6
GRMK-STBD,HYP-HYP,1.99,3
GRMK-STBD,SDJ-CNRE,20.76,23.1
GRMK-STBD,SDJ-SDJE,8.92,11.9
GRMK-STBD,SDJ-PSBC,6.28,7
GRMK-STBD,SDJ-SCBD,5.72,6.1
GRMK-STBD,SDJ-BNTR,24.24,22.7
GRMK-STBD,SDJ-CJTA,18.02,18
GRMK-STBD,SDJ-PJTN,8.74,11.4
GRMK-STBD,SDJ-CBLH,24.02,22.3
GRMK-STBD,SDJ-KTBT,18.93,20.3
GRMK-STBD,SDJ-ODSS,5.97,6.5
GRMK-STBD,SDJ-SOET,24.02,22.3
GRMK-STBD,SDJ-SMB,23.33,24.7
GRMK-STBD,SDJ-CBS,14.78,15.5
GRMK-STBD,SDJ-PIM,13.27,13.1
GRMK-STBD,SDJ-CBN,24.02,22.3
GRMK-STBD,SDJ-BLV,19.58,18.2
GRMK-STBD,BFL-BFL,25.69,24.8
GRMK-STBD,BFL-KBY,6.69,8
GRMK-STBD,DCGL-BAR,21.56,19.4
GRMK-STBD,DCGS-BAR,34.24,29.8
GRMK-STBD,DCGL-KITC,21.56,19.4
GRMK-STBD,DCGS-KITC,21.56,19.4
GRMK-STBD,DCBM-BAR,8.29,8.4
GRMK-STBD,DCBM-KITC,8.29,8.4
GRMK-STBD,MXW-PGJ,9.21,10.4
GRMK-STBD,MXW-KGD,13.69,13.1
GRMK-STBD,PPY-MTG,4.01,5.9
GRMK-STBD,PPY-CTW,3.71,5.4
GRMK-STBD,PPY-PI,13.74,12.7
GRMK-STBD,PPY-GDS,33.3,29.1
GRMK-STBD,TRF-TRF,16.26,16
GRMK-STBD,TRF-CNRE,21.88,23.9
GRMK-STBD,JOEL-JOEL,7.06,8.5
GRMK-STBD,HMD-HMD,24.02,22.3
GRMK-STBD,GO_PPL,9.12,9.2
GRMK-STBD,GO_TBT,5.05,7
GRMK-STBD,MDV-KBY,6.84,8.3
GRMK-STBD,MDV-KGD,13.35,14.3
GRMK-STBD,MDV-PURI,16.55,15.7
GRMK-STBD,MDV-PDI,15.19,13.3
GRMK-STBD,MDV-BNTR,19.94,19.3
GRMK-STBD,MDV-PDHB,13.74,16.3
GRMK-STBD,MDV-GRVY,10.93,11.7
GRMK-STBD,SPHS-SPHS,6.35,7.5
GRMK-STBD,DRSR-DRSR,4.03,5.7
GRMK-STBD,EXP-EXP,5.87,7
GRMK-STBD,EXP-AEON,32.61,33.4
GRMK-STBD,HHP-HHP,6.23,7.2
GRMK-STBD,GDL-BSD,36.3,32.8
GRMK-STBD,GDL-PIK,24.49,22.9
GRMK-STBD,GDL-MOI,13.23,15.5
GRMK-STBD,GDL-KHI,19.57,18.5
GRMK-STBD,GDL-RDL,9.69,10.2
GRMK-STBD,GDL-PRGN,8.52,9.2
GRMK-STBD,GDL-CNRE,19.97,21.1
GRMK-STBD,GDL-PURI,17.1,16
GRMK-STBD,GDL-ANC,12.31,14.2
GRMK-STBD,GDL-GLC,21.11,19.7
GRMK-STBD,GDL-SCBD,5.71,6.1
GRMK-STBD,DDF-DDF,24.49,23.7
GRMK-STBD,FDMX-VDLM,17.76,18.6
GRMK-STBD,JIN-RST,13.67,12.9
GRMK-STBD,JIN-CKC,9.2,10.4
GRMK-STBD,PDLM-PDLM,6.33,7.1
GRMK-STBD,GOF-GD,29.83,26.6
GRMK-STBD,SMI-SMI,3.94,5.5
GRMK-STBD,CST-RTIW,27.06,25.6
GRMK-STBD,GRMK-PSQ,15.9,15.5
GRMK-STBD,GRMK-CBN,35.29,31.2
GRMK-STBD,GRMK-JUN,23.44,23.5
GRMK-STBD,GRMK-KMY,7.39,8.5
GRMK-STBD,GRMK-TJD,10.75,11.4
GRMK-STBD,GRMK-VTR,17.46,16.3
GRMK-STBD,GRMK-STBD,0,0
GRMK-STBD,GRMK-FTM,13.87,14.6
GRMK-STBD,GRMK-MRY,14.73,14.3
GRMK-STBD,GRMK-DWS,26.76,26.8
GRMK-STBD,GRMK-CBR,25.47,24.1
GRMK-STBD,GRMK-EMP,14.74,13.8
GRMK-STBD,GRMK-CMP,9.39,10.4
GRMK-STBD,GRMK-LRT,14.95,15.4
GRMK-STBD,GRMK-BSD,30.36,26.6
GRMK-STBD,GRMK-GRH,24.89,24.5
GRMK-STBD,GRMK-CPNG,7.03,8.6
GRMK-STBD,GRMK-PLM,7.18,8.5
GRMK-STBD,GRMK-DTA,8.88,9.7
GRMK-STBD,GRMK-SOQ,16.58,15.1
GRMK-STBD,GRMK-XML,16.34,16.9
GRMK-STBD,GRMK-DMT,18.64,16.1
GRMK-STBD,BRIK-STR,11.95,11.1
GRMK-STBD,BRIK-ALS,29.34,24.5
GRMK-STBD,BRIK-GDB,175.48,130.7
GRMK-STBD,BRIK-CKR,47.04,41.8
GRMK-STBD,BRIK-NRG,29.05,25.5
GRMK-STBD,BRIK-LGK,36.15,30
GRMK-STBD,BRIK-BLR,56.42,42.2
GRMK-STBD,BRIK-STL,46.06,39.7
GRMK-STBD,BRIK-KRW,68.2,54.9
GRMK-STBD,BRIK-MTL,20.85,19.3
GRMK-STBD,YMY-BTB,18.92,17.2
GRMK-STBD,GLLR-GLLR,32.18,34.5
GRMK-STBD,CSRR-CSRR,15.89,14.8
GRMK-STBD,MTSJ-MTSJ,3.78,5.1
GRMK-STBD,CST-GLN,10.85,12.1
GRMK-STBD,MBG-MBG,12.25,14.1
GRMK-STBD,CST-MBG,21.37,20.9
GRMK-STBD,GDK-KGD,14.32,13.9
GRMK-STBD,GDK-SCBD,5.37,5.7
GRMK-STBD,CST-AYM,17.88,20.8
GRMK-STBD,WTC-WTC,4.39,5.4
GRMK-STBD,FYN-FYN,9.08,9.4
GRMK-STBD,CST-FDC,7.12,9.9
GRMK-STBD,MDS-MDS,8.11,9.3
GRMK-STBD,MDS-SCBD,6.11,6.7
GRMK-STBD,HKN-HKN,23.56,24.5
GRMK-FTM,GDS,29.34,28.5
GRMK-FTM,CRD,4.02,4.1
GRMK-FTM,KJT,11.9,9.2
GRMK-FTM,BKS,24.61,21.1
GRMK-FTM,CBR,20.98,20.4
GRMK-FTM,MPG,7.45,7.2
GRMK-FTM,RWG,25.54,20
GRMK-FTM,KBG,18.33,19.1
GRMK-FTM,BSD,20.79,19.4
GRMK-FTM,STB,18.78,15.9
GRMK-FTM,MBS,22.35,18.7
GRMK-FTM,DMT,26.13,23.1
GRMK-FTM,DMG,26.17,22.9
GRMK-FTM,KL_CKG,20.75,19.4
GRMK-FTM,KL_KJ,35.42,28.1
GRMK-FTM,ASTR-ASTR,33.87,29.5
GRMK-FTM,BRW-BRW,9.74,9.8
GRMK-FTM,MGL-MGL,20.5,16.9
GRMK-FTM,WSI-ANCB,20.29,17.3
GRMK-FTM,WSI-BTS,20.29,17.3
GRMK-FTM,WSI-PIK,27.58,28.1
GRMK-FTM,WSI-BSD,25.31,21
GRMK-FTM,WSI-ANC,26.35,22.6
GRMK-FTM,BKB-BKB,12.81,13.7
GRMK-FTM,RFS-HANG,10.4,8.2
GRMK-FTM,RFS-WOLT,8.51,9.7
GRMK-FTM,MBL-MBL,7.45,7.3
GRMK-FTM,ADS-ADS,11.67,12.2
GRMK-FTM,LML-LML,12.32,13
GRMK-FTM,HYP-HYP,12.62,12
GRMK-FTM,SDJ-CNRE,9.34,11.7
GRMK-FTM,SDJ-SDJE,5.31,6.6
GRMK-FTM,SDJ-PSBC,20.83,17
GRMK-FTM,SDJ-SCBD,10.01,10.7
GRMK-FTM,SDJ-BNTR,10.99,10.9
GRMK-FTM,SDJ-CJTA,10.55,9.6
GRMK-FTM,SDJ-PJTN,5.58,6.9
GRMK-FTM,SDJ-CBLH,10.77,10.5
GRMK-FTM,SDJ-KTBT,25.8,21.1
GRMK-FTM,SDJ-ODSS,9.23,9.6
GRMK-FTM,SDJ-SOET,10.77,10.5
GRMK-FTM,SDJ-SMB,30.82,29
GRMK-FTM,SDJ-CBS,2.74,3.4
GRMK-FTM,SDJ-PIM,5.91,5.7
GRMK-FTM,SDJ-CBN,10.77,10.5
GRMK-FTM,SDJ-BLV,5.2,6.3
GRMK-FTM,BFL-BFL,18.7,17.6
GRMK-FTM,BFL-KBY,7.6,7.7
GRMK-FTM,DCGL-BAR,20.46,19.9
GRMK-FTM,DCGS-BAR,27.7,26.4
GRMK-FTM,DCGL-KITC,20.46,19.9
GRMK-FTM,DCGS-KITC,20.46,19.9
GRMK-FTM,DCBM-BAR,7.15,6.8
GRMK-FTM,DCBM-KITC,7.15,6.8
GRMK-FTM,MXW-PGJ,23.76,20.4
GRMK-FTM,MXW-KGD,29.22,22.3
GRMK-FTM,PPY-MTG,14.57,15.5
GRMK-FTM,PPY-CTW,11.72,12.6
GRMK-FTM,PPY-PI,5.51,4.7
GRMK-FTM,PPY-GDS,29.57,28.5
GRMK-FTM,TRF-TRF,2.7,2.7
GRMK-FTM,TRF-CNRE,8.35,10.6
GRMK-FTM,JOEL-JOEL,9.18,10.1
GRMK-FTM,HMD-HMD,10.77,10.5
GRMK-FTM,GO_PPL,5.44,5.4
GRMK-FTM,GO_TBT,13.99,14.3
GRMK-FTM,MDV-KBY,7.46,7.5
GRMK-FTM,MDV-KGD,28.88,23.5
GRMK-FTM,MDV-PURI,16.87,16.4
GRMK-FTM,MDV-PDI,3.45,2.8
GRMK-FTM,MDV-BNTR,8.56,8.9
GRMK-FTM,MDV-PDHB,28.29,26.3
GRMK-FTM,MDV-GRVY,6.09,5.1
GRMK-FTM,SPHS-SPHS,14.66,12.1
GRMK-FTM,DRSR-DRSR,16.3,15.8
GRMK-FTM,EXP-EXP,10.45,11.3
GRMK-FTM,EXP-AEON,25.66,23.1
GRMK-FTM,HHP-HHP,9.5,10.2
GRMK-FTM,GDL-BSD,26.67,26.1
GRMK-FTM,GDL-PIK,26.78,26.5
GRMK-FTM,GDL-MOI,28.76,24.8
GRMK-FTM,GDL-KHI,35.08,27.8
GRMK-FTM,GDL-RDL,7.12,6.2
GRMK-FTM,GDL-PRGN,21.3,17.7
GRMK-FTM,GDL-CNRE,6.43,7.8
GRMK-FTM,GDL-PURI,17.42,16.7
GRMK-FTM,GDL-ANC,29.05,24
GRMK-FTM,GDL-GLC,20.01,20.2
GRMK-FTM,GDL-SCBD,9.86,10.6
GRMK-FTM,DDF-DDF,13.1,13.3
GRMK-FTM,FDMX-VDLM,4.2,5.3
GRMK-FTM,JIN-RST,29.2,22.1
GRMK-FTM,JIN-CKC,23.75,20.4
GRMK-FTM,PDLM-PDLM,11.94,12.1
GRMK-FTM,GOF-GD,37.79,30.7
GRMK-FTM,SMI-SMI,11.6,12.2
GRMK-FTM,CST-RTIW,16.12,14.8
GRMK-FTM,GRMK-PSQ,2.34,2.1
GRMK-FTM,GRMK-CBN,27.29,23.7
GRMK-FTM,GRMK-JUN,30.03,25.5
GRMK-FTM,GRMK-KMY,21.94,18.5
GRMK-FTM,GRMK-TJD,18.71,15.4
GRMK-FTM,GRMK-VTR,6.08,6
GRMK-FTM,GRMK-STBD,15.08,15.1
GRMK-FTM,GRMK-FTM,0,0
GRMK-FTM,GRMK-MRY,17.63,15.1
GRMK-FTM,GRMK-DWS,18.08,16.8
GRMK-FTM,GRMK-CBR,19.73,18.3
GRMK-FTM,GRMK-EMP,22.7,17.8
GRMK-FTM,GRMK-CMP,24.92,19.6
GRMK-FTM,GRMK-LRT,30.48,24.6
GRMK-FTM,GRMK-BSD,23.67,22
GRMK-FTM,GRMK-GRH,19.36,18.4
GRMK-FTM,GRMK-CPNG,20.38,16.2
GRMK-FTM,GRMK-PLM,13.56,11.5
GRMK-FTM,GRMK-DTA,9.15,9.2
GRMK-FTM,GRMK-SOQ,3.28,3.2
GRMK-FTM,GRMK-XML,24.98,20.6
GRMK-FTM,GRMK-DMT,20.29,18.8
GRMK-FTM,BRIK-STR,27.48,20.3
GRMK-FTM,BRIK-ALS,28.24,24.9
GRMK-FTM,BRIK-GDB,173.24,129.8
GRMK-FTM,BRIK-CKR,51.1,44.1
GRMK-FTM,BRIK-NRG,24.2,20.9
GRMK-FTM,BRIK-LGK,35.04,30.4
GRMK-FTM,BRIK-BLR,55.32,42.7
GRMK-FTM,BRIK-STL,40.31,33.9
GRMK-FTM,BRIK-KRW,72.26,57.2
GRMK-FTM,BRIK-MTL,19.75,19.7
GRMK-FTM,YMY-BTB,20.58,19.8
GRMK-FTM,GLLR-GLLR,25.23,24.2
GRMK-FTM,CSRR-CSRR,23.85,18.9
GRMK-FTM,MTSJ-MTSJ,11.65,12.6
GRMK-FTM,CST-GLN,6.22,5.6
GRMK-FTM,MBG-MBG,6.55,7.5
GRMK-FTM,CST-MBG,33,28.7
GRMK-FTM,GDK-KGD,29.85,23.2
GRMK-FTM,GDK-SCBD,10.35,11.4
GRMK-FTM,CST-AYM,10.3,12.2
GRMK-FTM,WTC-WTC,17.96,17.4
GRMK-FTM,FYN-FYN,8.44,6.8
GRMK-FTM,CST-FDC,12.37,12.7
GRMK-FTM,MDS-MDS,11.93,10.9
GRMK-FTM,MDS-SCBD,9.11,9.3
GRMK-FTM,HKN-HKN,23.21,20.2
GRMK-MRY,GDS,23.43,20.9
GRMK-MRY,CRD,16.3,14.9
GRMK-MRY,KJT,23.38,18.7
GRMK-MRY,BKS,35.59,29
GRMK-MRY,CBR,36.06,32.6
GRMK-MRY,MPG,16.38,14.7
GRMK-MRY,RWG,21.57,21.3
GRMK-MRY,KBG,3.72,5.3
GRMK-MRY,BSD,23.98,26.1
GRMK-MRY,STB,14.23,13.9
GRMK-MRY,MBS,12.19,12.3
GRMK-MRY,DMT,14.51,12.8
GRMK-MRY,DMG,14.55,12.6
GRMK-MRY,KL_CKG,8.26,8.6
GRMK-MRY,KL_KJ,28.68,25.5
GRMK-MRY,ASTR-ASTR,49.03,42.5
GRMK-MRY,BRW-BRW,18.02,15.8
GRMK-MRY,MGL-MGL,10.34,10.5
GRMK-MRY,WSI-ANCB,10.13,11
GRMK-MRY,WSI-BTS,10.13,11
GRMK-MRY,WSI-PIK,16.47,19.2
GRMK-MRY,WSI-BSD,22.52,20.2
GRMK-MRY,WSI-ANC,16.11,16.3
GRMK-MRY,BKB-BKB,15.87,18.5
GRMK-MRY,RFS-HANG,9.28,9.3
GRMK-MRY,RFS-WOLT,14.28,14.4
GRMK-MRY,MBL-MBL,12.33,13.2
GRMK-MRY,ADS-ADS,12.81,12.2
GRMK-MRY,LML-LML,15.38,17.8
GRMK-MRY,HYP-HYP,14.52,14.1
GRMK-MRY,SDJ-CNRE,24.98,25.3
GRMK-MRY,SDJ-SDJE,16.01,18.5
GRMK-MRY,SDJ-PSBC,10.67,10.7
GRMK-MRY,SDJ-SCBD,12.67,11.5
GRMK-MRY,SDJ-BNTR,17.38,19.8
GRMK-MRY,SDJ-CJTA,25.72,22.6
GRMK-MRY,SDJ-PJTN,18.18,18.3
GRMK-MRY,SDJ-CBLH,17.16,19.4
GRMK-MRY,SDJ-KTBT,30.95,26.1
GRMK-MRY,SDJ-ODSS,12.92,11.9
GRMK-MRY,SDJ-SOET,17.16,19.4
GRMK-MRY,SDJ-SMB,36.84,32.5
GRMK-MRY,SDJ-CBS,17.91,16.4
GRMK-MRY,SDJ-PIM,11.21,11.3
GRMK-MRY,SDJ-CBN,17.16,19.4
GRMK-MRY,SDJ-BLV,17.52,16.4
GRMK-MRY,BFL-BFL,34.69,30.5
GRMK-MRY,BFL-KBY,11.76,13
GRMK-MRY,DCGL-BAR,10.19,10.9
GRMK-MRY,DCGS-BAR,24.6,21.5
GRMK-MRY,DCGL-KITC,10.19,10.9
GRMK-MRY,DCGS-KITC,10.19,10.9
GRMK-MRY,DCBM-BAR,10.8,11.5
GRMK-MRY,DCBM-KITC,10.8,11.5
GRMK-MRY,MXW-PGJ,13.6,14
GRMK-MRY,MXW-KGD,21.38,20.6
GRMK-MRY,PPY-MTG,11.3,11.1
GRMK-MRY,PPY-CTW,11.76,11.9
GRMK-MRY,PPY-PI,11.68,10.9
GRMK-MRY,PPY-GDS,23.67,20.8
GRMK-MRY,TRF-TRF,17.77,15.8
GRMK-MRY,TRF-CNRE,21.83,22.1
GRMK-MRY,JOEL-JOEL,14.01,13.9
GRMK-MRY,HMD-HMD,17.16,19.4
GRMK-MRY,GO_PPL,10.92,11.6
GRMK-MRY,GO_TBT,18.64,16.4
GRMK-MRY,MDV-KBY,11.62,12.7
GRMK-MRY,MDV-KGD,21.07,21.7
GRMK-MRY,MDV-PURI,4.79,5.5
GRMK-MRY,MDV-PDI,13.12,11.5
GRMK-MRY,MDV-BNTR,12.05,14.6
GRMK-MRY,MDV-PDHB,18.13,19.9
GRMK-MRY,MDV-GRVY,11.29,10.7
GRMK-MRY,SPHS-SPHS,9.08,8.8
GRMK-MRY,DRSR-DRSR,12.25,12.7
GRMK-MRY,EXP-EXP,11.59,11.2
GRMK-MRY,EXP-AEON,26.34,25.5
GRMK-MRY,HHP-HHP,13.18,12.6
GRMK-MRY,GDL-BSD,26.67,24.6
GRMK-MRY,GDL-PIK,15.67,17.6
GRMK-MRY,GDL-MOI,20.92,23
GRMK-MRY,GDL-KHI,29.41,26.3
GRMK-MRY,GDL-RDL,10.64,11
GRMK-MRY,GDL-PRGN,11.14,11.3
GRMK-MRY,GDL-CNRE,19.92,19.3
GRMK-MRY,GDL-PURI,4.44,5.3
GRMK-MRY,GDL-ANC,18.81,17.8
GRMK-MRY,GDL-GLC,9.75,11.3
GRMK-MRY,GDL-SCBD,12.66,11.5
GRMK-MRY,DDF-DDF,16.97,19
GRMK-MRY,FDMX-VDLM,17.43,16.3
GRMK-MRY,JIN-RST,21.37,20.4
GRMK-MRY,JIN-CKC,13.59,14
GRMK-MRY,PDLM-PDLM,13.08,11.8
GRMK-MRY,GOF-GD,19.84,21.2
GRMK-MRY,SMI-SMI,12.73,12.1
GRMK-MRY,CST-RTIW,31.28,27.8
GRMK-MRY,GRMK-PSQ,17.41,15.2
GRMK-MRY,GRMK-CBN,42.46,36.7
GRMK-MRY,GRMK-JUN,36.76,29.9
GRMK-MRY,GRMK-KMY,11.78,12.1
GRMK-MRY,GRMK-TJD,5.98,7.6
GRMK-MRY,GRMK-VTR,10.34,11.9
GRMK-MRY,GRMK-STBD,13.64,13.9
GRMK-MRY,GRMK-FTM,16.6,14.7
GRMK-MRY,GRMK-MRY,0,0
GRMK-MRY,GRMK-DWS,33.25,29.8
GRMK-MRY,GRMK-CBR,34.47,29.7
GRMK-MRY,GRMK-EMP,12.46,11.5
GRMK-MRY,GRMK-CMP,19.56,20
GRMK-MRY,GRMK-LRT,22.67,22.7
GRMK-MRY,GRMK-BSD,20.73,18.3
GRMK-MRY,GRMK-GRH,13.39,14.9
GRMK-MRY,GRMK-CPNG,19,19.3
GRMK-MRY,GRMK-PLM,8.14,8.6
GRMK-MRY,GRMK-DTA,17.87,15.3
GRMK-MRY,GRMK-SOQ,14.52,13.3
GRMK-MRY,GRMK-XML,28.31,23.9
GRMK-MRY,GRMK-DMT,8.67,8.5
GRMK-MRY,BRIK-STR,19.64,18.6
GRMK-MRY,BRIK-ALS,19.7,16.2
GRMK-MRY,BRIK-GDB,184.47,136.4
GRMK-MRY,BRIK-CKR,56.03,47.5
GRMK-MRY,BRIK-NRG,38.04,31.1
GRMK-MRY,BRIK-LGK,26.51,21.7
GRMK-MRY,BRIK-BLR,46.78,34
GRMK-MRY,BRIK-STL,55.05,45.3
GRMK-MRY,BRIK-KRW,77.19,60.6
GRMK-MRY,BRIK-MTL,9.48,10.8
GRMK-MRY,YMY-BTB,7.36,8.5
GRMK-MRY,GLLR-GLLR,27.5,27.4
GRMK-MRY,CSRR-CSRR,13.61,12.6
GRMK-MRY,MTSJ-MTSJ,11.83,11.6
GRMK-MRY,CST-GLN,11.42,11.3
GRMK-MRY,MBG-MBG,22.33,20.3
GRMK-MRY,CST-MBG,31.21,28.8
GRMK-MRY,GDK-KGD,22.01,21.4
GRMK-MRY,GDK-SCBD,12.32,11.1
GRMK-MRY,CST-AYM,25.47,25.2
GRMK-MRY,WTC-WTC,15.93,15.9
GRMK-MRY,FYN-FYN,9.6,9.7
GRMK-MRY,CST-FDC,9.22,11.6
GRMK-MRY,MDS-MDS,9.54,10.8
GRMK-MRY,MDS-SCBD,13.06,12.1
GRMK-MRY,HKN-HKN,34.22,30.4
GRMK-DWS,GDS,34.13,31.4
GRMK-DWS,CRD,20.57,17.3
GRMK-DWS,KJT,20.15,15
GRMK-DWS,BKS,32.87,27
GRMK-DWS,CBR,20.12,20.6
GRMK-DWS,MPG,18.78,18.5
GRMK-DWS,RWG,33.79,25.8
GRMK-DWS,KBG,34.88,32.2
GRMK-DWS,BSD,25.49,23.6
GRMK-DWS,STB,24.94,23.9
GRMK-DWS,MBS,34.88,31.3
GRMK-DWS,DMT,42.68,36.2
GRMK-DWS,DMG,42.72,36.1
GRMK-DWS,KL_CKG,37.3,32.5
GRMK-DWS,KL_KJ,43.67,33.8
GRMK-DWS,ASTR-ASTR,19.39,17.8
GRMK-DWS,BRW-BRW,18.36,17.6
GRMK-DWS,MGL-MGL,33.03,29.6
GRMK-DWS,WSI-ANCB,32.82,30
GRMK-DWS,WSI-BTS,32.82,30
GRMK-DWS,WSI-PIK,45.77,41.1
GRMK-DWS,WSI-BSD,28.05,23.4
GRMK-DWS,WSI-ANC,38.88,35.3
GRMK-DWS,BKB-BKB,25.75,22.7
GRMK-DWS,RFS-HANG,26.96,21.4
GRMK-DWS,RFS-WOLT,23.13,21.6
GRMK-DWS,MBL-MBL,22.08,19.2
GRMK-DWS,ADS-ADS,26.03,24.2
GRMK-DWS,LML-LML,25.26,22
GRMK-DWS,HYP-HYP,23.9,22.4
GRMK-DWS,SDJ-CNRE,12.19,12.8
GRMK-DWS,SDJ-SDJE,20.03,18.7
GRMK-DWS,SDJ-PSBC,29.25,28.1
GRMK-DWS,SDJ-SCBD,23.81,21.7
GRMK-DWS,SDJ-BNTR,20.99,19.7
GRMK-DWS,SDJ-CJTA,15.2,11.9
GRMK-DWS,SDJ-PJTN,20.3,19
GRMK-DWS,SDJ-CBLH,20.78,19.3
GRMK-DWS,SDJ-KTBT,34.06,27.1
GRMK-DWS,SDJ-ODSS,23.86,21.4
GRMK-DWS,SDJ-SOET,20.78,19.3
GRMK-DWS,SDJ-SMB,39.07,35
GRMK-DWS,SDJ-CBS,19.35,16.6
GRMK-DWS,SDJ-PIM,22.46,18.9
GRMK-DWS,SDJ-CBN,20.78,19.3
GRMK-DWS,SDJ-BLV,16.66,18.6
GRMK-DWS,BFL-BFL,7.15,6.3
GRMK-DWS,BFL-KBY,22.23,19.6
GRMK-DWS,DCGL-BAR,37.01,33
GRMK-DWS,DCGS-BAR,32.74,28.9
GRMK-DWS,DCGL-KITC,37.01,33
GRMK-DWS,DCGS-KITC,37.01,33
GRMK-DWS,DCBM-BAR,21.77,18.7
GRMK-DWS,DCBM-KITC,21.77,18.7
GRMK-DWS,MXW-PGJ,36.4,30.4
GRMK-DWS,MXW-KGD,37.47,28.1
GRMK-DWS,PPY-MTG,27.55,26.5
GRMK-DWS,PPY-CTW,26.08,24.6
GRMK-DWS,PPY-PI,22.07,17.8
GRMK-DWS,PPY-GDS,33.99,31
GRMK-DWS,TRF-TRF,19.25,15.9
GRMK-DWS,TRF-CNRE,12.24,13.3
GRMK-DWS,JOEL-JOEL,23.8,22
GRMK-DWS,HMD-HMD,20.78,19.3
GRMK-DWS,GO_PPL,21.54,18
GRMK-DWS,GO_TBT,22.4,21.7
GRMK-DWS,MDV-KBY,22.08,19.3
GRMK-DWS,MDV-KGD,37.13,29.2
GRMK-DWS,MDV-PURI,33.43,29.5
GRMK-DWS,MDV-PDI,20.01,16
GRMK-DWS,MDV-BNTR,25.11,22.1
GRMK-DWS,MDV-PDHB,41.58,33.4
GRMK-DWS,MDV-GRVY,22.64,18.3
GRMK-DWS,SPHS-SPHS,26.83,24.3
GRMK-DWS,DRSR-DRSR,27.57,26.2
GRMK-DWS,EXP-EXP,24.81,23.3
GRMK-DWS,EXP-AEON,28.4,25.6
GRMK-DWS,HHP-HHP,24.12,22.1
GRMK-DWS,GDL-BSD,31.7,28.6
GRMK-DWS,GDL-PIK,44.97,39.5
GRMK-DWS,GDL-MOI,37.01,30.5
GRMK-DWS,GDL-KHI,43.33,33.5
GRMK-DWS,GDL-RDL,23.67,19.3
GRMK-DWS,GDL-PRGN,33.82,30.4
GRMK-DWS,GDL-CNRE,13.14,13.2
GRMK-DWS,GDL-PURI,33.98,29.9
GRMK-DWS,GDL-ANC,39.5,34.2
GRMK-DWS,GDL-GLC,36.56,33.4
GRMK-DWS,GDL-SCBD,24.48,22.5
GRMK-DWS,DDF-DDF,26.59,23.1
GRMK-DWS,FDMX-VDLM,15.34,15.4
GRMK-DWS,JIN-RST,37.45,27.9
GRMK-DWS,JIN-CKC,36.4,30.4
GRMK-DWS,PDLM-PDLM,23.22,22.5
GRMK-DWS,GOF-GD,50.31,43.2
GRMK-DWS,SMI-SMI,25.96,24.2
GRMK-DWS,CST-RTIW,1.75,1.6
GRMK-DWS,GRMK-PSQ,18.89,15.3
GRMK-DWS,GRMK-CBN,12.82,12
GRMK-DWS,GRMK-JUN,38.28,31.4
GRMK-DWS,GRMK-KMY,34.51,28.8
GRMK-DWS,GRMK-TJD,31.24,28.1
GRMK-DWS,GRMK-VTR,22.63,19.1
GRMK-DWS,GRMK-STBD,25.15,24.3
GRMK-DWS,GRMK-FTM,18.14,15
GRMK-DWS,GRMK-MRY,34.18,28.2
GRMK-DWS,GRMK-DWS,0,0
GRMK-DWS,GRMK-CBR,14.44,15.3
GRMK-DWS,GRMK-EMP,35.22,30.5
GRMK-DWS,GRMK-CMP,33.17,25.4
GRMK-DWS,GRMK-LRT,38.73,30.3
GRMK-DWS,GRMK-BSD,29.28,25.6
GRMK-DWS,GRMK-GRH,31.85,27
GRMK-DWS,GRMK-CPNG,28.63,21.9
GRMK-DWS,GRMK-PLM,30.11,24.6
GRMK-DWS,GRMK-DTA,17.4,16.6
GRMK-DWS,GRMK-SOQ,19.83,16.4
GRMK-DWS,GRMK-XML,33.23,26.3
GRMK-DWS,GRMK-DMT,36.84,32
GRMK-DWS,BRIK-STR,35.73,26
GRMK-DWS,BRIK-ALS,33.15,29.4
GRMK-DWS,BRIK-GDB,158.1,120.2
GRMK-DWS,BRIK-CKR,51.08,42.7
GRMK-DWS,BRIK-NRG,32.45,26.9
GRMK-DWS,BRIK-LGK,38.81,34.4
GRMK-DWS,BRIK-BLR,65.78,53.6
GRMK-DWS,BRIK-STL,25.33,22.6
GRMK-DWS,BRIK-KRW,71.06,55.4
GRMK-DWS,BRIK-MTL,36.3,32.9
GRMK-DWS,YMY-BTB,37.13,33
GRMK-DWS,GLLR-GLLR,27.97,26.7
GRMK-DWS,CSRR-CSRR,36.37,31.6
GRMK-DWS,MTSJ-MTSJ,26.01,24.6
GRMK-DWS,CST-GLN,22.77,18.8
GRMK-DWS,MBG-MBG,14.86,15.1
GRMK-DWS,CST-MBG,40.92,34.5
GRMK-DWS,GDK-KGD,38.1,28.9
GRMK-DWS,GDK-SCBD,24.48,22.5
GRMK-DWS,CST-AYM,10.74,10.3
GRMK-DWS,WTC-WTC,30.2,24.3
GRMK-DWS,FYN-FYN,25,20
GRMK-DWS,CST-FDC,28.93,25.9
GRMK-DWS,MDS-MDS,25.78,23.9
GRMK-DWS,MDS-SCBD,23.74,21.1
GRMK-DWS,HKN-HKN,31.47,26.1
GRMK-CBR,GDS,43,40.1
GRMK-CBR,CRD,23.29,25.7
GRMK-CBR,KJT,13.48,14.1
GRMK-CBR,BKS,18.28,20.3
GRMK-CBR,CBR,6.48,9
GRMK-CBR,MPG,21.04,21.5
GRMK-CBR,RWG,27.12,24.9
GRMK-CBR,KBG,40.15,36.4
GRMK-CBR,BSD,35.26,32.9
GRMK-CBR,STB,26.59,25.3
GRMK-CBR,MBS,31.18,31.1
GRMK-CBR,DMT,46.62,38.4
GRMK-CBR,DMG,46.65,38.2
GRMK-CBR,KL_CKG,41.23,34.6
GRMK-CBR,KL_KJ,36.15,32.3
GRMK-CBR,ASTR-ASTR,23.28,22.7
GRMK-CBR,BRW-BRW,18.79,19.2
GRMK-CBR,MGL-MGL,29.36,29.2
GRMK-CBR,WSI-ANCB,29.5,29.6
GRMK-CBR,WSI-BTS,29.5,29.6
GRMK-CBR,WSI-PIK,47.43,42.4
GRMK-CBR,WSI-BSD,36.92,32.2
GRMK-CBR,WSI-ANC,33.6,34.5
GRMK-CBR,BKB-BKB,34.62,31.5
GRMK-CBR,RFS-HANG,27.72,25.5
GRMK-CBR,RFS-WOLT,25.29,24.7
GRMK-CBR,MBL-MBL,26.94,25.8
GRMK-CBR,ADS-ADS,27.69,25.5
GRMK-CBR,LML-LML,34.13,30.8
GRMK-CBR,HYP-HYP,25.55,23.6
GRMK-CBR,SDJ-CNRE,22.42,23.7
GRMK-CBR,SDJ-SDJE,19.82,24.3
GRMK-CBR,SDJ-PSBC,28.36,28.2
GRMK-CBR,SDJ-SCBD,25.47,22.9
GRMK-CBR,SDJ-BNTR,29.86,28.5
GRMK-CBR,SDJ-CJTA,10.04,14.7
GRMK-CBR,SDJ-PJTN,22.84,24.9
GRMK-CBR,SDJ-CBLH,29.65,28.1
GRMK-CBR,SDJ-KTBT,19.47,20.4
GRMK-CBR,SDJ-ODSS,25.96,23.7
GRMK-CBR,SDJ-SOET,29.65,28.1
GRMK-CBR,SDJ-SMB,24.49,28.3
GRMK-CBR,SDJ-CBS,19.72,23.6
GRMK-CBR,SDJ-PIM,25.18,27.3
GRMK-CBR,SDJ-CBN,29.65,28.1
GRMK-CBR,SDJ-BLV,24.47,27.8
GRMK-CBR,BFL-BFL,11.21,13.5
GRMK-CBR,BFL-KBY,24.95,23.7
GRMK-CBR,DCGL-BAR,43.7,37.4
GRMK-CBR,DCGS-BAR,41.61,37.6
GRMK-CBR,DCGL-KITC,43.7,37.4
GRMK-CBR,DCGS-KITC,43.7,37.4
GRMK-CBR,DCBM-BAR,26.39,25
GRMK-CBR,DCBM-KITC,26.39,25
GRMK-CBR,MXW-PGJ,29.73,29.5
GRMK-CBR,MXW-KGD,30.8,27.2
GRMK-CBR,PPY-MTG,29.21,27.7
GRMK-CBR,PPY-CTW,27.74,25.9
GRMK-CBR,PPY-PI,24.79,26.2
GRMK-CBR,PPY-GDS,42.86,39.8
GRMK-CBR,TRF-TRF,21.98,24.3
GRMK-CBR,TRF-CNRE,21.88,22.7
GRMK-CBR,JOEL-JOEL,25.19,24.8
GRMK-CBR,HMD-HMD,29.65,28.1
GRMK-CBR,GO_PPL,27.65,26.2
GRMK-CBR,GO_TBT,22.77,22.7
GRMK-CBR,MDV-KBY,25.09,23.9
GRMK-CBR,MDV-KGD,30.46,28.3
GRMK-CBR,MDV-PURI,38.69,33.7
GRMK-CBR,MDV-PDI,22.73,24.4
GRMK-CBR,MDV-BNTR,27.84,30.5
GRMK-CBR,MDV-PDHB,34.91,32.5
GRMK-CBR,MDV-GRVY,25.37,26.7
GRMK-CBR,SPHS-SPHS,28.49,25.6
GRMK-CBR,DRSR-DRSR,29.23,27.5
GRMK-CBR,EXP-EXP,26.47,24.5
GRMK-CBR,EXP-AEON,37.27,34.3
GRMK-CBR,HHP-HHP,26.23,24.3
GRMK-CBR,GDL-BSD,40.57,37.4
GRMK-CBR,GDL-PIK,46.62,40.8
GRMK-CBR,GDL-MOI,30.34,29.6
GRMK-CBR,GDL-KHI,28.64,27.5
GRMK-CBR,GDL-RDL,28.22,27.1
GRMK-CBR,GDL-PRGN,31.36,31.2
GRMK-CBR,GDL-CNRE,22.86,23.1
GRMK-CBR,GDL-PURI,39.24,34
GRMK-CBR,GDL-ANC,32.84,33.3
GRMK-CBR,GDL-GLC,43.25,37.8
GRMK-CBR,GDL-SCBD,26.48,24.2
GRMK-CBR,DDF-DDF,35.46,31.8
GRMK-CBR,FDMX-VDLM,25.06,25.2
GRMK-CBR,JIN-RST,30.78,27
GRMK-CBR,JIN-CKC,29.73,29.5
GRMK-CBR,PDLM-PDLM,24.87,23.7
GRMK-CBR,GOF-GD,51.97,44.5
GRMK-CBR,SMI-SMI,27.61,25.4
GRMK-CBR,CST-RTIW,16.83,18.3
GRMK-CBR,GRMK-PSQ,21.62,23.7
GRMK-CBR,GRMK-CBN,16.71,16.9
GRMK-CBR,GRMK-JUN,23.7,24.7
GRMK-CBR,GRMK-KMY,27.84,27.8
GRMK-CBR,GRMK-TJD,32.9,29.4
GRMK-CBR,GRMK-VTR,25.35,27.5
GRMK-CBR,GRMK-STBD,26.8,25.6
GRMK-CBR,GRMK-FTM,20.87,23.4
GRMK-CBR,GRMK-MRY,36.87,32.3
GRMK-CBR,GRMK-DWS,16.13,18.4
GRMK-CBR,GRMK-CBR,0,0
GRMK-CBR,GRMK-EMP,36.88,31.8
GRMK-CBR,GRMK-CMP,26.5,24.5
GRMK-CBR,GRMK-LRT,32.06,29.4
GRMK-CBR,GRMK-BSD,38.15,34.4
GRMK-CBR,GRMK-GRH,40.72,35.8
GRMK-CBR,GRMK-CPNG,21.96,21
GRMK-CBR,GRMK-PLM,29.32,26.5
GRMK-CBR,GRMK-DTA,19.12,19.3
GRMK-CBR,GRMK-SOQ,22.56,24.8
GRMK-CBR,GRMK-XML,23.43,25.4
GRMK-CBR,GRMK-DMT,40.78,34.1
GRMK-CBR,BRIK-STR,29.06,25.1
GRMK-CBR,BRIK-ALS,42.02,38.2
GRMK-CBR,BRIK-GDB,156.55,118.8
GRMK-CBR,BRIK-CKR,43.88,39.6
GRMK-CBR,BRIK-NRG,17.86,20.1
GRMK-CBR,BRIK-LGK,47.69,43.2
GRMK-CBR,BRIK-BLR,78.56,60.3
GRMK-CBR,BRIK-STL,23.62,22.9
GRMK-CBR,BRIK-KRW,63.85,52.4
GRMK-CBR,BRIK-MTL,42.99,37.3
GRMK-CBR,YMY-BTB,41.06,35.2
GRMK-CBR,GLLR-GLLR,36.84,35.4
GRMK-CBR,CSRR-CSRR,38.03,32.9
GRMK-CBR,MTSJ-MTSJ,27.66,25.9
GRMK-CBR,CST-GLN,25.5,27.2
GRMK-CBR,MBG-MBG,22.23,24
GRMK-CBR,CST-MBG,26.67,27.9
GRMK-CBR,GDK-KGD,31.43,28
GRMK-CBR,GDK-SCBD,26.14,23.8
GRMK-CBR,CST-AYM,16.64,20.1
GRMK-CBR,WTC-WTC,23.53,23.4
GRMK-CBR,FYN-FYN,27.6,26.4
GRMK-CBR,CST-FDC,27.72,27.4
GRMK-CBR,MDS-MDS,28.71,26.8
GRMK-CBR,MDS-SCBD,26.1,23.9
GRMK-CBR,HKN-HKN,16.88,19.4
GRMK-EMP,GDS,32.04,27.1
GRMK-EMP,CRD,23.32,19.2
GRMK-EMP,KJT,24.25,18.4
GRMK-EMP,BKS,36.47,28.7
GRMK-EMP,CBR,36.93,32.3
GRMK-EMP,MPG,17.27,14.6
GRMK-EMP,RWG,19.79,19.7
GRMK-EMP,KBG,13.76,13.3
GRMK-EMP,BSD,39,33.7
GRMK-EMP,STB,15.12,13.7
GRMK-EMP,MBS,7.66,9
GRMK-EMP,DMT,19.86,15.5
GRMK-EMP,DMG,19.89,15.3
GRMK-EMP,KL_CKG,11.51,11.5
GRMK-EMP,KL_KJ,17.07,16
GRMK-EMP,ASTR-ASTR,51.73,42.4
GRMK-EMP,BRW-BRW,18.89,15.5
GRMK-EMP,MGL-MGL,11.22,10.4
GRMK-EMP,WSI-ANCB,11.01,10.8
GRMK-EMP,WSI-BTS,11.01,10.8
GRMK-EMP,WSI-PIK,11.84,14.3
GRMK-EMP,WSI-BSD,31.12,26.4
GRMK-EMP,WSI-ANC,4,6.4
GRMK-EMP,BKB-BKB,29.15,26.5
GRMK-EMP,RFS-HANG,14.3,12.2
GRMK-EMP,RFS-WOLT,15.16,14.3
GRMK-EMP,MBL-MBL,17.61,15.2
GRMK-EMP,ADS-ADS,13.7,12
GRMK-EMP,LML-LML,28.66,25.8
GRMK-EMP,HYP-HYP,15.4,13.9
GRMK-EMP,SDJ-CNRE,29.51,28.7
GRMK-EMP,SDJ-SDJE,19.25,18.6
GRMK-EMP,SDJ-PSBC,11.55,10.5
GRMK-EMP,SDJ-SCBD,13.56,11.4
GRMK-EMP,SDJ-BNTR,29.2,25.2
GRMK-EMP,SDJ-CJTA,28.33,24.2
GRMK-EMP,SDJ-PJTN,19.07,18.1
GRMK-EMP,SDJ-CBLH,28.98,24.8
GRMK-EMP,SDJ-KTBT,31.83,25.8
GRMK-EMP,SDJ-ODSS,13.8,11.7
GRMK-EMP,SDJ-SOET,28.98,24.8
GRMK-EMP,SDJ-SMB,35.96,30.6
GRMK-EMP,SDJ-CBS,24.93,20.6
GRMK-EMP,SDJ-PIM,18.23,15.5
GRMK-EMP,SDJ-CBN,28.98,24.8
GRMK-EMP,SDJ-BLV,24.54,20.7
GRMK-EMP,BFL-BFL,35.56,30.2
GRMK-EMP,BFL-KBY,15.69,13.8
GRMK-EMP,DCGL-BAR,18.54,17.2
GRMK-EMP,DCGS-BAR,33.21,27.7
GRMK-EMP,DCGL-KITC,18.54,17.2
GRMK-EMP,DCGS-KITC,18.54,17.2
GRMK-EMP,DCBM-BAR,16.13,13.6
GRMK-EMP,DCBM-KITC,16.13,13.6
GRMK-EMP,MXW-PGJ,7.83,8
GRMK-EMP,MXW-KGD,17.98,15.6
GRMK-EMP,PPY-MTG,12.19,11
GRMK-EMP,PPY-CTW,12.64,11.7
GRMK-EMP,PPY-PI,18.7,15.1
GRMK-EMP,PPY-GDS,32.27,27
GRMK-EMP,TRF-TRF,24.79,20
GRMK-EMP,TRF-CNRE,28.85,26.3
GRMK-EMP,JOEL-JOEL,14.9,13.8
GRMK-EMP,HMD-HMD,28.98,24.8
GRMK-EMP,GO_PPL,16.96,14.4
GRMK-EMP,GO_TBT,19.52,16.1
GRMK-EMP,MDV-KBY,15.84,14
GRMK-EMP,MDV-KGD,17.5,17.8
GRMK-EMP,MDV-PURI,15.52,13.6
GRMK-EMP,MDV-PDI,20.14,15.8
GRMK-EMP,MDV-BNTR,24.9,21.7
GRMK-EMP,MDV-PDHB,11.38,10.9
GRMK-EMP,MDV-GRVY,18.31,15
GRMK-EMP,SPHS-SPHS,9.97,8.6
GRMK-EMP,DRSR-DRSR,13.13,12.6
GRMK-EMP,EXP-EXP,12.47,11.1
GRMK-EMP,EXP-AEON,34.94,31.7
GRMK-EMP,HHP-HHP,14.07,12.4
GRMK-EMP,GDL-BSD,35.27,30.8
GRMK-EMP,GDL-PIK,11.04,12.7
GRMK-EMP,GDL-MOI,18.38,18.5
GRMK-EMP,GDL-KHI,30.33,24.3
GRMK-EMP,GDL-RDL,17.66,15.2
GRMK-EMP,GDL-PRGN,7.92,9.5
GRMK-EMP,GDL-CNRE,26.94,23.5
GRMK-EMP,GDL-PURI,16.26,13.7
GRMK-EMP,GDL-ANC,6.68,8.2
GRMK-EMP,GDL-GLC,20.08,17.7
GRMK-EMP,GDL-SCBD,13.55,11.3
GRMK-EMP,DDF-DDF,29.44,26.2
GRMK-EMP,FDMX-VDLM,24.45,20.5
GRMK-EMP,JIN-RST,17.96,15.4
GRMK-EMP,JIN-CKC,7.83,7.9
GRMK-EMP,PDLM-PDLM,13.97,11.7
GRMK-EMP,GOF-GD,16.38,16.4
GRMK-EMP,SMI-SMI,13.62,12
GRMK-EMP,CST-RTIW,35.82,31.1
GRMK-EMP,GRMK-PSQ,24.42,19.4
GRMK-EMP,GRMK-CBN,45.16,36.6
GRMK-EMP,GRMK-JUN,37.63,29.6
GRMK-EMP,GRMK-KMY,9.82,9.8
GRMK-EMP,GRMK-TJD,6.82,6.9
GRMK-EMP,GRMK-VTR,22.42,18.8
GRMK-EMP,GRMK-STBD,14.52,13.8
GRMK-EMP,GRMK-FTM,23.62,19
GRMK-EMP,GRMK-MRY,13.7,12.2
GRMK-EMP,GRMK-DWS,36.63,32.2
GRMK-EMP,GRMK-CBR,35.34,29.4
GRMK-EMP,GRMK-EMP,0,0
GRMK-EMP,GRMK-CMP,16.1,18.1
GRMK-EMP,GRMK-LRT,20.72,19.2
GRMK-EMP,GRMK-BSD,29.33,24.5
GRMK-EMP,GRMK-GRH,25.34,22.7
GRMK-EMP,GRMK-CPNG,17.73,17.8
GRMK-EMP,GRMK-PLM,11.59,10.5
GRMK-EMP,GRMK-DTA,18.74,15
GRMK-EMP,GRMK-SOQ,21.53,17.6
GRMK-EMP,GRMK-XML,29.18,23.6
GRMK-EMP,GRMK-DMT,11.05,11
GRMK-EMP,BRIK-STR,15.19,15
GRMK-EMP,BRIK-ALS,28.31,22.4
GRMK-EMP,BRIK-GDB,185.34,136.1
GRMK-EMP,BRIK-CKR,56.9,47.2
GRMK-EMP,BRIK-NRG,38.91,30.8
GRMK-EMP,BRIK-LGK,35.12,27.9
GRMK-EMP,BRIK-BLR,55.39,40.2
GRMK-EMP,BRIK-STL,55.93,45
GRMK-EMP,BRIK-KRW,78.06,60.3
GRMK-EMP,BRIK-MTL,18.15,17.1
GRMK-EMP,YMY-BTB,14.3,12.3
GRMK-EMP,GLLR-GLLR,36.1,33.7
GRMK-EMP,CSRR-CSRR,1.5,2.7
GRMK-EMP,MTSJ-MTSJ,12.72,11.4
GRMK-EMP,CST-GLN,18.44,15.5
GRMK-EMP,MBG-MBG,23.2,20
GRMK-EMP,CST-MBG,32.12,26.8
GRMK-EMP,GDK-KGD,18.6,16.4
GRMK-EMP,GDK-SCBD,13.21,10.9
GRMK-EMP,CST-AYM,31.15,26.8
GRMK-EMP,WTC-WTC,14.23,14.4
GRMK-EMP,FYN-FYN,16.62,13.9
GRMK-EMP,CST-FDC,12.57,12.9
GRMK-EMP,MDS-MDS,13.56,12.3
GRMK-EMP,MDS-SCBD,13.95,11.9
GRMK-EMP,HKN-HKN,35.09,30.1
GRMK-CMP,GDS,36.27,33.9
GRMK-CMP,CRD,27.44,24.5
GRMK-CMP,KJT,14.12,11.5
GRMK-CMP,BKS,21.6,17.9
GRMK-CMP,CBR,26.8,25.3
GRMK-CMP,MPG,17.83,15.1
GRMK-CMP,RWG,6.17,6.8
GRMK-CMP,KBG,21.21,23.2
GRMK-CMP,BSD,44.71,39.6
GRMK-CMP,STB,10.83,11.3
GRMK-CMP,MBS,9.11,10.8
GRMK-CMP,DMT,26.62,24.6
GRMK-CMP,DMG,26.66,24.4
GRMK-CMP,KL_CKG,21.24,20.9
GRMK-CMP,KL_KJ,10.88,10.5
GRMK-CMP,ASTR-ASTR,42.52,37.6
GRMK-CMP,BRW-BRW,15.55,13.4
GRMK-CMP,MGL-MGL,8.32,9.5
GRMK-CMP,WSI-ANCB,8.47,9.9
GRMK-CMP,WSI-BTS,8.47,9.9
GRMK-CMP,WSI-PIK,27.99,26.5
GRMK-CMP,WSI-BSD,35.35,33.3
GRMK-CMP,WSI-ANC,14.01,14.1
GRMK-CMP,BKB-BKB,33.74,32.8
GRMK-CMP,RFS-HANG,15.55,16
GRMK-CMP,RFS-WOLT,17.96,16.2
GRMK-CMP,MBL-MBL,19.61,17.2
GRMK-CMP,ADS-ADS,12.78,14.4
GRMK-CMP,LML-LML,33.26,32.1
GRMK-CMP,HYP-HYP,11.76,12.1
GRMK-CMP,SDJ-CNRE,30.62,30.2
GRMK-CMP,SDJ-SDJE,19.82,19.1
GRMK-CMP,SDJ-PSBC,7.21,8.7
GRMK-CMP,SDJ-SCBD,18.14,14.4
GRMK-CMP,SDJ-BNTR,34.9,31.1
GRMK-CMP,SDJ-CJTA,19.21,17.8
GRMK-CMP,SDJ-PJTN,19.64,18.7
GRMK-CMP,SDJ-CBLH,34.69,30.7
GRMK-CMP,SDJ-KTBT,15.64,14.8
GRMK-CMP,SDJ-ODSS,18.64,15.1
GRMK-CMP,SDJ-SOET,34.69,30.7
GRMK-CMP,SDJ-SMB,18.31,17
GRMK-CMP,SDJ-CBS,23.86,22.4
GRMK-CMP,SDJ-PIM,23.93,21.5
GRMK-CMP,SDJ-CBN,34.69,30.7
GRMK-CMP,SDJ-BLV,28.62,26.7
GRMK-CMP,BFL-BFL,32.5,28.3
GRMK-CMP,BFL-KBY,17.62,15.1
GRMK-CMP,DCGL-BAR,24.76,24.1
GRMK-CMP,DCGS-BAR,37.44,34.5
GRMK-CMP,DCGL-KITC,24.76,24.1
GRMK-CMP,DCGS-KITC,24.76,24.1
GRMK-CMP,DCBM-BAR,19.06,16.4
GRMK-CMP,DCBM-KITC,19.06,16.4
GRMK-CMP,MXW-PGJ,7.67,9.2
GRMK-CMP,MXW-KGD,4.67,4.7
GRMK-CMP,PPY-MTG,9.45,11.1
GRMK-CMP,PPY-CTW,12.22,14.1
GRMK-CMP,PPY-PI,24.4,21.1
GRMK-CMP,PPY-GDS,36.5,33.8
GRMK-CMP,TRF-TRF,26.12,23.1
GRMK-CMP,TRF-CNRE,31.75,31
GRMK-CMP,JOEL-JOEL,17.86,16.2
GRMK-CMP,HMD-HMD,34.69,30.7
GRMK-CMP,GO_PPL,20.32,17.6
GRMK-CMP,GO_TBT,12.23,11.9
GRMK-CMP,MDV-KBY,17.77,15.3
GRMK-CMP,MDV-KGD,4.34,6
GRMK-CMP,MDV-PURI,19.75,20.5
GRMK-CMP,MDV-PDI,25.85,21.8
GRMK-CMP,MDV-BNTR,30.61,27.7
GRMK-CMP,MDV-PDHB,8.79,10.1
GRMK-CMP,MDV-GRVY,22.12,20
GRMK-CMP,SPHS-SPHS,14.18,15.5
GRMK-CMP,DRSR-DRSR,9.12,10.7
GRMK-CMP,EXP-EXP,14.47,15.7
GRMK-CMP,EXP-AEON,39.17,38.5
GRMK-CMP,HHP-HHP,18.9,15.7
GRMK-CMP,GDL-BSD,39.5,37.6
GRMK-CMP,GDL-PIK,27.19,24.9
GRMK-CMP,GDL-MOI,4.22,7.1
GRMK-CMP,GDL-KHI,12.68,10.7
GRMK-CMP,GDL-RDL,20.89,18.5
GRMK-CMP,GDL-PRGN,9.59,11.5
GRMK-CMP,GDL-CNRE,29.83,28.2
GRMK-CMP,GDL-PURI,20.3,20.8
GRMK-CMP,GDL-ANC,10.77,13.1
GRMK-CMP,GDL-GLC,24.31,24.5
GRMK-CMP,GDL-SCBD,14.31,14.7
GRMK-CMP,DDF-DDF,35.15,32.1
GRMK-CMP,FDMX-VDLM,27.62,25.7
GRMK-CMP,JIN-RST,4.66,4.5
GRMK-CMP,JIN-CKC,7.67,9.2
GRMK-CMP,PDLM-PDLM,17.55,15.2
GRMK-CMP,GOF-GD,32.53,28.6
GRMK-CMP,SMI-SMI,12.45,14.2
GRMK-CMP,CST-RTIW,34.27,30.2
GRMK-CMP,GRMK-PSQ,25.76,22.6
GRMK-CMP,GRMK-CBN,35.95,31.8
GRMK-CMP,GRMK-JUN,20.82,16.7
GRMK-CMP,GRMK-KMY,6.26,7.4
GRMK-CMP,GRMK-TJD,13.86,16.2
GRMK-CMP,GRMK-VTR,28.12,24.8
GRMK-CMP,GRMK-STBD,11.04,11.7
GRMK-CMP,GRMK-FTM,24.47,21.9
GRMK-CMP,GRMK-MRY,17.93,19
GRMK-CMP,GRMK-DWS,33.57,30.3
GRMK-CMP,GRMK-CBR,25.21,22.5
GRMK-CMP,GRMK-EMP,14.3,16.4
GRMK-CMP,GRMK-CMP,0,0
GRMK-CMP,GRMK-LRT,5.94,7.1
GRMK-CMP,GRMK-BSD,33.56,31.4
GRMK-CMP,GRMK-GRH,29.57,29.5
GRMK-CMP,GRMK-CPNG,7.41,7.1
GRMK-CMP,GRMK-PLM,15.69,17.2
GRMK-CMP,GRMK-DTA,15.68,13.1
GRMK-CMP,GRMK-SOQ,27.24,23.5
GRMK-CMP,GRMK-XML,14.5,13.1
GRMK-CMP,GRMK-DMT,20.78,20.3
GRMK-CMP,BRIK-STR,2.94,2.7
GRMK-CMP,BRIK-ALS,32.54,29.2
GRMK-CMP,BRIK-GDB,171.18,128.1
GRMK-CMP,BRIK-CKR,42.44,35.7
GRMK-CMP,BRIK-NRG,24.05,20
GRMK-CMP,BRIK-LGK,39.35,34.7
GRMK-CMP,BRIK-BLR,59.62,47
GRMK-CMP,BRIK-STL,45.8,38.1
GRMK-CMP,BRIK-KRW,63.9,52.3
GRMK-CMP,BRIK-MTL,24.05,24
GRMK-CMP,YMY-BTB,21.06,21.4
GRMK-CMP,GLLR-GLLR,40.33,40.5
GRMK-CMP,CSRR-CSRR,16.71,15.3
GRMK-CMP,MTSJ-MTSJ,12.3,13.8
GRMK-CMP,CST-GLN,22.05,20.4
GRMK-CMP,MBG-MBG,20.14,18.1
GRMK-CMP,CST-MBG,14.48,13.1
GRMK-CMP,GDK-KGD,5.3,5.5
GRMK-CMP,GDK-SCBD,13.97,14.3
GRMK-CMP,CST-AYM,28.09,25
GRMK-CMP,WTC-WTC,6.8,6.7
GRMK-CMP,FYN-FYN,20.27,17.8
GRMK-CMP,CST-FDC,15.72,18.6
GRMK-CMP,MDS-MDS,16.72,18
GRMK-CMP,MDS-SCBD,18.78,15.3
GRMK-CMP,HKN-HKN,23.63,20.4
GRMK-LRT,GDS,42.13,40.1
GRMK-LRT,CRD,33.07,30.1
GRMK-LRT,KJT,19.75,17
GRMK-LRT,BKS,20.28,18.6
GRMK-LRT,CBR,27.43,28.1
GRMK-LRT,MPG,23.46,20.7
GRMK-LRT,RWG,7.81,9.9
GRMK-LRT,KBG,27.07,29.4
GRMK-LRT,BSD,50.34,45.2
GRMK-LRT,STB,16.46,16.9
GRMK-LRT,MBS,14.63,16.9
GRMK-LRT,DMT,32.48,30.8
GRMK-LRT,DMG,32.52,30.6
GRMK-LRT,KL_CKG,27.1,27.1
GRMK-LRT,KL_KJ,8.22,11
GRMK-LRT,ASTR-ASTR,48.15,43.2
GRMK-LRT,BRW-BRW,21.18,19
GRMK-LRT,MGL-MGL,14.18,15.7
GRMK-LRT,WSI-ANCB,14.33,16.1
GRMK-LRT,WSI-BTS,14.33,16.1
GRMK-LRT,WSI-PIK,29.91,30.5
GRMK-LRT,WSI-BSD,41.21,39.5
GRMK-LRT,WSI-ANC,15.93,18.1
GRMK-LRT,BKB-BKB,39.37,38.3
GRMK-LRT,RFS-HANG,21.18,21.6
GRMK-LRT,RFS-WOLT,23.59,21.7
GRMK-LRT,MBL-MBL,25.24,22.8
GRMK-LRT,ADS-ADS,18.41,19.9
GRMK-LRT,LML-LML,38.89,37.7
GRMK-LRT,HYP-HYP,17.39,17.6
GRMK-LRT,SDJ-CNRE,36.25,35.8
GRMK-LRT,SDJ-SDJE,25.45,24.7
GRMK-LRT,SDJ-PSBC,13.07,14.9
GRMK-LRT,SDJ-SCBD,23.77,19.9
GRMK-LRT,SDJ-BNTR,40.53,36.7
GRMK-LRT,SDJ-CJTA,24.84,23.4
GRMK-LRT,SDJ-PJTN,25.27,24.3
GRMK-LRT,SDJ-CBLH,40.32,36.3
GRMK-LRT,SDJ-KTBT,14.32,15.5
GRMK-LRT,SDJ-ODSS,24.27,20.7
GRMK-LRT,SDJ-SOET,40.32,36.3
GRMK-LRT,SDJ-SMB,16.99,17.8
GRMK-LRT,SDJ-CBS,29.49,28
GRMK-LRT,SDJ-PIM,29.56,27.1
GRMK-LRT,SDJ-CBN,40.32,36.3
GRMK-LRT,SDJ-BLV,34.25,32.3
GRMK-LRT,BFL-BFL,38.13,33.9
GRMK-LRT,BFL-KBY,23.25,20.7
GRMK-LRT,DCGL-BAR,30.62,30.3
GRMK-LRT,DCGS-BAR,43.3,40.7
GRMK-LRT,DCGL-KITC,30.62,30.3
GRMK-LRT,DCGS-KITC,30.62,30.3
GRMK-LRT,DCBM-BAR,24.69,22
GRMK-LRT,DCBM-KITC,24.69,22
GRMK-LRT,MXW-PGJ,13.19,15.3
GRMK-LRT,MXW-KGD,2.86,4.4
GRMK-LRT,PPY-MTG,15.31,17.3
GRMK-LRT,PPY-CTW,17.85,19.7
GRMK-LRT,PPY-PI,30.03,26.7
GRMK-LRT,PPY-GDS,42.37,40
GRMK-LRT,TRF-TRF,31.75,28.7
GRMK-LRT,TRF-CNRE,37.38,36.6
GRMK-LRT,JOEL-JOEL,23.49,21.7
GRMK-LRT,HMD-HMD,40.32,36.3
GRMK-LRT,GO_PPL,25.95,23.2
GRMK-LRT,GO_TBT,17.86,17.5
GRMK-LRT,MDV-KBY,23.4,20.9
GRMK-LRT,MDV-KGD,4.05,5.5
GRMK-LRT,MDV-PURI,25.61,26.7
GRMK-LRT,MDV-PDI,31.48,27.3
GRMK-LRT,MDV-BNTR,36.24,33.3
GRMK-LRT,MDV-PDHB,10.61,14
GRMK-LRT,MDV-GRVY,27.75,25.6
GRMK-LRT,SPHS-SPHS,20.04,21.7
GRMK-LRT,DRSR-DRSR,14.99,16.9
GRMK-LRT,EXP-EXP,20.1,21.3
GRMK-LRT,EXP-AEON,45.03,44.7
GRMK-LRT,HHP-HHP,24.53,21.3
GRMK-LRT,GDL-BSD,45.36,43.8
GRMK-LRT,GDL-PIK,29.11,28.9
GRMK-LRT,GDL-MOI,4.59,8.9
GRMK-LRT,GDL-KHI,11.37,11.5
GRMK-LRT,GDL-RDL,26.52,24.1
GRMK-LRT,GDL-PRGN,15.12,17.6
GRMK-LRT,GDL-CNRE,35.46,33.8
GRMK-LRT,GDL-PURI,26.16,27
GRMK-LRT,GDL-ANC,15.85,18.4
GRMK-LRT,GDL-GLC,30.17,30.7
GRMK-LRT,GDL-SCBD,19.94,20.3
GRMK-LRT,DDF-DDF,40.78,37.7
GRMK-LRT,FDMX-VDLM,33.25,31.3
GRMK-LRT,JIN-RST,2.85,4.2
GRMK-LRT,JIN-CKC,13.19,15.3
GRMK-LRT,PDLM-PDLM,23.18,20.7
GRMK-LRT,GOF-GD,34.45,32.6
GRMK-LRT,SMI-SMI,18.08,19.8
GRMK-LRT,CST-RTIW,39.9,35.8
GRMK-LRT,GRMK-PSQ,31.39,28.1
GRMK-LRT,GRMK-CBN,41.58,37.4
GRMK-LRT,GRMK-JUN,19.5,17.5
GRMK-LRT,GRMK-KMY,12.12,13.6
GRMK-LRT,GRMK-TJD,19.72,22.4
GRMK-LRT,GRMK-VTR,33.75,30.4
GRMK-LRT,GRMK-STBD,16.67,17.3
GRMK-LRT,GRMK-FTM,30.1,27.5
GRMK-LRT,GRMK-MRY,23.79,25.3
GRMK-LRT,GRMK-DWS,39.2,35.8
GRMK-LRT,GRMK-CBR,30.84,28.1
GRMK-LRT,GRMK-EMP,19.66,20.5
GRMK-LRT,GRMK-CMP,8.46,9.9
GRMK-LRT,GRMK-LRT,0,0
GRMK-LRT,GRMK-BSD,39.42,37.6
GRMK-LRT,GRMK-GRH,35.43,35.7
GRMK-LRT,GRMK-CPNG,13.04,12.7
GRMK-LRT,GRMK-PLM,21.32,22.8
GRMK-LRT,GRMK-DTA,21.31,18.7
GRMK-LRT,GRMK-SOQ,32.87,29.1
GRMK-LRT,GRMK-XML,13.18,13.8
GRMK-LRT,GRMK-DMT,26.64,26.5
GRMK-LRT,BRIK-STR,4.85,6.8
GRMK-LRT,BRIK-ALS,38.4,35.4
GRMK-LRT,BRIK-GDB,169.86,128.9
GRMK-LRT,BRIK-CKR,41.12,36.4
GRMK-LRT,BRIK-NRG,22.73,20.7
GRMK-LRT,BRIK-LGK,45.21,40.9
GRMK-LRT,BRIK-BLR,65.48,53.2
GRMK-LRT,BRIK-STL,51.43,43.7
GRMK-LRT,BRIK-KRW,62.58,53.1
GRMK-LRT,BRIK-MTL,29.91,30.2
GRMK-LRT,YMY-BTB,26.93,27.6
GRMK-LRT,GLLR-GLLR,46.19,46.7
GRMK-LRT,CSRR-CSRR,18.63,19.2
GRMK-LRT,MTSJ-MTSJ,17.93,19.4
GRMK-LRT,CST-GLN,27.68,26
GRMK-LRT,MBG-MBG,25.77,23.7
GRMK-LRT,CST-MBG,13.16,13.9
GRMK-LRT,GDK-KGD,2.36,4.3
GRMK-LRT,GDK-SCBD,19.6,19.9
GRMK-LRT,CST-AYM,33.72,30.5
GRMK-LRT,WTC-WTC,12.43,12.3
GRMK-LRT,FYN-FYN,25.9,23.3
GRMK-LRT,CST-FDC,21.35,24.2
GRMK-LRT,MDS-MDS,22.35,23.6
GRMK-LRT,MDS-SCBD,24.41,20.9
GRMK-LRT,HKN-HKN,22.32,21.1
GRMK-BSD,GDS,7.82,8.8
GRMK-BSD,CRD,23.45,22.4
GRMK-BSD,KJT,34.3,29.7
GRMK-BSD,BKS,47.01,41.5
GRMK-BSD,CBR,42.42,37.8
GRMK-BSD,MPG,29.85,27.6
GRMK-BSD,RWG,40.27,36.9
GRMK-BSD,KBG,20.3,22
GRMK-BSD,BSD,9.41,10.7
GRMK-BSD,STB,32.93,29.5
GRMK-BSD,MBS,30.9,27.8
GRMK-BSD,DMT,20.02,18.8
GRMK-BSD,DMG,18.45,17.7
GRMK-BSD,KL_CKG,21.74,21.3
GRMK-BSD,KL_KJ,47.39,41.1
GRMK-BSD,ASTR-ASTR,46.65,37.4
GRMK-BSD,BRW-BRW,32.14,30.2
GRMK-BSD,MGL-MGL,29.04,26.1
GRMK-BSD,WSI-ANCB,28.84,26.5
GRMK-BSD,WSI-BTS,28.84,26.5
GRMK-BSD,WSI-PIK,29.98,31.7
GRMK-BSD,WSI-BSD,1.79,1.9
GRMK-BSD,WSI-ANC,34.82,31.8
GRMK-BSD,BKB-BKB,11.86,14.1
GRMK-BSD,RFS-HANG,22.1,24.1
GRMK-BSD,RFS-WOLT,25.99,29.2
GRMK-BSD,MBL-MBL,25.65,27.5
GRMK-BSD,ADS-ADS,31.51,27.7
GRMK-BSD,LML-LML,11.37,13.4
GRMK-BSD,HYP-HYP,33.22,29.6
GRMK-BSD,SDJ-CNRE,22.97,22.5
GRMK-BSD,SDJ-SDJE,27.71,27.1
GRMK-BSD,SDJ-PSBC,29.38,26.2
GRMK-BSD,SDJ-SCBD,31.37,27.1
GRMK-BSD,SDJ-BNTR,13.14,13.9
GRMK-BSD,SDJ-CJTA,37.58,30.1
GRMK-BSD,SDJ-PJTN,27.98,27.3
GRMK-BSD,SDJ-CBLH,13.13,13.5
GRMK-BSD,SDJ-KTBT,48.2,41.6
GRMK-BSD,SDJ-ODSS,31.62,27.5
GRMK-BSD,SDJ-SOET,13.13,13.5
GRMK-BSD,SDJ-SMB,55.55,48
GRMK-BSD,SDJ-CBS,25.14,23.8
GRMK-BSD,SDJ-PIM,21.76,23
GRMK-BSD,SDJ-CBN,13.13,13.5
GRMK-BSD,SDJ-BLV,20.18,20.8
GRMK-BSD,BFL-BFL,30.92,25.8
GRMK-BSD,BFL-KBY,25.08,27.2
GRMK-BSD,DCGL-BAR,16.08,16.9
GRMK-BSD,DCGS-BAR,6.12,7.1
GRMK-BSD,DCGL-KITC,16.08,16.9
GRMK-BSD,DCGS-KITC,16.08,16.9
GRMK-BSD,DCBM-BAR,24.12,25.7
GRMK-BSD,DCBM-KITC,24.12,25.7
GRMK-BSD,MXW-PGJ,32.3,29.6
GRMK-BSD,MXW-KGD,40.08,36.2
GRMK-BSD,PPY-MTG,30.01,26.7
GRMK-BSD,PPY-CTW,30.46,27.4
GRMK-BSD,PPY-PI,21.37,22
GRMK-BSD,PPY-GDS,8.06,8.7
GRMK-BSD,TRF-TRF,25,23.2
GRMK-BSD,TRF-CNRE,22.42,21.5
GRMK-BSD,JOEL-JOEL,32.72,29.5
GRMK-BSD,HMD-HMD,13.13,13.5
GRMK-BSD,GO_PPL,27.23,25.1
GRMK-BSD,GO_TBT,37.35,32
GRMK-BSD,MDV-KBY,24.93,27
GRMK-BSD,MDV-KGD,39.77,37.2
GRMK-BSD,MDV-PURI,18.93,19.5
GRMK-BSD,MDV-PDI,21.67,20.4
GRMK-BSD,MDV-BNTR,13.8,15.2
GRMK-BSD,MDV-PDHB,36.84,35.5
GRMK-BSD,MDV-GRVY,21.94,22.4
GRMK-BSD,SPHS-SPHS,27.78,24.4
GRMK-BSD,DRSR-DRSR,30.95,28.3
GRMK-BSD,EXP-EXP,30.29,26.8
GRMK-BSD,EXP-AEON,5.61,7.2
GRMK-BSD,HHP-HHP,31.89,28.1
GRMK-BSD,GDL-BSD,6.74,7.9
GRMK-BSD,GDL-PIK,29.17,30.1
GRMK-BSD,GDL-MOI,39.63,38.6
GRMK-BSD,GDL-KHI,48.11,41.9
GRMK-BSD,GDL-RDL,22.97,23.5
GRMK-BSD,GDL-PRGN,29.84,26.9
GRMK-BSD,GDL-CNRE,23.4,21.9
GRMK-BSD,GDL-PURI,18.28,18.4
GRMK-BSD,GDL-ANC,37.51,33.4
GRMK-BSD,GDL-GLC,15.64,17.3
GRMK-BSD,GDL-SCBD,31.37,27
GRMK-BSD,DDF-DDF,9.5,10.7
GRMK-BSD,FDMX-VDLM,24.58,23.8
GRMK-BSD,JIN-RST,40.07,36
GRMK-BSD,JIN-CKC,32.29,29.6
GRMK-BSD,PDLM-PDLM,31.79,27.4
GRMK-BSD,GOF-GD,24.87,24.9
GRMK-BSD,SMI-SMI,31.44,27.7
GRMK-BSD,CST-RTIW,26.96,23.8
GRMK-BSD,GRMK-PSQ,24.64,22.7
GRMK-BSD,GRMK-CBN,40.08,31.6
GRMK-BSD,GRMK-JUN,55.46,45.5
GRMK-BSD,GRMK-KMY,30.48,27.6
GRMK-BSD,GRMK-TJD,25.09,24.2
GRMK-BSD,GRMK-VTR,16.09,16.1
GRMK-BSD,GRMK-STBD,32.34,29.5
GRMK-BSD,GRMK-FTM,23.83,22.2
GRMK-BSD,GRMK-MRY,21.52,21.7
GRMK-BSD,GRMK-DWS,28.92,25.9
GRMK-BSD,GRMK-CBR,36.75,32.5
GRMK-BSD,GRMK-EMP,31.16,27
GRMK-BSD,GRMK-CMP,38.27,35.5
GRMK-BSD,GRMK-LRT,41.38,38.3
GRMK-BSD,GRMK-BSD,0,0
GRMK-BSD,GRMK-GRH,6.92,9.6
GRMK-BSD,GRMK-CPNG,37.7,34.9
GRMK-BSD,GRMK-PLM,29.41,26.3
GRMK-BSD,GRMK-DTA,31.55,29.7
GRMK-BSD,GRMK-SOQ,21.75,20.8
GRMK-BSD,GRMK-XML,47.01,39.4
GRMK-BSD,GRMK-DMT,22.66,22.1
GRMK-BSD,BRIK-STR,38.34,34.1
GRMK-BSD,BRIK-ALS,6.03,6
GRMK-BSD,BRIK-GDB,178.56,138.4
GRMK-BSD,BRIK-CKR,73.39,59.8
GRMK-BSD,BRIK-NRG,46.59,41.4
GRMK-BSD,BRIK-LGK,12.61,13.2
GRMK-BSD,BRIK-BLR,38.66,30.2
GRMK-BSD,BRIK-STL,52.59,42.2
GRMK-BSD,BRIK-KRW,93.36,72.6
GRMK-BSD,BRIK-MTL,15.37,16.8
GRMK-BSD,YMY-BTB,19.5,21
GRMK-BSD,GLLR-GLLR,6.77,9.1
GRMK-BSD,CSRR-CSRR,32.31,28.1
GRMK-BSD,MTSJ-MTSJ,30.53,27.1
GRMK-BSD,CST-GLN,22.08,22.9
GRMK-BSD,MBG-MBG,28.95,27.9
GRMK-BSD,CST-MBG,49.91,44.3
GRMK-BSD,GDK-KGD,40.71,37
GRMK-BSD,GDK-SCBD,31.03,26.6
GRMK-BSD,CST-AYM,27.25,26.7
GRMK-BSD,WTC-WTC,34.64,31.5
GRMK-BSD,FYN-FYN,22.35,23.6
GRMK-BSD,CST-FDC,30.39,28.7
GRMK-BSD,MDS-MDS,23.63,26.8
GRMK-BSD,MDS-SCBD,31.76,27.7
GRMK-BSD,HKN-HKN,45.61,40.6
GRMK-GRH,GDS,12.74,14
GRMK-GRH,CRD,19.31,19.3
GRMK-GRH,KJT,30.16,26.6
GRMK-GRH,BKS,42.28,37
GRMK-GRH,CBR,39.24,37.7
GRMK-GRH,MPG,23.07,22.5
GRMK-GRH,RWG,31.49,30.4
GRMK-GRH,KBG,12.35,15.3
GRMK-GRH,BSD,17.18,18.4
GRMK-GRH,STB,23.72,22.8
GRMK-GRH,MBS,23.99,21.5
GRMK-GRH,DMT,12.14,14.3
GRMK-GRH,DMG,12.17,14.1
GRMK-GRH,KL_CKG,12.66,13.6
GRMK-GRH,KL_KJ,40.48,34.7
GRMK-GRH,ASTR-ASTR,49.22,38.5
GRMK-GRH,BRW-BRW,24.71,23.8
GRMK-GRH,MGL-MGL,22.14,19.8
GRMK-GRH,WSI-ANCB,21.93,20.2
GRMK-GRH,WSI-BTS,21.93,20.2
GRMK-GRH,WSI-PIK,22,25.2
GRMK-GRH,WSI-BSD,9.57,9.6
GRMK-GRH,WSI-ANC,27.91,25.5
GRMK-GRH,BKB-BKB,11.68,12.6
GRMK-GRH,RFS-HANG,15.28,14.9
GRMK-GRH,RFS-WOLT,18.67,20.7
GRMK-GRH,MBL-MBL,18.34,18.9
GRMK-GRH,ADS-ADS,19.32,19.3
GRMK-GRH,LML-LML,11.2,11.9
GRMK-GRH,HYP-HYP,22.94,22
GRMK-GRH,SDJ-CNRE,25.54,23.5
GRMK-GRH,SDJ-SDJE,23.57,24
GRMK-GRH,SDJ-PSBC,22.47,19.9
GRMK-GRH,SDJ-SCBD,19.36,19.3
GRMK-GRH,SDJ-BNTR,14.2,15.2
GRMK-GRH,SDJ-CJTA,28.81,27
GRMK-GRH,SDJ-PJTN,23.84,24.2
GRMK-GRH,SDJ-CBLH,13.99,14.8
GRMK-GRH,SDJ-KTBT,37.65,34.1
GRMK-GRH,SDJ-ODSS,18.32,19.2
GRMK-GRH,SDJ-SOET,13.99,14.8
GRMK-GRH,SDJ-SMB,43.53,40.5
GRMK-GRH,SDJ-CBS,21,20.7
GRMK-GRH,SDJ-PIM,17.28,17.2
GRMK-GRH,SDJ-CBN,13.99,14.8
GRMK-GRH,SDJ-BLV,20.53,20.8
GRMK-GRH,BFL-BFL,33.49,26.8
GRMK-GRH,BFL-KBY,17.77,18.6
GRMK-GRH,DCGL-BAR,7.77,8.7
GRMK-GRH,DCGS-BAR,13.91,14.6
GRMK-GRH,DCGL-KITC,7.77,8.7
GRMK-GRH,DCGS-KITC,7.77,8.7
GRMK-GRH,DCBM-BAR,16.8,17.2
GRMK-GRH,DCBM-KITC,16.8,17.2
GRMK-GRH,MXW-PGJ,25.39,23.2
GRMK-GRH,MXW-KGD,33.18,29.8
GRMK-GRH,PPY-MTG,23.1,20.3
GRMK-GRH,PPY-CTW,19.37,19.7
GRMK-GRH,PPY-PI,17.74,16.8
GRMK-GRH,PPY-GDS,12.97,13.9
GRMK-GRH,TRF-TRF,20.86,20.1
GRMK-GRH,TRF-CNRE,24.99,22.6
GRMK-GRH,JOEL-JOEL,19.07,20.6
GRMK-GRH,HMD-HMD,13.99,14.8
GRMK-GRH,GO_PPL,16.92,17.2
GRMK-GRH,GO_TBT,25.33,24.4
GRMK-GRH,MDV-KBY,17.62,18.4
GRMK-GRH,MDV-KGD,32.86,30.9
GRMK-GRH,MDV-PURI,10.98,12.8
GRMK-GRH,MDV-PDI,17.53,17.2
GRMK-GRH,MDV-BNTR,13.58,13.8
GRMK-GRH,MDV-PDHB,29.93,29.1
GRMK-GRH,MDV-GRVY,17.35,16.7
GRMK-GRH,SPHS-SPHS,20.88,18
GRMK-GRH,DRSR-DRSR,24.04,22
GRMK-GRH,EXP-EXP,18.1,18.4
GRMK-GRH,EXP-AEON,13.38,14.9
GRMK-GRH,HHP-HHP,18.59,19.9
GRMK-GRH,GDL-BSD,14.51,15.6
GRMK-GRH,GDL-PIK,21.2,23.6
GRMK-GRH,GDL-MOI,32.72,32.2
GRMK-GRH,GDL-KHI,41.21,35.6
GRMK-GRH,GDL-RDL,16.64,16.7
GRMK-GRH,GDL-PRGN,22.93,20.5
GRMK-GRH,GDL-CNRE,25.97,23
GRMK-GRH,GDL-PURI,10.33,11.7
GRMK-GRH,GDL-ANC,30.6,27
GRMK-GRH,GDL-GLC,6.69,8.3
GRMK-GRH,GDL-SCBD,19.36,19.2
GRMK-GRH,DDF-DDF,10.56,11.5
GRMK-GRH,FDMX-VDLM,20.44,20.7
GRMK-GRH,JIN-RST,33.16,29.6
GRMK-GRH,JIN-CKC,25.39,23.2
GRMK-GRH,PDLM-PDLM,19.78,19.6
GRMK-GRH,GOF-GD,20.21,20.6
GRMK-GRH,SMI-SMI,19.24,19.3
GRMK-GRH,CST-RTIW,29.53,24.8
GRMK-GRH,GRMK-PSQ,20.5,19.5
GRMK-GRH,GRMK-CBN,42.65,32.7
GRMK-GRH,GRMK-JUN,43.45,37.9
GRMK-GRH,GRMK-KMY,23.57,21.3
GRMK-GRH,GRMK-TJD,18.19,17.8
GRMK-GRH,GRMK-VTR,14.76,15.7
GRMK-GRH,GRMK-STBD,23.13,22.9
GRMK-GRH,GRMK-FTM,19.69,19.1
GRMK-GRH,GRMK-MRY,13.57,15.1
GRMK-GRH,GRMK-DWS,31.49,26.9
GRMK-GRH,GRMK-CBR,39.32,33.5
GRMK-GRH,GRMK-EMP,24.26,20.7
GRMK-GRH,GRMK-CMP,31.36,29.2
GRMK-GRH,GRMK-LRT,34.47,32
GRMK-GRH,GRMK-BSD,7.78,7.7
GRMK-GRH,GRMK-GRH,0,0
GRMK-GRH,GRMK-CPNG,30.4,27.5
GRMK-GRH,GRMK-PLM,16.42,18
GRMK-GRH,GRMK-DTA,24.56,23.3
GRMK-GRH,GRMK-SOQ,17.6,17.6
GRMK-GRH,GRMK-XML,35,31.9
GRMK-GRH,GRMK-DMT,13.58,14.4
GRMK-GRH,BRIK-STR,31.44,27.8
GRMK-GRH,BRIK-ALS,6.55,7
GRMK-GRH,BRIK-GDB,187.92,140.9
GRMK-GRH,BRIK-CKR,62.72,55.5
GRMK-GRH,BRIK-NRG,42.45,38.2
GRMK-GRH,BRIK-LGK,16.13,16.9
GRMK-GRH,BRIK-BLR,39.8,31.6
GRMK-GRH,BRIK-STL,55.16,43.3
GRMK-GRH,BRIK-KRW,83.88,68.6
GRMK-GRH,BRIK-MTL,7.33,8.8
GRMK-GRH,YMY-BTB,10.56,11.8
GRMK-GRH,GLLR-GLLR,14.55,16.8
GRMK-GRH,CSRR-CSRR,25.41,21.8
GRMK-GRH,MTSJ-MTSJ,19.3,19.8
GRMK-GRH,CST-GLN,17.48,17.2
GRMK-GRH,MBG-MBG,24.81,24.8
GRMK-GRH,CST-MBG,43,38
GRMK-GRH,GDK-KGD,33.81,30.6
GRMK-GRH,GDK-SCBD,19.02,18.8
GRMK-GRH,CST-AYM,29.82,27.7
GRMK-GRH,WTC-WTC,25.86,25.1
GRMK-GRH,FYN-FYN,15.6,15.4
GRMK-GRH,CST-FDC,17.25,19.5
GRMK-GRH,MDS-MDS,16.81,17.6
GRMK-GRH,MDS-SCBD,18.2,18.9
GRMK-GRH,HKN-HKN,41.47,37.5
GRMK-CPNG,GDS,41.78,33.8
GRMK-CPNG,CRD,21.34,19.8
GRMK-CPNG,KJT,8.02,6.7
GRMK-CPNG,BKS,17.24,17.2
GRMK-CPNG,CBR,20.7,20.6
GRMK-CPNG,MPG,11.74,10.4
GRMK-CPNG,RWG,4.81,6.2
GRMK-CPNG,KBG,26.72,23.1
GRMK-CPNG,BSD,38.61,34.9
GRMK-CPNG,STB,9.35,10.7
GRMK-CPNG,MBS,13.02,13.8
GRMK-CPNG,DMT,33.19,25
GRMK-CPNG,DMG,33.23,24.8
GRMK-CPNG,KL_CKG,27.81,21.3
GRMK-CPNG,KL_KJ,17.29,15.4
GRMK-CPNG,ASTR-ASTR,36.42,32.9
GRMK-CPNG,BRW-BRW,9.45,8.7
GRMK-CPNG,MGL-MGL,11.21,11.9
GRMK-CPNG,WSI-ANCB,11.35,12.3
GRMK-CPNG,WSI-BTS,11.35,12.3
GRMK-CPNG,WSI-PIK,34.01,29
GRMK-CPNG,WSI-BSD,40.87,33.2
GRMK-CPNG,WSI-ANC,15.45,17.3
GRMK-CPNG,BKB-BKB,27.64,28
GRMK-CPNG,RFS-HANG,14.29,12.2
GRMK-CPNG,RFS-WOLT,11.86,11.4
GRMK-CPNG,MBL-MBL,13.51,12.4
GRMK-CPNG,ADS-ADS,14.27,12.1
GRMK-CPNG,LML-LML,27.16,27.3
GRMK-CPNG,HYP-HYP,12.13,10.3
GRMK-CPNG,SDJ-CNRE,24.52,25.5
GRMK-CPNG,SDJ-SDJE,13.72,14.4
GRMK-CPNG,SDJ-PSBC,10.21,11
GRMK-CPNG,SDJ-SCBD,12.04,9.6
GRMK-CPNG,SDJ-BNTR,28.8,26.4
GRMK-CPNG,SDJ-CJTA,13.11,13.1
GRMK-CPNG,SDJ-PJTN,13.54,13.9
GRMK-CPNG,SDJ-CBLH,28.59,26
GRMK-CPNG,SDJ-KTBT,12.5,13.1
GRMK-CPNG,SDJ-ODSS,12.54,10.3
GRMK-CPNG,SDJ-SOET,28.59,26
GRMK-CPNG,SDJ-SMB,17.45,18
GRMK-CPNG,SDJ-CBS,17.76,17.7
GRMK-CPNG,SDJ-PIM,17.84,16.7
GRMK-CPNG,SDJ-CBN,28.59,26
GRMK-CPNG,SDJ-BLV,22.52,21.9
GRMK-CPNG,BFL-BFL,26.4,23.5
GRMK-CPNG,BFL-KBY,11.52,10.4
GRMK-CPNG,DCGL-BAR,30.27,24
GRMK-CPNG,DCGS-BAR,42.96,34.4
GRMK-CPNG,DCGL-KITC,30.27,24
GRMK-CPNG,DCGS-KITC,30.27,24
GRMK-CPNG,DCBM-BAR,12.96,11.7
GRMK-CPNG,DCBM-KITC,12.96,11.7
GRMK-CPNG,MXW-PGJ,11.58,12.2
GRMK-CPNG,MXW-KGD,11.08,9.6
GRMK-CPNG,PPY-MTG,9.84,11.6
GRMK-CPNG,PPY-CTW,14.32,12.5
GRMK-CPNG,PPY-PI,18.3,16.3
GRMK-CPNG,PPY-GDS,42.02,33.7
GRMK-CPNG,TRF-TRF,20.02,18.4
GRMK-CPNG,TRF-CNRE,25.65,26.3
GRMK-CPNG,JOEL-JOEL,11.76,11.4
GRMK-CPNG,HMD-HMD,28.59,26
GRMK-CPNG,GO_PPL,14.22,12.9
GRMK-CPNG,GO_TBT,6.13,7.2
GRMK-CPNG,MDV-KBY,11.67,10.6
GRMK-CPNG,MDV-KGD,10.74,10.8
GRMK-CPNG,MDV-PURI,25.27,20.4
GRMK-CPNG,MDV-PDI,19.75,17
GRMK-CPNG,MDV-BNTR,24.51,23
GRMK-CPNG,MDV-PDHB,15.2,15
GRMK-CPNG,MDV-GRVY,16.02,15.3
GRMK-CPNG,SPHS-SPHS,15.07,12.2
GRMK-CPNG,DRSR-DRSR,10.24,11.3
GRMK-CPNG,EXP-EXP,13.04,11.2
GRMK-CPNG,EXP-AEON,37.76,37.1
GRMK-CPNG,HHP-HHP,12.8,11
GRMK-CPNG,GDL-BSD,45.02,37.5
GRMK-CPNG,GDL-PIK,33.2,27.4
GRMK-CPNG,GDL-MOI,10.62,12
GRMK-CPNG,GDL-KHI,15.65,14.4
GRMK-CPNG,GDL-RDL,14.79,13.7
GRMK-CPNG,GDL-PRGN,13.2,13.9
GRMK-CPNG,GDL-CNRE,23.73,23.5
GRMK-CPNG,GDL-PURI,25.81,20.7
GRMK-CPNG,GDL-ANC,14.68,16.1
GRMK-CPNG,GDL-GLC,29.83,24.4
GRMK-CPNG,GDL-SCBD,13.05,10.9
GRMK-CPNG,DDF-DDF,29.05,27.4
GRMK-CPNG,FDMX-VDLM,21.52,20.9
GRMK-CPNG,JIN-RST,11.07,9.4
GRMK-CPNG,JIN-CKC,11.58,12.2
GRMK-CPNG,PDLM-PDLM,11.45,10.4
GRMK-CPNG,GOF-GD,38.54,31.1
GRMK-CPNG,SMI-SMI,14.19,12.1
GRMK-CPNG,CST-RTIW,28.17,25.4
GRMK-CPNG,GRMK-PSQ,19.66,17.8
GRMK-CPNG,GRMK-CBN,29.85,27.1
GRMK-CPNG,GRMK-JUN,17.56,16.8
GRMK-CPNG,GRMK-KMY,9.69,10.6
GRMK-CPNG,GRMK-TJD,19.47,16
GRMK-CPNG,GRMK-VTR,22.02,20
GRMK-CPNG,GRMK-STBD,9.56,11.1
GRMK-CPNG,GRMK-FTM,18.37,17.2
GRMK-CPNG,GRMK-MRY,23.45,19
GRMK-CPNG,GRMK-DWS,27.47,25.5
GRMK-CPNG,GRMK-CBR,19.11,17.7
GRMK-CPNG,GRMK-EMP,23.46,18.4
GRMK-CPNG,GRMK-CMP,6.78,6.9
GRMK-CPNG,GRMK-LRT,12.35,11.9
GRMK-CPNG,GRMK-BSD,39.08,31.3
GRMK-CPNG,GRMK-GRH,30.05,28.2
GRMK-CPNG,GRMK-CPNG,0,0
GRMK-CPNG,GRMK-PLM,15.89,13.1
GRMK-CPNG,GRMK-DTA,9.58,8.4
GRMK-CPNG,GRMK-SOQ,21.14,18.8
GRMK-CPNG,GRMK-XML,11.22,10.8
GRMK-CPNG,GRMK-DMT,27.35,20.7
GRMK-CPNG,BRIK-STR,9.34,7.6
GRMK-CPNG,BRIK-ALS,38.06,29.1
GRMK-CPNG,BRIK-GDB,169.22,125.1
GRMK-CPNG,BRIK-CKR,39.19,35.7
GRMK-CPNG,BRIK-NRG,21.12,19.5
GRMK-CPNG,BRIK-LGK,44.86,34.6
GRMK-CPNG,BRIK-BLR,65.13,46.9
GRMK-CPNG,BRIK-STL,39.7,33.3
GRMK-CPNG,BRIK-KRW,61.95,49.3
GRMK-CPNG,BRIK-MTL,29.56,23.9
GRMK-CPNG,YMY-BTB,27.64,21.8
GRMK-CPNG,GLLR-GLLR,37.33,38.2
GRMK-CPNG,CSRR-CSRR,18.15,18.4
GRMK-CPNG,MTSJ-MTSJ,14.24,12.6
GRMK-CPNG,CST-GLN,15.95,15.6
GRMK-CPNG,MBG-MBG,14.04,13.4
GRMK-CPNG,CST-MBG,14.85,15.9
GRMK-CPNG,GDK-KGD,11.71,10.4
GRMK-CPNG,GDK-SCBD,12.72,10.5
GRMK-CPNG,CST-AYM,21.99,20.2
GRMK-CPNG,WTC-WTC,5.38,6.1
GRMK-CPNG,FYN-FYN,14.18,13
GRMK-CPNG,CST-FDC,14.3,14.1
GRMK-CPNG,MDS-MDS,15.29,13.5
GRMK-CPNG,MDS-SCBD,12.68,10.5
GRMK-CPNG,HKN-HKN,17.13,17.3
GRMK-PLM,GDS,28.07,23.9
GRMK-PLM,CRD,14.58,12.8
GRMK-PLM,KJT,15.51,12.3
GRMK-PLM,BKS,27.72,22.6
GRMK-PLM,CBR,28.19,26.1
GRMK-PLM,MPG,8.52,8.2
GRMK-PLM,RWG,14.14,14.9
GRMK-PLM,KBG,13,13.2
GRMK-PLM,BSD,30.26,27.3
GRMK-PLM,STB,6.37,7.3
GRMK-PLM,MBS,9.39,9.4
GRMK-PLM,DMT,19.47,15.1
GRMK-PLM,DMG,19.51,15
GRMK-PLM,KL_CKG,14.09,11.4
GRMK-PLM,KL_KJ,22.06,21.8
GRMK-PLM,ASTR-ASTR,42.99,36.2
GRMK-PLM,BRW-BRW,10.15,9.4
GRMK-PLM,MGL-MGL,7.54,7.7
GRMK-PLM,WSI-ANCB,7.33,8.1
GRMK-PLM,WSI-BTS,7.33,8.1
GRMK-PLM,WSI-PIK,20.29,19.3
GRMK-PLM,WSI-BSD,27.15,23.3
GRMK-PLM,WSI-ANC,13.39,13.4
GRMK-PLM,BKB-BKB,20.41,20.1
GRMK-PLM,RFS-HANG,5.56,5.9
GRMK-PLM,RFS-WOLT,6.42,7.9
GRMK-PLM,MBL-MBL,8.87,8.8
GRMK-PLM,ADS-ADS,4.95,5.6
GRMK-PLM,LML-LML,19.92,19.5
GRMK-PLM,HYP-HYP,6.66,7.5
GRMK-PLM,SDJ-CNRE,20.77,22.3
GRMK-PLM,SDJ-SDJE,10.51,12.2
GRMK-PLM,SDJ-PSBC,7.87,7.8
GRMK-PLM,SDJ-SCBD,4.81,5
GRMK-PLM,SDJ-BNTR,20.45,18.8
GRMK-PLM,SDJ-CJTA,19.59,18.1
GRMK-PLM,SDJ-PJTN,10.33,11.7
GRMK-PLM,SDJ-CBLH,20.24,18.4
GRMK-PLM,SDJ-KTBT,23.09,19.6
GRMK-PLM,SDJ-ODSS,5.06,5.4
GRMK-PLM,SDJ-SOET,20.24,18.4
GRMK-PLM,SDJ-SMB,28.97,26
GRMK-PLM,SDJ-CBS,16.19,14.2
GRMK-PLM,SDJ-PIM,9.49,9.1
GRMK-PLM,SDJ-CBN,20.24,18.4
GRMK-PLM,SDJ-BLV,15.8,14.3
GRMK-PLM,BFL-BFL,26.82,24.1
GRMK-PLM,BFL-KBY,6.95,7.4
GRMK-PLM,DCGL-BAR,16.56,14.2
GRMK-PLM,DCGS-BAR,29.24,24.6
GRMK-PLM,DCGL-KITC,16.56,14.2
GRMK-PLM,DCGS-KITC,16.56,14.2
GRMK-PLM,DCBM-BAR,7.38,7.3
GRMK-PLM,DCBM-KITC,7.38,7.3
GRMK-PLM,MXW-PGJ,10.8,11.1
GRMK-PLM,MXW-KGD,15.85,16
GRMK-PLM,PPY-MTG,5.78,6.6
GRMK-PLM,PPY-CTW,3.9,5.3
GRMK-PLM,PPY-PI,9.96,8.7
GRMK-PLM,PPY-GDS,28.3,23.9
GRMK-PLM,TRF-TRF,16.05,13.7
GRMK-PLM,TRF-CNRE,20.11,19.9
GRMK-PLM,JOEL-JOEL,6.16,7.4
GRMK-PLM,HMD-HMD,20.24,18.4
GRMK-PLM,GO_PPL,8.22,8
GRMK-PLM,GO_TBT,10.77,10
GRMK-PLM,MDV-KBY,7.09,7.6
GRMK-PLM,MDV-KGD,15.54,17.1
GRMK-PLM,MDV-PURI,11.55,10.5
GRMK-PLM,MDV-PDI,11.4,9.4
GRMK-PLM,MDV-BNTR,16.16,15.4
GRMK-PLM,MDV-PDHB,15.33,17
GRMK-PLM,MDV-GRVY,9.56,8.6
GRMK-PLM,SPHS-SPHS,1.37,2.4
GRMK-PLM,DRSR-DRSR,6.72,8.2
GRMK-PLM,EXP-EXP,3.73,4.7
GRMK-PLM,EXP-AEON,30.97,28.5
GRMK-PLM,HHP-HHP,5.33,6
GRMK-PLM,GDL-BSD,31.3,27.6
GRMK-PLM,GDL-PIK,19.49,17.7
GRMK-PLM,GDL-MOI,15.39,18.5
GRMK-PLM,GDL-KHI,23.88,21.8
GRMK-PLM,GDL-RDL,8.92,8.8
GRMK-PLM,GDL-PRGN,8.33,8.4
GRMK-PLM,GDL-CNRE,18.2,17.1
GRMK-PLM,GDL-PURI,12.1,10.8
GRMK-PLM,GDL-ANC,16.09,14.7
GRMK-PLM,GDL-GLC,16.11,14.5
GRMK-PLM,GDL-SCBD,4.81,4.9
GRMK-PLM,DDF-DDF,20.7,19.8
GRMK-PLM,FDMX-VDLM,15.71,14.1
GRMK-PLM,JIN-RST,15.84,15.8
GRMK-PLM,JIN-CKC,10.79,11.1
GRMK-PLM,PDLM-PDLM,5.23,5.3
GRMK-PLM,GOF-GD,24.83,21.4
GRMK-PLM,SMI-SMI,4.88,5.6
GRMK-PLM,CST-RTIW,27.07,24.7
GRMK-PLM,GRMK-PSQ,15.68,13.1
GRMK-PLM,GRMK-CBN,36.42,30.4
GRMK-PLM,GRMK-JUN,28.89,23.5
GRMK-PLM,GRMK-KMY,8.97,9.2
GRMK-PLM,GRMK-TJD,5.75,6.2
GRMK-PLM,GRMK-VTR,13.67,12.4
GRMK-PLM,GRMK-STBD,5.78,7.4
GRMK-PLM,GRMK-FTM,14.88,12.6
GRMK-PLM,GRMK-MRY,9.73,9.1
GRMK-PLM,GRMK-DWS,27.89,26.1
GRMK-PLM,GRMK-CBR,26.6,23.3
GRMK-PLM,GRMK-EMP,9.74,8.6
GRMK-PLM,GRMK-CMP,13.5,14.6
GRMK-PLM,GRMK-LRT,17.14,18.2
GRMK-PLM,GRMK-BSD,25.36,21.4
GRMK-PLM,GRMK-GRH,16.74,18.6
GRMK-PLM,GRMK-CPNG,11.14,12.8
GRMK-PLM,GRMK-PLM,0,0
GRMK-PLM,GRMK-DTA,10,8.9
GRMK-PLM,GRMK-SOQ,12.79,11.2
GRMK-PLM,GRMK-XML,20.44,17.5
GRMK-PLM,GRMK-DMT,13.63,10.9
GRMK-PLM,BRIK-STR,14.11,14
GRMK-PLM,BRIK-ALS,24.34,19.3
GRMK-PLM,BRIK-GDB,176.6,130
GRMK-PLM,BRIK-CKR,48.16,41
GRMK-PLM,BRIK-NRG,30.17,24.7
GRMK-PLM,BRIK-LGK,31.14,24.7
GRMK-PLM,BRIK-BLR,51.41,37
GRMK-PLM,BRIK-STL,47.18,38.9
GRMK-PLM,BRIK-KRW,69.32,54.2
GRMK-PLM,BRIK-MTL,15.85,14.1
GRMK-PLM,YMY-BTB,13.92,12
GRMK-PLM,GLLR-GLLR,32.13,30.5
GRMK-PLM,CSRR-CSRR,10.89,9.6
GRMK-PLM,MTSJ-MTSJ,3.98,5
GRMK-PLM,CST-GLN,9.7,9.1
GRMK-PLM,MBG-MBG,14.46,13.9
GRMK-PLM,CST-MBG,25.68,24.2
GRMK-PLM,GDK-KGD,16.48,16.8
GRMK-PLM,GDK-SCBD,4.47,4.5
GRMK-PLM,CST-AYM,22.41,20.7
GRMK-PLM,WTC-WTC,8.51,9.5
GRMK-PLM,FYN-FYN,7.88,7.5
GRMK-PLM,CST-FDC,3.83,6.6
GRMK-PLM,MDS-MDS,4.82,5.9
GRMK-PLM,MDS-SCBD,5.2,5.6
GRMK-PLM,HKN-HKN,26.35,24
GRMK-DTA,GDS,36.53,30.3
GRMK-DTA,CRD,12.4,12.3
GRMK-DTA,KJT,6.1,6
GRMK-DTA,BKS,22.53,20
GRMK-DTA,CBR,20.13,20.6
GRMK-DTA,MPG,3.58,4.4
GRMK-DTA,RWG,15.75,13.6
GRMK-DTA,KBG,21.47,19.6
GRMK-DTA,BSD,29.17,27.6
GRMK-DTA,STB,7.92,8.3
GRMK-DTA,MBS,17.86,15.7
GRMK-DTA,DMT,27.94,21.5
GRMK-DTA,DMG,27.98,21.3
GRMK-DTA,KL_CKG,22.56,17.8
GRMK-DTA,KL_KJ,25.63,21.6
GRMK-DTA,ASTR-ASTR,33.11,28
GRMK-DTA,BRW-BRW,1.33,2
GRMK-DTA,MGL-MGL,16,14
GRMK-DTA,WSI-ANCB,15.8,14.4
GRMK-DTA,WSI-BTS,15.8,14.4
GRMK-DTA,WSI-PIK,28.75,25.5
GRMK-DTA,WSI-BSD,33.69,29.2
GRMK-DTA,WSI-ANC,21.85,19.7
GRMK-DTA,BKB-BKB,21.19,21.9
GRMK-DTA,RFS-HANG,9.04,8.7
GRMK-DTA,RFS-WOLT,6.61,7.9
GRMK-DTA,MBL-MBL,8.26,8.9
GRMK-DTA,ADS-ADS,9.01,8.6
GRMK-DTA,LML-LML,20.7,21.2
GRMK-DTA,HYP-HYP,6.87,6.8
GRMK-DTA,SDJ-CNRE,15.58,18
GRMK-DTA,SDJ-SDJE,5.36,7.4
GRMK-DTA,SDJ-PSBC,12.23,12.5
GRMK-DTA,SDJ-SCBD,6.79,6.1
GRMK-DTA,SDJ-BNTR,19.37,19.1
GRMK-DTA,SDJ-CJTA,9.7,9.9
GRMK-DTA,SDJ-PJTN,5.39,7.7
GRMK-DTA,SDJ-CBLH,19.15,18.7
GRMK-DTA,SDJ-KTBT,16.47,16.5
GRMK-DTA,SDJ-ODSS,7.28,6.8
GRMK-DTA,SDJ-SOET,19.15,18.7
GRMK-DTA,SDJ-SMB,23.78,23.4
GRMK-DTA,SDJ-CBS,8.82,10.2
GRMK-DTA,SDJ-PIM,12.58,13.2
GRMK-DTA,SDJ-CBN,19.15,18.7
GRMK-DTA,SDJ-BLV,13.58,14.5
GRMK-DTA,BFL-BFL,16.94,15.8
GRMK-DTA,BFL-KBY,6.27,6.8
GRMK-DTA,DCGL-BAR,25.02,20.5
GRMK-DTA,DCGS-BAR,37.7,30.9
GRMK-DTA,DCGL-KITC,25.02,20.5
GRMK-DTA,DCGS-KITC,25.02,20.5
GRMK-DTA,DCBM-BAR,7.71,8.2
GRMK-DTA,DCBM-KITC,7.71,8.2
GRMK-DTA,MXW-PGJ,15.38,15.7
GRMK-DTA,MXW-KGD,19.43,15.9
GRMK-DTA,PPY-MTG,10.53,10.9
GRMK-DTA,PPY-CTW,9.06,9
GRMK-DTA,PPY-PI,13.05,12.8
GRMK-DTA,PPY-GDS,36.77,30.2
GRMK-DTA,TRF-TRF,11.08,10.9
GRMK-DTA,TRF-CNRE,16.7,18.8
GRMK-DTA,JOEL-JOEL,6.51,7.9
GRMK-DTA,HMD-HMD,19.15,18.7
GRMK-DTA,GO_PPL,8.97,9.4
GRMK-DTA,GO_TBT,5.37,6.1
GRMK-DTA,MDV-KBY,6.42,7.1
GRMK-DTA,MDV-KGD,19.09,17.1
GRMK-DTA,MDV-PURI,20.01,16.8
GRMK-DTA,MDV-PDI,11.83,11
GRMK-DTA,MDV-BNTR,16.94,17.1
GRMK-DTA,MDV-PDHB,23.54,21.2
GRMK-DTA,MDV-GRVY,10.77,11.8
GRMK-DTA,SPHS-SPHS,9.81,8.7
GRMK-DTA,DRSR-DRSR,10.55,10.6
GRMK-DTA,EXP-EXP,7.79,7.7
GRMK-DTA,EXP-AEON,34.04,31.3
GRMK-DTA,HHP-HHP,7.55,7.5
GRMK-DTA,GDL-BSD,39.77,34
GRMK-DTA,GDL-PIK,27.95,23.9
GRMK-DTA,GDL-MOI,18.97,18.3
GRMK-DTA,GDL-KHI,25.29,21.4
GRMK-DTA,GDL-RDL,9.54,10.2
GRMK-DTA,GDL-PRGN,16.8,14.8
GRMK-DTA,GDL-CNRE,14.79,16
GRMK-DTA,GDL-PURI,20.56,17.2
GRMK-DTA,GDL-ANC,18.48,19.5
GRMK-DTA,GDL-GLC,24.58,20.9
GRMK-DTA,GDL-SCBD,7.8,7.3
GRMK-DTA,DDF-DDF,21.48,21.5
GRMK-DTA,FDMX-VDLM,12.58,13.5
GRMK-DTA,JIN-RST,19.41,15.7
GRMK-DTA,JIN-CKC,15.38,15.7
GRMK-DTA,PDLM-PDLM,6.2,6.9
GRMK-DTA,GOF-GD,33.29,27.6
GRMK-DTA,SMI-SMI,8.94,8.6
GRMK-DTA,CST-RTIW,18.71,17.7
GRMK-DTA,GRMK-PSQ,10.72,10.3
GRMK-DTA,GRMK-CBN,26.54,22.2
GRMK-DTA,GRMK-JUN,23.64,20.2
GRMK-DTA,GRMK-KMY,13.33,14
GRMK-DTA,GRMK-TJD,14.22,12.5
GRMK-DTA,GRMK-VTR,14.46,14.2
GRMK-DTA,GRMK-STBD,8.13,8.7
GRMK-DTA,GRMK-FTM,9.97,10.1
GRMK-DTA,GRMK-MRY,18.19,15.4
GRMK-DTA,GRMK-DWS,18.01,17.8
GRMK-DTA,GRMK-CBR,18.88,18.5
GRMK-DTA,GRMK-EMP,18.2,14.9
GRMK-DTA,GRMK-CMP,15.13,13.2
GRMK-DTA,GRMK-LRT,20.69,18.2
GRMK-DTA,GRMK-BSD,33.83,27.7
GRMK-DTA,GRMK-GRH,24.8,24.6
GRMK-DTA,GRMK-CPNG,10.59,9.8
GRMK-DTA,GRMK-PLM,10.64,9.6
GRMK-DTA,GRMK-DTA,0,0
GRMK-DTA,GRMK-SOQ,11.66,11.4
GRMK-DTA,GRMK-XML,15.19,14.2
GRMK-DTA,GRMK-DMT,22.1,17.2
GRMK-DTA,BRIK-STR,17.69,13.9
GRMK-DTA,BRIK-ALS,32.8,25.6
GRMK-DTA,BRIK-GDB,171.41,127.4
GRMK-DTA,BRIK-CKR,42.97,38.4
GRMK-DTA,BRIK-NRG,23.35,21.1
GRMK-DTA,BRIK-LGK,39.61,31.1
GRMK-DTA,BRIK-BLR,59.88,43.4
GRMK-DTA,BRIK-STL,39.05,32.8
GRMK-DTA,BRIK-KRW,64.13,51.5
GRMK-DTA,BRIK-MTL,24.31,20.4
GRMK-DTA,YMY-BTB,22.39,18.3
GRMK-DTA,GLLR-GLLR,33.61,32.4
GRMK-DTA,CSRR-CSRR,19.35,16
GRMK-DTA,MTSJ-MTSJ,8.99,9.1
GRMK-DTA,CST-GLN,10.7,12.1
GRMK-DTA,MBG-MBG,4.58,5.7
GRMK-DTA,CST-MBG,22.88,22.4
GRMK-DTA,GDK-KGD,20.06,16.7
GRMK-DTA,GDK-SCBD,7.46,6.9
GRMK-DTA,CST-AYM,12.53,12.5
GRMK-DTA,WTC-WTC,9.18,9.6
GRMK-DTA,FYN-FYN,8.92,9.5
GRMK-DTA,CST-FDC,9.04,10.6
GRMK-DTA,MDS-MDS,10.03,10
GRMK-DTA,MDS-SCBD,7.43,7
GRMK-DTA,HKN-HKN,22.36,20.4
GRMK-SOQ,GDS,30.11,29.2
GRMK-SOQ,CRD,4.79,4.8
GRMK-SOQ,KJT,12.77,9.9
GRMK-SOQ,BKS,25.48,21.7
GRMK-SOQ,CBR,21.85,21
GRMK-SOQ,MPG,8.32,7.8
GRMK-SOQ,RWG,26.41,20.7
GRMK-SOQ,KBG,19.1,19.8
GRMK-SOQ,BSD,21.56,20
GRMK-SOQ,STB,15.91,16.3
GRMK-SOQ,MBS,19.35,19.3
GRMK-SOQ,DMT,26.9,23.8
GRMK-SOQ,DMG,26.94,23.6
GRMK-SOQ,KL_CKG,21.52,20
GRMK-SOQ,KL_KJ,36.29,28.7
GRMK-SOQ,ASTR-ASTR,34.73,30.1
GRMK-SOQ,BRW-BRW,10.61,10.4
GRMK-SOQ,MGL-MGL,21.27,17.6
GRMK-SOQ,WSI-ANCB,21.06,18
GRMK-SOQ,WSI-BTS,21.06,18
GRMK-SOQ,WSI-PIK,28.35,28.8
GRMK-SOQ,WSI-BSD,26.08,21.7
GRMK-SOQ,WSI-ANC,27.12,23.3
GRMK-SOQ,BKB-BKB,13.58,14.4
GRMK-SOQ,RFS-HANG,11.17,8.9
GRMK-SOQ,RFS-WOLT,9.38,10.4
GRMK-SOQ,MBL-MBL,8.32,7.9
GRMK-SOQ,ADS-ADS,11.93,12.2
GRMK-SOQ,LML-LML,13.09,13.7
GRMK-SOQ,HYP-HYP,13.49,12.6
GRMK-SOQ,SDJ-CNRE,10.68,12.9
GRMK-SOQ,SDJ-SDJE,6.18,7.3
GRMK-SOQ,SDJ-PSBC,21.61,17.7
GRMK-SOQ,SDJ-SCBD,10.22,10.7
GRMK-SOQ,SDJ-BNTR,11.76,11.5
GRMK-SOQ,SDJ-CJTA,11.42,10.3
GRMK-SOQ,SDJ-PJTN,6.45,7.5
GRMK-SOQ,SDJ-CBLH,11.54,11.1
GRMK-SOQ,SDJ-KTBT,26.67,21.7
GRMK-SOQ,SDJ-ODSS,9.45,9.6
GRMK-SOQ,SDJ-SOET,11.54,11.1
GRMK-SOQ,SDJ-SMB,31.69,29.7
GRMK-SOQ,SDJ-CBS,3.61,4
GRMK-SOQ,SDJ-PIM,6.68,6.4
GRMK-SOQ,SDJ-CBN,11.54,11.1
GRMK-SOQ,SDJ-BLV,5.97,6.9
GRMK-SOQ,BFL-BFL,19.57,18.2
GRMK-SOQ,BFL-KBY,8.47,8.3
GRMK-SOQ,DCGL-BAR,21.23,20.5
GRMK-SOQ,DCGS-BAR,28.47,27
GRMK-SOQ,DCGL-KITC,21.23,20.5
GRMK-SOQ,DCGS-KITC,21.23,20.5
GRMK-SOQ,DCBM-BAR,7.21,7
GRMK-SOQ,DCBM-KITC,7.21,7
GRMK-SOQ,MXW-PGJ,24.53,21.1
GRMK-SOQ,MXW-KGD,30.09,22.9
GRMK-SOQ,PPY-MTG,14.83,15.5
GRMK-SOQ,PPY-CTW,11.98,12.5
GRMK-SOQ,PPY-PI,6.28,5.3
GRMK-SOQ,PPY-GDS,30.34,29.1
GRMK-SOQ,TRF-TRF,3.47,3.4
GRMK-SOQ,TRF-CNRE,9.37,11.7
GRMK-SOQ,JOEL-JOEL,10.05,10.7
GRMK-SOQ,HMD-HMD,11.54,11.1
GRMK-SOQ,GO_PPL,5.7,5.3
GRMK-SOQ,GO_TBT,14.86,14.9
GRMK-SOQ,MDV-KBY,8.33,8.1
GRMK-SOQ,MDV-KGD,29.75,24.1
GRMK-SOQ,MDV-PURI,17.64,17
GRMK-SOQ,MDV-PDI,4.22,3.5
GRMK-SOQ,MDV-BNTR,9.33,9.6
GRMK-SOQ,MDV-PDHB,29.06,27
GRMK-SOQ,MDV-GRVY,6.86,5.8
GRMK-SOQ,SPHS-SPHS,15.43,12.7
GRMK-SOQ,DRSR-DRSR,17.17,16.4
GRMK-SOQ,EXP-EXP,10.71,11.2
GRMK-SOQ,EXP-AEON,26.43,23.8
GRMK-SOQ,HHP-HHP,9.71,10.3
GRMK-SOQ,GDL-BSD,27.44,26.8
GRMK-SOQ,GDL-PIK,27.55,27.2
GRMK-SOQ,GDL-MOI,29.63,25.4
GRMK-SOQ,GDL-KHI,35.95,28.4
GRMK-SOQ,GDL-RDL,7.89,6.8
GRMK-SOQ,GDL-PRGN,18.29,18.4
GRMK-SOQ,GDL-CNRE,7.46,8.9
GRMK-SOQ,GDL-PURI,18.19,17.4
GRMK-SOQ,GDL-ANC,29.82,24.7
GRMK-SOQ,GDL-GLC,20.78,20.9
GRMK-SOQ,GDL-SCBD,10.07,10.7
GRMK-SOQ,DDF-DDF,13.87,14
GRMK-SOQ,FDMX-VDLM,4.97,5.9
GRMK-SOQ,JIN-RST,30.07,22.7
GRMK-SOQ,JIN-CKC,24.52,21
GRMK-SOQ,PDLM-PDLM,12.39,12.4
GRMK-SOQ,GOF-GD,38.56,31.4
GRMK-SOQ,SMI-SMI,11.86,12.1
GRMK-SOQ,CST-RTIW,16.99,15.4
GRMK-SOQ,GRMK-PSQ,3.11,2.8
GRMK-SOQ,GRMK-CBN,28.16,24.3
GRMK-SOQ,GRMK-JUN,30.9,26.1
GRMK-SOQ,GRMK-KMY,22.71,19.1
GRMK-SOQ,GRMK-TJD,19.48,16.1
GRMK-SOQ,GRMK-VTR,6.85,6.6
GRMK-SOQ,GRMK-STBD,15.94,15.7
GRMK-SOQ,GRMK-FTM,2.3,2.4
GRMK-SOQ,GRMK-MRY,18.4,15.7
GRMK-SOQ,GRMK-DWS,18.95,17.5
GRMK-SOQ,GRMK-CBR,20.6,18.9
GRMK-SOQ,GRMK-EMP,23.47,18.5
GRMK-SOQ,GRMK-CMP,25.79,20.2
GRMK-SOQ,GRMK-LRT,31.35,25.2
GRMK-SOQ,GRMK-BSD,24.44,22.6
GRMK-SOQ,GRMK-GRH,20.13,19.1
GRMK-SOQ,GRMK-CPNG,21.25,16.8
GRMK-SOQ,GRMK-PLM,14.33,12.1
GRMK-SOQ,GRMK-DTA,10.02,9.9
GRMK-SOQ,GRMK-SOQ,0,0
GRMK-SOQ,GRMK-XML,25.85,21.2
GRMK-SOQ,GRMK-DMT,21.06,19.5
GRMK-SOQ,BRIK-STR,28.35,20.9
GRMK-SOQ,BRIK-ALS,29.01,25.6
GRMK-SOQ,BRIK-GDB,174.11,130.4
GRMK-SOQ,BRIK-CKR,51.97,44.8
GRMK-SOQ,BRIK-NRG,25.07,21.5
GRMK-SOQ,BRIK-LGK,35.82,31.1
GRMK-SOQ,BRIK-BLR,56.09,43.4
GRMK-SOQ,BRIK-STL,41.18,34.5
GRMK-SOQ,BRIK-KRW,73.13,57.9
GRMK-SOQ,BRIK-MTL,20.52,20.4
GRMK-SOQ,YMY-BTB,21.35,20.5
GRMK-SOQ,GLLR-GLLR,26,24.9
GRMK-SOQ,CSRR-CSRR,24.62,19.6
GRMK-SOQ,MTSJ-MTSJ,11.91,12.6
GRMK-SOQ,CST-GLN,6.99,6.3
GRMK-SOQ,MBG-MBG,7.42,8.1
GRMK-SOQ,CST-MBG,33.87,29.3
GRMK-SOQ,GDK-KGD,30.72,23.8
GRMK-SOQ,GDK-SCBD,10.56,11.5
GRMK-SOQ,CST-AYM,11.17,12.8
GRMK-SOQ,WTC-WTC,17.6,17.9
GRMK-SOQ,FYN-FYN,6.92,7.3
GRMK-SOQ,CST-FDC,13.14,13.4
GRMK-SOQ,MDS-MDS,12.7,11.5
GRMK-SOQ,MDS-SCBD,9.33,9.3
GRMK-SOQ,HKN-HKN,24.08,20.8
GRMK-XML,GDS,45.97,38.4
GRMK-XML,CRD,25.52,24.4
GRMK-XML,KJT,12.21,11.3
GRMK-XML,BKS,8.07,8.8
GRMK-XML,CBR,17.07,18.6
GRMK-XML,MPG,15.92,14.9
GRMK-XML,RWG,11.33,12.3
GRMK-XML,KBG,30.91,27.7
GRMK-XML,BSD,42.79,39.4
GRMK-XML,STB,16.18,16.3
GRMK-XML,MBS,21.41,21.9
GRMK-XML,DMT,37.37,29.6
GRMK-XML,DMG,37.41,29.4
GRMK-XML,KL_CKG,31.99,25.9
GRMK-XML,KL_KJ,20.62,17.8
GRMK-XML,ASTR-ASTR,40.6,37.5
GRMK-XML,BRW-BRW,13.63,13.2
GRMK-XML,MGL-MGL,19.6,20
GRMK-XML,WSI-ANCB,19.74,20.4
GRMK-XML,WSI-BTS,19.74,20.4
GRMK-XML,WSI-PIK,38.19,33.6
GRMK-XML,WSI-BSD,45.05,37.8
GRMK-XML,WSI-ANC,23.84,25.4
GRMK-XML,BKB-BKB,31.83,32.6
GRMK-XML,RFS-HANG,18.48,16.7
GRMK-XML,RFS-WOLT,16.05,16
GRMK-XML,MBL-MBL,17.7,17
GRMK-XML,ADS-ADS,18.45,16.7
GRMK-XML,LML-LML,31.34,31.9
GRMK-XML,HYP-HYP,16.31,14.9
GRMK-XML,SDJ-CNRE,28.7,30.1
GRMK-XML,SDJ-SDJE,17.9,18.9
GRMK-XML,SDJ-PSBC,18.6,19.1
GRMK-XML,SDJ-SCBD,16.22,14.2
GRMK-XML,SDJ-BNTR,32.99,30.9
GRMK-XML,SDJ-CJTA,17.29,17.6
GRMK-XML,SDJ-PJTN,17.72,18.5
GRMK-XML,SDJ-CBLH,32.77,30.5
GRMK-XML,SDJ-KTBT,3.33,4.6
GRMK-XML,SDJ-ODSS,16.72,14.9
GRMK-XML,SDJ-SOET,32.77,30.5
GRMK-XML,SDJ-SMB,10.28,12
GRMK-XML,SDJ-CBS,21.95,22.2
GRMK-XML,SDJ-PIM,22.02,21.3
GRMK-XML,SDJ-CBN,32.77,30.5
GRMK-XML,SDJ-BLV,26.7,26.5
GRMK-XML,BFL-BFL,30.58,28.1
GRMK-XML,BFL-KBY,15.71,14.9
GRMK-XML,DCGL-BAR,34.46,28.6
GRMK-XML,DCGS-BAR,47.14,39
GRMK-XML,DCGL-KITC,34.46,28.6
GRMK-XML,DCGS-KITC,34.46,28.6
GRMK-XML,DCBM-BAR,17.14,16.3
GRMK-XML,DCBM-KITC,17.14,16.3
GRMK-XML,MXW-PGJ,19.97,20.3
GRMK-XML,MXW-KGD,15.98,16.8
GRMK-XML,PPY-MTG,19.96,19
GRMK-XML,PPY-CTW,18.5,17.1
GRMK-XML,PPY-PI,22.49,20.9
GRMK-XML,PPY-GDS,46.2,38.3
GRMK-XML,TRF-TRF,24.21,23
GRMK-XML,TRF-CNRE,29.83,30.8
GRMK-XML,JOEL-JOEL,15.95,16
GRMK-XML,HMD-HMD,32.77,30.5
GRMK-XML,GO_PPL,18.4,17.4
GRMK-XML,GO_TBT,12.87,12.7
GRMK-XML,MDV-KBY,15.85,15.1
GRMK-XML,MDV-KGD,18.16,15
GRMK-XML,MDV-PURI,29.45,24.9
GRMK-XML,MDV-PDI,23.93,21.6
GRMK-XML,MDV-BNTR,28.69,27.5
GRMK-XML,MDV-PDHB,23.33,22.4
GRMK-XML,MDV-GRVY,20.21,19.9
GRMK-XML,SPHS-SPHS,19.25,16.8
GRMK-XML,DRSR-DRSR,19.98,18.7
GRMK-XML,EXP-EXP,17.23,15.8
GRMK-XML,EXP-AEON,41.94,41.7
GRMK-XML,HHP-HHP,16.99,15.6
GRMK-XML,GDL-BSD,49.2,42.1
GRMK-XML,GDL-PIK,37.38,32
GRMK-XML,GDL-MOI,19.07,18.8
GRMK-XML,GDL-KHI,11.79,10.9
GRMK-XML,GDL-RDL,18.98,18.3
GRMK-XML,GDL-PRGN,21.6,22
GRMK-XML,GDL-CNRE,27.92,28
GRMK-XML,GDL-PURI,30,25.3
GRMK-XML,GDL-ANC,23.07,24.2
GRMK-XML,GDL-GLC,34.01,29
GRMK-XML,GDL-SCBD,17.24,15.4
GRMK-XML,DDF-DDF,33.23,32
GRMK-XML,FDMX-VDLM,25.71,25.5
GRMK-XML,JIN-RST,15.96,16.5
GRMK-XML,JIN-CKC,19.97,20.3
GRMK-XML,PDLM-PDLM,15.63,15
GRMK-XML,GOF-GD,42.72,35.7
GRMK-XML,SMI-SMI,18.37,16.7
GRMK-XML,CST-RTIW,32.35,30
GRMK-XML,GRMK-PSQ,23.84,22.4
GRMK-XML,GRMK-CBN,34.03,31.7
GRMK-XML,GRMK-JUN,10.5,8.8
GRMK-XML,GRMK-KMY,18.08,18.7
GRMK-XML,GRMK-TJD,23.65,20.6
GRMK-XML,GRMK-VTR,26.21,24.6
GRMK-XML,GRMK-STBD,16.39,16.7
GRMK-XML,GRMK-FTM,22.55,21.7
GRMK-XML,GRMK-MRY,27.63,23.5
GRMK-XML,GRMK-DWS,31.65,30.1
GRMK-XML,GRMK-CBR,23.29,22.3
GRMK-XML,GRMK-EMP,27.64,23
GRMK-XML,GRMK-CMP,15.24,14.4
GRMK-XML,GRMK-LRT,14.9,16.1
GRMK-XML,GRMK-BSD,43.26,35.8
GRMK-XML,GRMK-GRH,34.23,32.7
GRMK-XML,GRMK-CPNG,11.04,11
GRMK-XML,GRMK-PLM,20.08,17.7
GRMK-XML,GRMK-DTA,13.76,12.9
GRMK-XML,GRMK-SOQ,25.32,23.3
GRMK-XML,GRMK-XML,0,0
GRMK-XML,GRMK-DMT,31.54,25.3
GRMK-XML,BRIK-STR,17.47,15
GRMK-XML,BRIK-ALS,42.24,33.7
GRMK-XML,BRIK-GDB,159.63,118.7
GRMK-XML,BRIK-CKR,32.13,27.7
GRMK-XML,BRIK-NRG,11.95,11.1
GRMK-XML,BRIK-LGK,49.05,39.2
GRMK-XML,BRIK-BLR,69.32,51.5
GRMK-XML,BRIK-STL,43.88,37.9
GRMK-XML,BRIK-KRW,52.35,42.9
GRMK-XML,BRIK-MTL,33.75,28.5
GRMK-XML,YMY-BTB,31.82,26.4
GRMK-XML,GLLR-GLLR,41.52,42.8
GRMK-XML,CSRR-CSRR,28.79,24.1
GRMK-XML,MTSJ-MTSJ,18.42,17.1
GRMK-XML,CST-GLN,20.13,20.2
GRMK-XML,MBG-MBG,18.22,18
GRMK-XML,CST-MBG,9.74,10.6
GRMK-XML,GDK-KGD,15.47,16.6
GRMK-XML,GDK-SCBD,16.9,15
GRMK-XML,CST-AYM,26.17,24.8
GRMK-XML,WTC-WTC,13.77,14.2
GRMK-XML,FYN-FYN,18.36,17.6
GRMK-XML,CST-FDC,18.48,18.7
GRMK-XML,MDS-MDS,19.47,18
GRMK-XML,MDS-SCBD,16.86,15.1
GRMK-XML,HKN-HKN,7.96,8.9
GRMK-DMT,GDS,26.59,25.1
GRMK-DMT,CRD,23.58,23.1
GRMK-DMT,KJT,30.9,23.9
GRMK-DMT,BKS,43.11,34.2
GRMK-DMT,CBR,43.58,37.7
GRMK-DMT,MPG,23.91,20
GRMK-DMT,RWG,29.1,26.6
GRMK-DMT,KBG,7.92,9.2
GRMK-DMT,BSD,34.87,32.4
GRMK-DMT,STB,21.76,19.2
GRMK-DMT,MBS,17.77,16
GRMK-DMT,DMT,9.45,8.8
GRMK-DMT,DMG,9.49,8.6
GRMK-DMT,KL_CKG,0.46,0.5
GRMK-DMT,KL_KJ,27.43,23.6
GRMK-DMT,ASTR-ASTR,58.38,47.8
GRMK-DMT,BRW-BRW,25.54,21
GRMK-DMT,MGL-MGL,17.86,15.9
GRMK-DMT,WSI-ANCB,17.66,16.3
GRMK-DMT,WSI-BTS,17.66,16.3
GRMK-DMT,WSI-PIK,13.29,15.6
GRMK-DMT,WSI-BSD,25.67,24.5
GRMK-DMT,WSI-ANC,15.48,15.4
GRMK-DMT,BKB-BKB,23.48,25.4
GRMK-DMT,RFS-HANG,20.95,17.7
GRMK-DMT,RFS-WOLT,21.81,19.7
GRMK-DMT,MBL-MBL,24.26,20.6
GRMK-DMT,ADS-ADS,20.34,17.5
GRMK-DMT,LML-LML,22.99,24.7
GRMK-DMT,HYP-HYP,22.05,19.4
GRMK-DMT,SDJ-CNRE,36.16,34.2
GRMK-DMT,SDJ-SDJE,25.9,24
GRMK-DMT,SDJ-PSBC,18.2,16
GRMK-DMT,SDJ-SCBD,20.2,16.8
GRMK-DMT,SDJ-BNTR,25.28,27.3
GRMK-DMT,SDJ-CJTA,34.97,29.7
GRMK-DMT,SDJ-PJTN,25.71,23.6
GRMK-DMT,SDJ-CBLH,25.07,26.9
GRMK-DMT,SDJ-KTBT,38.47,31.2
GRMK-DMT,SDJ-ODSS,20.45,17.2
GRMK-DMT,SDJ-SOET,25.07,26.9
GRMK-DMT,SDJ-SMB,44.36,37.6
GRMK-DMT,SDJ-CBS,25.27,24.5
GRMK-DMT,SDJ-PIM,21.84,20.5
GRMK-DMT,SDJ-CBN,25.07,26.9
GRMK-DMT,SDJ-BLV,24.8,24.6
GRMK-DMT,BFL-BFL,42.2,35.7
GRMK-DMT,BFL-KBY,22.34,19.3
GRMK-DMT,DCGL-BAR,10.63,11.7
GRMK-DMT,DCGS-BAR,27.76,25.8
GRMK-DMT,DCGL-KITC,10.63,11.7
GRMK-DMT,DCGS-KITC,10.63,11.7
GRMK-DMT,DCBM-BAR,22.77,19.1
GRMK-DMT,DCBM-KITC,22.77,19.1
GRMK-DMT,MXW-PGJ,18.19,15.6
GRMK-DMT,MXW-KGD,28.33,23.3
GRMK-DMT,PPY-MTG,18.84,16.4
GRMK-DMT,PPY-CTW,19.29,17.2
GRMK-DMT,PPY-PI,22.31,20.1
GRMK-DMT,PPY-GDS,26.83,25.1
GRMK-DMT,TRF-TRF,25.13,23.9
GRMK-DMT,TRF-CNRE,29.11,30.3
GRMK-DMT,JOEL-JOEL,21.55,19.2
GRMK-DMT,HMD-HMD,25.07,26.9
GRMK-DMT,GO_PPL,23.61,19.9
GRMK-DMT,GO_TBT,26.16,21.6
GRMK-DMT,MDV-KBY,22.48,19.5
GRMK-DMT,MDV-KGD,27.86,25.4
GRMK-DMT,MDV-PURI,9.01,9.3
GRMK-DMT,MDV-PDI,23.76,20.8
GRMK-DMT,MDV-BNTR,21.51,22.4
GRMK-DMT,MDV-PDHB,21.74,18.6
GRMK-DMT,MDV-GRVY,21.92,20
GRMK-DMT,SPHS-SPHS,16.61,14.1
GRMK-DMT,DRSR-DRSR,19.78,18
GRMK-DMT,EXP-EXP,19.12,16.5
GRMK-DMT,EXP-AEON,29.49,29.7
GRMK-DMT,HHP-HHP,20.72,17.8
GRMK-DMT,GDL-BSD,29.82,28.8
GRMK-DMT,GDL-PIK,12.49,14
GRMK-DMT,GDL-MOI,28.73,26.2
GRMK-DMT,GDL-KHI,36.94,31.6
GRMK-DMT,GDL-RDL,21.28,20.2
GRMK-DMT,GDL-PRGN,16.71,15.1
GRMK-DMT,GDL-CNRE,27.2,27.5
GRMK-DMT,GDL-PURI,8.36,8.2
GRMK-DMT,GDL-ANC,17.56,15.9
GRMK-DMT,GDL-GLC,10.95,12.4
GRMK-DMT,GDL-SCBD,20.19,16.8
GRMK-DMT,DDF-DDF,22.77,24.2
GRMK-DMT,FDMX-VDLM,24.71,24.5
GRMK-DMT,JIN-RST,28.32,23
GRMK-DMT,JIN-CKC,18.18,15.6
GRMK-DMT,PDLM-PDLM,20.62,17.1
GRMK-DMT,GOF-GD,11.13,13
GRMK-DMT,SMI-SMI,20.26,17.4
GRMK-DMT,CST-RTIW,42.46,36.6
GRMK-DMT,GRMK-PSQ,24.77,23.3
GRMK-DMT,GRMK-CBN,51.81,42
GRMK-DMT,GRMK-JUN,44.28,35.1
GRMK-DMT,GRMK-KMY,19.3,17.4
GRMK-DMT,GRMK-TJD,12.18,12.4
GRMK-DMT,GRMK-VTR,19.03,19.5
GRMK-DMT,GRMK-STBD,21.17,19.2
GRMK-DMT,GRMK-FTM,23.96,22.9
GRMK-DMT,GRMK-MRY,11.6,11.6
GRMK-DMT,GRMK-DWS,43.28,37.6
GRMK-DMT,GRMK-CBR,41.99,34.9
GRMK-DMT,GRMK-EMP,12.17,10.8
GRMK-DMT,GRMK-CMP,27.09,25.3
GRMK-DMT,GRMK-LRT,31.07,26.8
GRMK-DMT,GRMK-BSD,23.88,22.6
GRMK-DMT,GRMK-GRH,16.76,17.8
GRMK-DMT,GRMK-CPNG,26.53,24.6
GRMK-DMT,GRMK-PLM,18.24,16
GRMK-DMT,GRMK-DTA,25.39,20.5
GRMK-DMT,GRMK-SOQ,21.88,21.4
GRMK-DMT,GRMK-XML,35.83,29
GRMK-DMT,GRMK-DMT,0,0
GRMK-DMT,BRIK-STR,25.55,22.6
GRMK-DMT,BRIK-ALS,21.13,19.4
GRMK-DMT,BRIK-GDB,191.99,141.6
GRMK-DMT,BRIK-CKR,63.55,52.6
GRMK-DMT,BRIK-NRG,45.56,36.3
GRMK-DMT,BRIK-LGK,26.91,24.5
GRMK-DMT,BRIK-BLR,46.96,35.4
GRMK-DMT,BRIK-STL,62.57,50.5
GRMK-DMT,BRIK-KRW,84.71,65.7
GRMK-DMT,BRIK-MTL,10.25,11.6
GRMK-DMT,YMY-BTB,6.4,6.8
GRMK-DMT,GLLR-GLLR,30.65,31.7
GRMK-DMT,CSRR-CSRR,13.32,11.8
GRMK-DMT,MTSJ-MTSJ,19.36,16.8
GRMK-DMT,CST-GLN,22.05,20.5
GRMK-DMT,MBG-MBG,29.84,25.5
GRMK-DMT,CST-MBG,38.74,34.1
GRMK-DMT,GDK-KGD,28.96,24.1
GRMK-DMT,GDK-SCBD,19.86,16.4
GRMK-DMT,CST-AYM,37.8,32.3
GRMK-DMT,WTC-WTC,23.46,21.2
GRMK-DMT,FYN-FYN,20.24,18.9
GRMK-DMT,CST-FDC,19.21,18.4
GRMK-DMT,MDS-MDS,20.21,17.8
GRMK-DMT,MDS-SCBD,20.59,17.4
GRMK-DMT,HKN-HKN,41.74,35.6
BRIK-STR,GDS,39.58,35.8
BRIK-STR,CRD,30.22,25.7
BRIK-STR,KJT,16.91,12.6
BRIK-STR,BKS,24.61,19.7
BRIK-STR,CBR,29.58,26.5
BRIK-STR,MPG,20.62,16.3
BRIK-STR,RWG,9.17,8.7
BRIK-STR,KBG,25.48,23.2
BRIK-STR,BSD,47.49,40.8
BRIK-STR,STB,13.61,12.5
BRIK-STR,MBS,10.79,12.2
BRIK-STR,DMT,31.58,25.4
BRIK-STR,DMG,31.62,25.2
BRIK-STR,KL_CKG,24.73,21.1
BRIK-STR,KL_KJ,7.94,7.8
BRIK-STR,ASTR-ASTR,45.3,38.8
BRIK-STR,BRW-BRW,18.33,14.6
BRIK-STR,MGL-MGL,11.64,11.4
BRIK-STR,WSI-ANCB,11.78,11.8
BRIK-STR,WSI-BTS,11.78,11.8
BRIK-STR,WSI-PIK,25.06,23.8
BRIK-STR,WSI-BSD,38.67,35.2
BRIK-STR,WSI-ANC,11.08,11.4
BRIK-STR,BKB-BKB,36.53,33.9
BRIK-STR,RFS-HANG,18.34,17.2
BRIK-STR,RFS-WOLT,20.75,17.3
BRIK-STR,MBL-MBL,22.4,18.4
BRIK-STR,ADS-ADS,15.56,15.5
BRIK-STR,LML-LML,36.04,33.3
BRIK-STR,HYP-HYP,14.54,13.2
BRIK-STR,SDJ-CNRE,33.4,31.4
BRIK-STR,SDJ-SDJE,22.61,20.3
BRIK-STR,SDJ-PSBC,10.52,10.6
BRIK-STR,SDJ-SCBD,20.92,15.5
BRIK-STR,SDJ-BNTR,37.69,32.3
BRIK-STR,SDJ-CJTA,21.99,19
BRIK-STR,SDJ-PJTN,22.42,19.9
BRIK-STR,SDJ-CBLH,37.47,31.9
BRIK-STR,SDJ-KTBT,17.29,15.7
BRIK-STR,SDJ-ODSS,21.42,16.2
BRIK-STR,SDJ-SOET,37.47,31.9
BRIK-STR,SDJ-SMB,21.32,18.8
BRIK-STR,SDJ-CBS,26.65,23.6
BRIK-STR,SDJ-PIM,26.72,22.7
BRIK-STR,SDJ-CBN,37.47,31.9
BRIK-STR,SDJ-BLV,31.4,27.8
BRIK-STR,BFL-BFL,35.28,29.5
BRIK-STR,BFL-KBY,20.41,16.3
BRIK-STR,DCGL-BAR,28.07,26.1
BRIK-STR,DCGS-BAR,40.75,36.4
BRIK-STR,DCGL-KITC,28.07,26.1
BRIK-STR,DCGS-KITC,28.07,26.1
BRIK-STR,DCBM-BAR,21.84,17.6
BRIK-STR,DCBM-KITC,21.84,17.6
BRIK-STR,MXW-PGJ,9.35,10.6
BRIK-STR,MXW-KGD,1.74,2
BRIK-STR,PPY-MTG,12.76,13
BRIK-STR,PPY-CTW,15.01,15.3
BRIK-STR,PPY-PI,27.19,22.3
BRIK-STR,PPY-GDS,39.82,35.8
BRIK-STR,TRF-TRF,28.91,24.3
BRIK-STR,TRF-CNRE,34.53,32.2
BRIK-STR,JOEL-JOEL,20.65,17.3
BRIK-STR,HMD-HMD,37.47,31.9
BRIK-STR,GO_PPL,23.11,18.8
BRIK-STR,GO_TBT,15.02,13.1
BRIK-STR,MDV-KBY,20.55,16.5
BRIK-STR,MDV-KGD,4.11,4.6
BRIK-STR,MDV-PURI,23.06,22.4
BRIK-STR,MDV-PDI,28.63,22.9
BRIK-STR,MDV-BNTR,33.39,28.9
BRIK-STR,MDV-PDHB,5.86,7.4
BRIK-STR,MDV-GRVY,24.91,21.2
BRIK-STR,SPHS-SPHS,17.65,17.4
BRIK-STR,DRSR-DRSR,12.44,12.6
BRIK-STR,EXP-EXP,17.25,16.9
BRIK-STR,EXP-AEON,42.48,40.4
BRIK-STR,HHP-HHP,21.69,16.9
BRIK-STR,GDL-BSD,42.82,39.5
BRIK-STR,GDL-PIK,24.25,22.2
BRIK-STR,GDL-MOI,2.14,5
BRIK-STR,GDL-KHI,15.69,12.5
BRIK-STR,GDL-RDL,23.68,19.7
BRIK-STR,GDL-PRGN,11.28,12.9
BRIK-STR,GDL-CNRE,32.62,29.4
BRIK-STR,GDL-PURI,23.61,22.7
BRIK-STR,GDL-ANC,11,11.8
BRIK-STR,GDL-GLC,27.62,26.4
BRIK-STR,GDL-SCBD,17.1,15.9
BRIK-STR,DDF-DDF,37.93,33.3
BRIK-STR,FDMX-VDLM,30.41,26.8
BRIK-STR,JIN-RST,1.73,1.8
BRIK-STR,JIN-CKC,9.35,10.6
BRIK-STR,PDLM-PDLM,20.33,16.3
BRIK-STR,GOF-GD,29.59,25.9
BRIK-STR,SMI-SMI,15.23,15.4
BRIK-STR,CST-RTIW,37.05,31.4
BRIK-STR,GRMK-PSQ,28.54,23.7
BRIK-STR,GRMK-CBN,38.73,33
BRIK-STR,GRMK-JUN,23.82,18.6
BRIK-STR,GRMK-KMY,9.57,9.3
BRIK-STR,GRMK-TJD,18.55,16.8
BRIK-STR,GRMK-VTR,30.91,25.9
BRIK-STR,GRMK-STBD,13.83,12.9
BRIK-STR,GRMK-FTM,27.25,23.1
BRIK-STR,GRMK-MRY,21.24,21
BRIK-STR,GRMK-DWS,36.35,31.4
BRIK-STR,GRMK-CBR,27.99,23.7
BRIK-STR,GRMK-EMP,14.81,13.8
BRIK-STR,GRMK-CMP,5.62,5.5
BRIK-STR,GRMK-LRT,4.48,5.6
BRIK-STR,GRMK-BSD,36.88,33.3
BRIK-STR,GRMK-GRH,32.88,31.4
BRIK-STR,GRMK-CPNG,10.2,8.3
BRIK-STR,GRMK-PLM,18.48,18.3
BRIK-STR,GRMK-DTA,18.46,14.3
BRIK-STR,GRMK-SOQ,30.02,24.7
BRIK-STR,GRMK-XML,17.5,14.9
BRIK-STR,GRMK-DMT,24.27,20.5
BRIK-STR,BRIK-STR,0,0
BRIK-STR,BRIK-ALS,35.85,31.2
BRIK-STR,BRIK-GDB,173.48,129.1
BRIK-STR,BRIK-CKR,45.44,37.5
BRIK-STR,BRIK-NRG,27.05,21.8
BRIK-STR,BRIK-LGK,42.66,36.6
BRIK-STR,BRIK-BLR,62.93,48.9
BRIK-STR,BRIK-STL,48.58,39.2
BRIK-STR,BRIK-KRW,66.2,53.3
BRIK-STR,BRIK-MTL,27.36,25.9
BRIK-STR,YMY-BTB,26.03,22.2
BRIK-STR,GLLR-GLLR,43.64,42.4
BRIK-STR,CSRR-CSRR,13.77,12.6
BRIK-STR,MTSJ-MTSJ,15.08,15
BRIK-STR,CST-GLN,24.83,21.6
BRIK-STR,MBG-MBG,22.92,19.3
BRIK-STR,CST-MBG,17.48,15
BRIK-STR,GDK-KGD,2.37,2.9
BRIK-STR,GDK-SCBD,16.76,15.5
BRIK-STR,CST-AYM,30.87,26.1
BRIK-STR,WTC-WTC,9.58,7.8
BRIK-STR,FYN-FYN,23.06,18.9
BRIK-STR,CST-FDC,18.51,19.8
BRIK-STR,MDS-MDS,19.5,19.1
BRIK-STR,MDS-SCBD,21.56,16.5
BRIK-STR,HKN-HKN,22.71,21.5
BRIK-ALS,GDS,8.03,9.3
BRIK-ALS,CRD,26.78,25.8
BRIK-ALS,KJT,38.51,31
BRIK-ALS,BKS,50.73,41.4
BRIK-ALS,CBR,45.75,41.1
BRIK-ALS,MPG,31.51,27.1
BRIK-ALS,RWG,36.7,33.6
BRIK-ALS,KBG,16.73,18.8
BRIK-ALS,BSD,12.73,14
BRIK-ALS,STB,29.36,26.2
BRIK-ALS,MBS,27.33,24.6
BRIK-ALS,DMT,16.47,15.7
BRIK-ALS,DMG,14.89,14.5
BRIK-ALS,KL_CKG,18.17,18.1
BRIK-ALS,KL_KJ,43.82,37.8
BRIK-ALS,ASTR-ASTR,49.97,40.8
BRIK-ALS,BRW-BRW,33.15,28.1
BRIK-ALS,MGL-MGL,25.48,22.9
BRIK-ALS,WSI-ANCB,25.27,23.3
BRIK-ALS,WSI-BTS,25.27,23.3
BRIK-ALS,WSI-PIK,26.41,28.5
BRIK-ALS,WSI-BSD,5.11,5.2
BRIK-ALS,WSI-ANC,31.25,28.6
BRIK-ALS,BKB-BKB,16.16,17
BRIK-ALS,RFS-HANG,22.62,22.3
BRIK-ALS,RFS-WOLT,29.41,26.8
BRIK-ALS,MBL-MBL,25.68,26.3
BRIK-ALS,ADS-ADS,27.94,24.5
BRIK-ALS,LML-LML,15.68,16.3
BRIK-ALS,HYP-HYP,29.65,26.4
BRIK-ALS,SDJ-CNRE,26.29,25.8
BRIK-ALS,SDJ-SDJE,31.03,30.4
BRIK-ALS,SDJ-PSBC,25.81,23
BRIK-ALS,SDJ-SCBD,27.8,23.9
BRIK-ALS,SDJ-BNTR,16.46,17.2
BRIK-ALS,SDJ-CJTA,40.9,33.4
BRIK-ALS,SDJ-PJTN,33.32,30.6
BRIK-ALS,SDJ-CBLH,16.46,16.8
BRIK-ALS,SDJ-KTBT,46.09,38.4
BRIK-ALS,SDJ-ODSS,28.05,24.2
BRIK-ALS,SDJ-SOET,16.46,16.8
BRIK-ALS,SDJ-SMB,51.98,44.8
BRIK-ALS,SDJ-CBS,28.46,27.1
BRIK-ALS,SDJ-PIM,24.62,24.6
BRIK-ALS,SDJ-CBN,16.46,16.8
BRIK-ALS,SDJ-BLV,23.5,24.1
BRIK-ALS,BFL-BFL,34.24,29.1
BRIK-ALS,BFL-KBY,25.11,26
BRIK-ALS,DCGL-BAR,12.51,13.7
BRIK-ALS,DCGS-BAR,9.2,10
BRIK-ALS,DCGL-KITC,12.51,13.7
BRIK-ALS,DCGS-KITC,12.51,13.7
BRIK-ALS,DCBM-BAR,24.14,24.5
BRIK-ALS,DCBM-KITC,24.14,24.5
BRIK-ALS,MXW-PGJ,28.73,26.3
BRIK-ALS,MXW-KGD,36.51,32.9
BRIK-ALS,PPY-MTG,26.44,23.5
BRIK-ALS,PPY-CTW,26.89,24.2
BRIK-ALS,PPY-PI,25.08,24.2
BRIK-ALS,PPY-GDS,8.27,9.3
BRIK-ALS,TRF-TRF,28.32,26.6
BRIK-ALS,TRF-CNRE,25.74,24.8
BRIK-ALS,JOEL-JOEL,29.15,26.3
BRIK-ALS,HMD-HMD,16.46,16.8
BRIK-ALS,GO_PPL,24.26,24.6
BRIK-ALS,GO_TBT,33.78,28.8
BRIK-ALS,MDV-KBY,24.96,25.8
BRIK-ALS,MDV-KGD,36.2,34
BRIK-ALS,MDV-PURI,15.36,16.2
BRIK-ALS,MDV-PDI,25,23.7
BRIK-ALS,MDV-BNTR,18.06,18.2
BRIK-ALS,MDV-PDHB,33.27,32.2
BRIK-ALS,MDV-GRVY,24.69,24.1
BRIK-ALS,SPHS-SPHS,24.22,21.1
BRIK-ALS,DRSR-DRSR,27.38,25.1
BRIK-ALS,EXP-EXP,26.72,23.6
BRIK-ALS,EXP-AEON,8.93,10.5
BRIK-ALS,HHP-HHP,28.32,24.9
BRIK-ALS,GDL-BSD,10.06,11.2
BRIK-ALS,GDL-PIK,25.6,26.9
BRIK-ALS,GDL-MOI,36.06,35.4
BRIK-ALS,GDL-KHI,44.55,38.7
BRIK-ALS,GDL-RDL,23.98,24
BRIK-ALS,GDL-PRGN,26.27,23.6
BRIK-ALS,GDL-CNRE,26.73,25.2
BRIK-ALS,GDL-PURI,14.71,15.1
BRIK-ALS,GDL-ANC,33.94,30.1
BRIK-ALS,GDL-GLC,12.07,14.1
BRIK-ALS,GDL-SCBD,27.8,23.8
BRIK-ALS,DDF-DDF,12.82,14
BRIK-ALS,FDMX-VDLM,27.9,27.1
BRIK-ALS,JIN-RST,36.5,32.7
BRIK-ALS,JIN-CKC,28.72,26.3
BRIK-ALS,PDLM-PDLM,28.22,24.1
BRIK-ALS,GOF-GD,21.31,21.7
BRIK-ALS,SMI-SMI,27.87,24.5
BRIK-ALS,CST-RTIW,30.28,27.1
BRIK-ALS,GRMK-PSQ,27.96,26
BRIK-ALS,GRMK-CBN,43.4,35
BRIK-ALS,GRMK-JUN,51.9,42.3
BRIK-ALS,GRMK-KMY,26.91,24.4
BRIK-ALS,GRMK-TJD,21.52,21
BRIK-ALS,GRMK-VTR,19.41,19.5
BRIK-ALS,GRMK-STBD,28.77,26.3
BRIK-ALS,GRMK-FTM,27.15,25.5
BRIK-ALS,GRMK-MRY,17.95,18.5
BRIK-ALS,GRMK-DWS,32.25,29.2
BRIK-ALS,GRMK-CBR,40.07,35.8
BRIK-ALS,GRMK-EMP,27.6,23.8
BRIK-ALS,GRMK-CMP,34.7,32.3
BRIK-ALS,GRMK-LRT,37.81,35.1
BRIK-ALS,GRMK-BSD,3.32,3.3
BRIK-ALS,GRMK-GRH,7.44,7.9
BRIK-ALS,GRMK-CPNG,34.13,31.7
BRIK-ALS,GRMK-PLM,25.84,23
BRIK-ALS,GRMK-DTA,33,27.7
BRIK-ALS,GRMK-SOQ,25.07,24.1
BRIK-ALS,GRMK-XML,43.44,36.2
BRIK-ALS,GRMK-DMT,19.09,18.9
BRIK-ALS,BRIK-STR,34.78,30.9
BRIK-ALS,BRIK-ALS,0,0
BRIK-ALS,BRIK-GDB,181.88,141.7
BRIK-ALS,BRIK-CKR,71.16,59.8
BRIK-ALS,BRIK-NRG,53.17,43.5
BRIK-ALS,BRIK-LGK,11.43,12.2
BRIK-ALS,BRIK-BLR,35.1,27
BRIK-ALS,BRIK-STL,55.91,45.5
BRIK-ALS,BRIK-KRW,92.32,72.9
BRIK-ALS,BRIK-MTL,11.8,13.6
BRIK-ALS,YMY-BTB,15.93,17.7
BRIK-ALS,GLLR-GLLR,10.09,12.4
BRIK-ALS,CSRR-CSRR,28.75,24.9
BRIK-ALS,MTSJ-MTSJ,26.97,23.9
BRIK-ALS,CST-GLN,24.82,24.6
BRIK-ALS,MBG-MBG,32.27,31.2
BRIK-ALS,CST-MBG,46.34,41.1
BRIK-ALS,GDK-KGD,37.14,33.8
BRIK-ALS,GDK-SCBD,27.46,23.4
BRIK-ALS,CST-AYM,30.57,30
BRIK-ALS,WTC-WTC,31.07,28.2
BRIK-ALS,FYN-FYN,22.94,22.8
BRIK-ALS,CST-FDC,26.82,25.4
BRIK-ALS,MDS-MDS,27.81,24.8
BRIK-ALS,MDS-SCBD,28.2,24.4
BRIK-ALS,HKN-HKN,49.35,42.7
BRIK-GDB,GDS,186.52,147.6
BRIK-GDB,CRD,174.47,133
BRIK-GDB,KJT,161.83,121.9
BRIK-GDB,BKS,147.21,110.9
BRIK-GDB,CBR,159.76,123.9
BRIK-GDB,MPG,165.54,124.6
BRIK-GDB,RWG,161.18,123.5
BRIK-GDB,KBG,180.53,137.3
BRIK-GDB,BSD,173.81,135.5
BRIK-GDB,STB,166.96,126.1
BRIK-GDB,MBS,173.04,132.6
BRIK-GDB,DMT,186.99,139.2
BRIK-GDB,DMG,187.03,139
BRIK-GDB,KL_CKG,181.61,135.5
BRIK-GDB,KL_KJ,167.09,125.8
BRIK-GDB,ASTR-ASTR,141.93,107.8
BRIK-GDB,BRW-BRW,163.53,123
BRIK-GDB,MGL-MGL,170.37,131.1
BRIK-GDB,WSI-ANCB,170.51,131.5
BRIK-GDB,WSI-BTS,170.51,131.5
BRIK-GDB,WSI-PIK,187.78,143.2
BRIK-GDB,WSI-BSD,186.27,139.9
BRIK-GDB,WSI-ANC,179.01,134.2
BRIK-GDB,BKB-BKB,183.97,139.2
BRIK-GDB,RFS-HANG,168.1,126.4
BRIK-GDB,RFS-WOLT,165.67,125.6
BRIK-GDB,MBL-MBL,167.31,126.6
BRIK-GDB,ADS-ADS,168.07,126.3
BRIK-GDB,LML-LML,183.48,138.5
BRIK-GDB,HYP-HYP,165.93,124.5
BRIK-GDB,SDJ-CNRE,171.78,131.4
BRIK-GDB,SDJ-SDJE,167.52,128.6
BRIK-GDB,SDJ-PSBC,169.37,130.1
BRIK-GDB,SDJ-SCBD,165.84,123.8
BRIK-GDB,SDJ-BNTR,179.22,136.2
BRIK-GDB,SDJ-CJTA,164.41,122.9
BRIK-GDB,SDJ-PJTN,167.34,128.1
BRIK-GDB,SDJ-CBLH,179,135.8
BRIK-GDB,SDJ-KTBT,150.41,113.9
BRIK-GDB,SDJ-ODSS,166.34,124.5
BRIK-GDB,SDJ-SOET,179,135.8
BRIK-GDB,SDJ-SMB,148.83,114.6
BRIK-GDB,SDJ-CBS,170.89,130.9
BRIK-GDB,SDJ-PIM,171.64,130.9
BRIK-GDB,SDJ-CBN,179,135.8
BRIK-GDB,SDJ-BLV,175.65,135.2
BRIK-GDB,BFL-BFL,160.38,120.2
BRIK-GDB,BFL-KBY,165.33,124.5
BRIK-GDB,DCGL-BAR,184.08,138.2
BRIK-GDB,DCGS-BAR,185.12,145.1
BRIK-GDB,DCGL-KITC,184.08,138.2
BRIK-GDB,DCGS-KITC,184.08,138.2
BRIK-GDB,DCBM-BAR,166.76,125.9
BRIK-GDB,DCBM-KITC,166.76,125.9
BRIK-GDB,MXW-PGJ,171.6,131
BRIK-GDB,MXW-KGD,166.62,126.1
BRIK-GDB,PPY-MTG,169.58,128.6
BRIK-GDB,PPY-CTW,168.12,126.7
BRIK-GDB,PPY-PI,172.11,130.5
BRIK-GDB,PPY-GDS,186.38,147.3
BRIK-GDB,TRF-TRF,173.15,131.6
BRIK-GDB,TRF-CNRE,171.23,130.4
BRIK-GDB,JOEL-JOEL,165.57,125.6
BRIK-GDB,HMD-HMD,179,135.8
BRIK-GDB,GO_PPL,168.02,127.1
BRIK-GDB,GO_TBT,164.42,123.9
BRIK-GDB,MDV-KBY,165.47,124.8
BRIK-GDB,MDV-KGD,164.63,122.9
BRIK-GDB,MDV-PURI,179.07,134.5
BRIK-GDB,MDV-PDI,173.55,131.2
BRIK-GDB,MDV-BNTR,178.31,137.1
BRIK-GDB,MDV-PDHB,174.94,130.8
BRIK-GDB,MDV-GRVY,169.83,129.5
BRIK-GDB,SPHS-SPHS,168.87,126.4
BRIK-GDB,DRSR-DRSR,169.6,128.3
BRIK-GDB,EXP-EXP,166.84,125.4
BRIK-GDB,EXP-AEON,180.78,141.8
BRIK-GDB,HHP-HHP,166.61,125.2
BRIK-GDB,GDL-BSD,184.08,144.9
BRIK-GDB,GDL-PIK,186.98,141.5
BRIK-GDB,GDL-MOI,165.54,126.8
BRIK-GDB,GDL-KHI,154.34,116.8
BRIK-GDB,GDL-RDL,168.59,127.9
BRIK-GDB,GDL-PRGN,175.86,132.5
BRIK-GDB,GDL-CNRE,172.22,130.8
BRIK-GDB,GDL-PURI,179.62,134.9
BRIK-GDB,GDL-ANC,178.93,134.6
BRIK-GDB,GDL-GLC,183.63,138.6
BRIK-GDB,GDL-SCBD,166.86,125
BRIK-GDB,DDF-DDF,184.82,139.6
BRIK-GDB,FDMX-VDLM,174.41,132.9
BRIK-GDB,JIN-RST,166.6,125.8
BRIK-GDB,JIN-CKC,171.59,131
BRIK-GDB,PDLM-PDLM,165.25,124.6
BRIK-GDB,GOF-GD,192.32,145.3
BRIK-GDB,SMI-SMI,167.99,126.3
BRIK-GDB,CST-RTIW,166,125.1
BRIK-GDB,GRMK-PSQ,172.79,131.1
BRIK-GDB,GRMK-CBN,147.36,110.6
BRIK-GDB,GRMK-JUN,144.01,107.9
BRIK-GDB,GRMK-KMY,170.25,129
BRIK-GDB,GRMK-TJD,173.27,130.2
BRIK-GDB,GRMK-VTR,175.83,134.2
BRIK-GDB,GRMK-STBD,167.17,126.5
BRIK-GDB,GRMK-FTM,172.05,130.8
BRIK-GDB,GRMK-MRY,177.25,133.1
BRIK-GDB,GRMK-DWS,165.3,125.2
BRIK-GDB,GRMK-CBR,158.68,120.6
BRIK-GDB,GRMK-EMP,177.26,132.6
BRIK-GDB,GRMK-CMP,166.27,125.4
BRIK-GDB,GRMK-LRT,164.29,125.6
BRIK-GDB,GRMK-BSD,182.15,142.1
BRIK-GDB,GRMK-GRH,183.85,142.3
BRIK-GDB,GRMK-CPNG,162.14,122.1
BRIK-GDB,GRMK-PLM,169.69,127.3
BRIK-GDB,GRMK-DTA,163.38,122.6
BRIK-GDB,GRMK-SOQ,173.73,132.1
BRIK-GDB,GRMK-XML,154.39,117
BRIK-GDB,GRMK-DMT,181.16,134.9
BRIK-GDB,BRIK-STR,166.86,124.5
BRIK-GDB,BRIK-ALS,191.86,143.3
BRIK-GDB,BRIK-GDB,0,0
BRIK-GDB,BRIK-CKR,126.28,99.1
BRIK-GDB,BRIK-NRG,148.47,112.2
BRIK-GDB,BRIK-LGK,198.67,148.8
BRIK-GDB,BRIK-BLR,218.94,161.1
BRIK-GDB,BRIK-STL,136.84,105.1
BRIK-GDB,BRIK-KRW,106.57,85.6
BRIK-GDB,BRIK-MTL,183.37,138.1
BRIK-GDB,YMY-BTB,181.44,136
BRIK-GDB,GLLR-GLLR,180.36,142.9
BRIK-GDB,CSRR-CSRR,178.41,133.7
BRIK-GDB,MTSJ-MTSJ,168.04,126.8
BRIK-GDB,CST-GLN,169.75,129.8
BRIK-GDB,MBG-MBG,167.84,127.6
BRIK-GDB,CST-MBG,152.3,116.4
BRIK-GDB,GDK-KGD,164.86,126.1
BRIK-GDB,GDK-SCBD,166.52,124.6
BRIK-GDB,CST-AYM,167.89,127.2
BRIK-GDB,WTC-WTC,164.54,125.2
BRIK-GDB,FYN-FYN,167.98,127.2
BRIK-GDB,CST-FDC,168.1,128.3
BRIK-GDB,MDS-MDS,169.09,127.7
BRIK-GDB,MDS-SCBD,166.48,124.7
BRIK-GDB,HKN-HKN,149.24,113.4
BRIK-CKR,GDS,75.85,61.9
BRIK-CKR,CRD,54.73,47
BRIK-CKR,KJT,42.1,35.9
BRIK-CKR,BKS,27.53,24.1
BRIK-CKR,CBR,39.17,37.7
BRIK-CKR,MPG,45.8,38.5
BRIK-CKR,RWG,41.44,37.5
BRIK-CKR,KBG,60.79,51.2
BRIK-CKR,BSD,70.82,58.6
BRIK-CKR,STB,47.23,40
BRIK-CKR,MBS,51.51,46.3
BRIK-CKR,DMT,67.26,53.1
BRIK-CKR,DMG,67.3,53
BRIK-CKR,KL_CKG,61.88,49.4
BRIK-CKR,KL_KJ,47.35,39.7
BRIK-CKR,ASTR-ASTR,58.84,48.5
BRIK-CKR,BRW-BRW,43.8,37
BRIK-CKR,MGL-MGL,50.78,44.8
BRIK-CKR,WSI-ANCB,50.93,45.2
BRIK-CKR,WSI-BTS,50.93,45.2
BRIK-CKR,WSI-PIK,68.05,57.1
BRIK-CKR,WSI-BSD,72.48,57.9
BRIK-CKR,WSI-ANC,59.28,48.2
BRIK-CKR,BKB-BKB,61.71,56.1
BRIK-CKR,RFS-HANG,48.36,40.3
BRIK-CKR,RFS-WOLT,45.93,39.5
BRIK-CKR,MBL-MBL,47.58,40.6
BRIK-CKR,ADS-ADS,48.33,40.3
BRIK-CKR,LML-LML,61.22,55.5
BRIK-CKR,HYP-HYP,46.19,38.4
BRIK-CKR,SDJ-CNRE,57.99,49.4
BRIK-CKR,SDJ-SDJE,47.79,42.5
BRIK-CKR,SDJ-PSBC,49.64,44.1
BRIK-CKR,SDJ-SCBD,46.11,37.7
BRIK-CKR,SDJ-BNTR,61.7,53.7
BRIK-CKR,SDJ-CJTA,44.96,38.7
BRIK-CKR,SDJ-PJTN,47.61,42.1
BRIK-CKR,SDJ-CBLH,61.49,53.3
BRIK-CKR,SDJ-KTBT,30.68,27.8
BRIK-CKR,SDJ-ODSS,46.6,38.5
BRIK-CKR,SDJ-SOET,61.49,53.3
BRIK-CKR,SDJ-SMB,27.4,27.1
BRIK-CKR,SDJ-CBS,51.16,44.9
BRIK-CKR,SDJ-PIM,51.9,44.9
BRIK-CKR,SDJ-CBN,61.49,53.3
BRIK-CKR,SDJ-BLV,55.91,49.1
BRIK-CKR,BFL-BFL,46.77,39.2
BRIK-CKR,BFL-KBY,45.59,38.5
BRIK-CKR,DCGL-BAR,64.34,52.2
BRIK-CKR,DCGS-BAR,77.02,62.6
BRIK-CKR,DCGL-KITC,64.34,52.2
BRIK-CKR,DCGS-KITC,64.34,52.2
BRIK-CKR,DCBM-BAR,47.03,39.8
BRIK-CKR,DCBM-KITC,47.03,39.8
BRIK-CKR,MXW-PGJ,50.06,44.8
BRIK-CKR,MXW-KGD,43.83,40
BRIK-CKR,PPY-MTG,49.85,42.5
BRIK-CKR,PPY-CTW,48.38,40.6
BRIK-CKR,PPY-PI,52.37,44.5
BRIK-CKR,PPY-GDS,76.09,61.9
BRIK-CKR,TRF-TRF,53.42,45.6
BRIK-CKR,TRF-CNRE,57.44,48.4
BRIK-CKR,JOEL-JOEL,45.83,39.5
BRIK-CKR,HMD-HMD,61.49,53.3
BRIK-CKR,GO_PPL,48.29,41
BRIK-CKR,GO_TBT,44.68,37.8
BRIK-CKR,MDV-KBY,45.74,38.7
BRIK-CKR,MDV-KGD,44.89,36.9
BRIK-CKR,MDV-PURI,59.33,48.5
BRIK-CKR,MDV-PDI,53.82,45.1
BRIK-CKR,MDV-BNTR,58.57,51.1
BRIK-CKR,MDV-PDHB,55.21,44.8
BRIK-CKR,MDV-GRVY,50.09,43.4
BRIK-CKR,SPHS-SPHS,49.13,40.3
BRIK-CKR,DRSR-DRSR,49.87,42.2
BRIK-CKR,EXP-EXP,47.11,39.3
BRIK-CKR,EXP-AEON,72.83,60.1
BRIK-CKR,HHP-HHP,46.87,39.1
BRIK-CKR,GDL-BSD,76.13,63.1
BRIK-CKR,GDL-PIK,67.24,55.5
BRIK-CKR,GDL-MOI,45.81,40.7
BRIK-CKR,GDL-KHI,32.67,30
BRIK-CKR,GDL-RDL,48.86,41.9
BRIK-CKR,GDL-PRGN,56.12,46.4
BRIK-CKR,GDL-CNRE,58.42,48.8
BRIK-CKR,GDL-PURI,59.88,48.8
BRIK-CKR,GDL-ANC,59.19,48.5
BRIK-CKR,GDL-GLC,63.9,52.5
BRIK-CKR,GDL-SCBD,47.12,39
BRIK-CKR,DDF-DDF,63.12,55.5
BRIK-CKR,FDMX-VDLM,54.92,48.1
BRIK-CKR,JIN-RST,43.82,39.8
BRIK-CKR,JIN-CKC,50.06,44.8
BRIK-CKR,PDLM-PDLM,45.52,38.5
BRIK-CKR,GOF-GD,72.58,59.2
BRIK-CKR,SMI-SMI,48.26,40.2
BRIK-CKR,CST-RTIW,52.39,44.1
BRIK-CKR,GRMK-PSQ,53.06,45
BRIK-CKR,GRMK-CBN,52.27,42.7
BRIK-CKR,GRMK-JUN,22.13,19.7
BRIK-CKR,GRMK-KMY,48.72,42.7
BRIK-CKR,GRMK-TJD,53.54,44.2
BRIK-CKR,GRMK-VTR,56.09,48.2
BRIK-CKR,GRMK-STBD,47.44,40.4
BRIK-CKR,GRMK-FTM,52.31,44.7
BRIK-CKR,GRMK-MRY,57.51,47.1
BRIK-CKR,GRMK-DWS,51.69,44.2
BRIK-CKR,GRMK-CBR,43.76,39.2
BRIK-CKR,GRMK-EMP,57.52,46.5
BRIK-CKR,GRMK-CMP,44.74,39.1
BRIK-CKR,GRMK-LRT,42.76,39.3
BRIK-CKR,GRMK-BSD,73.15,59.4
BRIK-CKR,GRMK-GRH,64.12,56.3
BRIK-CKR,GRMK-CPNG,42.41,36.1
BRIK-CKR,GRMK-PLM,49.96,41.3
BRIK-CKR,GRMK-DTA,43.65,36.5
BRIK-CKR,GRMK-SOQ,54,46.1
BRIK-CKR,GRMK-XML,34.72,30.3
BRIK-CKR,GRMK-DMT,61.42,48.9
BRIK-CKR,BRIK-STR,45.33,38.3
BRIK-CKR,BRIK-ALS,72.12,57.3
BRIK-CKR,BRIK-GDB,133.38,101.4
BRIK-CKR,BRIK-CKR,0,0
BRIK-CKR,BRIK-NRG,28.79,25.4
BRIK-CKR,BRIK-LGK,78.93,62.7
BRIK-CKR,BRIK-BLR,99.2,75
BRIK-CKR,BRIK-STL,59.28,50.3
BRIK-CKR,BRIK-KRW,19.57,24.4
BRIK-CKR,BRIK-MTL,63.63,52.1
BRIK-CKR,YMY-BTB,61.71,50
BRIK-CKR,GLLR-GLLR,72.4,61.2
BRIK-CKR,CSRR-CSRR,58.67,47.6
BRIK-CKR,MTSJ-MTSJ,48.31,40.7
BRIK-CKR,CST-GLN,50.02,43.8
BRIK-CKR,MBG-MBG,48.1,41.5
BRIK-CKR,CST-MBG,30.62,29.6
BRIK-CKR,GDK-KGD,43.33,39.8
BRIK-CKR,GDK-SCBD,46.78,38.6
BRIK-CKR,CST-AYM,54.28,46.1
BRIK-CKR,WTC-WTC,44.81,39.2
BRIK-CKR,FYN-FYN,48.24,41.1
BRIK-CKR,CST-FDC,48.36,42.2
BRIK-CKR,MDS-MDS,49.35,41.6
BRIK-CKR,MDS-SCBD,46.75,38.7
BRIK-CKR,HKN-HKN,29.57,26.6
BRIK-NRG,GDS,56.17,46
BRIK-NRG,CRD,27.15,25.1
BRIK-NRG,KJT,16.26,16
BRIK-NRG,BKS,3.27,4.2
BRIK-NRG,CBR,11.26,13.9
BRIK-NRG,MPG,26.12,22.5
BRIK-NRG,RWG,22.32,20
BRIK-NRG,KBG,41.11,35.2
BRIK-NRG,BSD,43.93,40.3
BRIK-NRG,STB,27.55,24.1
BRIK-NRG,MBS,32.28,28.5
BRIK-NRG,DMT,47.58,37.2
BRIK-NRG,DMG,47.62,37
BRIK-NRG,KL_CKG,42.2,33.4
BRIK-NRG,KL_KJ,26.4,22.5
BRIK-NRG,ASTR-ASTR,40.48,34.2
BRIK-NRG,BRW-BRW,24.11,21
BRIK-NRG,MGL-MGL,31.56,27
BRIK-NRG,WSI-ANCB,31.7,27.4
BRIK-NRG,WSI-BTS,31.7,27.4
BRIK-NRG,WSI-PIK,48.36,41.1
BRIK-NRG,WSI-BSD,48.44,42
BRIK-NRG,WSI-ANC,38.32,31
BRIK-NRG,BKB-BKB,35.94,34.7
BRIK-NRG,RFS-HANG,28.68,24.3
BRIK-NRG,RFS-WOLT,26.25,23.5
BRIK-NRG,MBL-MBL,27.9,24.6
BRIK-NRG,ADS-ADS,28.65,24.3
BRIK-NRG,LML-LML,35.45,34
BRIK-NRG,HYP-HYP,26.51,22.5
BRIK-NRG,SDJ-CNRE,30.33,30.5
BRIK-NRG,SDJ-SDJE,23.68,23.7
BRIK-NRG,SDJ-PSBC,30.45,26.3
BRIK-NRG,SDJ-SCBD,26.43,21.8
BRIK-NRG,SDJ-BNTR,34.12,31.8
BRIK-NRG,SDJ-CJTA,17.38,16.9
BRIK-NRG,SDJ-PJTN,24.36,24.6
BRIK-NRG,SDJ-CBLH,33.9,31.4
BRIK-NRG,SDJ-KTBT,10.49,11.7
BRIK-NRG,SDJ-ODSS,26.92,22.5
BRIK-NRG,SDJ-SOET,33.9,31.4
BRIK-NRG,SDJ-SMB,8.67,10.4
BRIK-NRG,SDJ-CBS,23.57,23
BRIK-NRG,SDJ-PIM,29.04,26.7
BRIK-NRG,SDJ-CBN,33.9,31.4
BRIK-NRG,SDJ-BLV,28.33,27.2
BRIK-NRG,BFL-BFL,28.41,24.9
BRIK-NRG,BFL-KBY,25.91,22.5
BRIK-NRG,DCGL-BAR,44.66,36.2
BRIK-NRG,DCGS-BAR,57.34,46.6
BRIK-NRG,DCGL-KITC,44.66,36.2
BRIK-NRG,DCGS-KITC,44.66,36.2
BRIK-NRG,DCBM-BAR,27.35,23.8
BRIK-NRG,DCBM-KITC,27.35,23.8
BRIK-NRG,MXW-PGJ,30.84,27
BRIK-NRG,MXW-KGD,24.6,22.2
BRIK-NRG,PPY-MTG,30.17,26.5
BRIK-NRG,PPY-CTW,28.7,24.7
BRIK-NRG,PPY-PI,28.65,25.6
BRIK-NRG,PPY-GDS,56.41,45.9
BRIK-NRG,TRF-TRF,25.83,23.7
BRIK-NRG,TRF-CNRE,31.46,31.6
BRIK-NRG,JOEL-JOEL,26.15,23.6
BRIK-NRG,HMD-HMD,33.9,31.4
BRIK-NRG,GO_PPL,28.61,25
BRIK-NRG,GO_TBT,25,21.9
BRIK-NRG,MDV-KBY,26.06,22.7
BRIK-NRG,MDV-KGD,23.88,19.7
BRIK-NRG,MDV-PURI,39.65,32.5
BRIK-NRG,MDV-PDI,26.59,23.8
BRIK-NRG,MDV-BNTR,31.69,29.9
BRIK-NRG,MDV-PDHB,34.25,27.6
BRIK-NRG,MDV-GRVY,29.22,26.1
BRIK-NRG,SPHS-SPHS,29.45,24.4
BRIK-NRG,DRSR-DRSR,30.19,26.3
BRIK-NRG,EXP-EXP,27.43,23.3
BRIK-NRG,EXP-AEON,48.79,44.1
BRIK-NRG,HHP-HHP,27.19,23.1
BRIK-NRG,GDL-BSD,49.8,47.1
BRIK-NRG,GDL-PIK,47.56,39.5
BRIK-NRG,GDL-MOI,24.8,23.6
BRIK-NRG,GDL-KHI,13.44,12.2
BRIK-NRG,GDL-RDL,29.18,25.9
BRIK-NRG,GDL-PRGN,32.76,29.2
BRIK-NRG,GDL-CNRE,29.54,28.8
BRIK-NRG,GDL-PURI,40.2,32.9
BRIK-NRG,GDL-ANC,33.94,30.9
BRIK-NRG,GDL-GLC,44.21,36.6
BRIK-NRG,GDL-SCBD,27.44,23
BRIK-NRG,DDF-DDF,36.23,34.3
BRIK-NRG,FDMX-VDLM,27.33,26.3
BRIK-NRG,JIN-RST,24.59,22
BRIK-NRG,JIN-CKC,30.83,26.9
BRIK-NRG,PDLM-PDLM,25.84,22.6
BRIK-NRG,GOF-GD,52.9,43.2
BRIK-NRG,SMI-SMI,28.57,24.3
BRIK-NRG,CST-RTIW,34.03,29.8
BRIK-NRG,GRMK-PSQ,25.47,23.1
BRIK-NRG,GRMK-CBN,33.91,28.4
BRIK-NRG,GRMK-JUN,6.75,5.9
BRIK-NRG,GRMK-KMY,29.49,24.9
BRIK-NRG,GRMK-TJD,33.86,28.2
BRIK-NRG,GRMK-VTR,29.21,26.9
BRIK-NRG,GRMK-STBD,27.76,24.5
BRIK-NRG,GRMK-FTM,24.72,22.8
BRIK-NRG,GRMK-MRY,37.83,31.1
BRIK-NRG,GRMK-DWS,33.33,29.9
BRIK-NRG,GRMK-CBR,21.46,20.7
BRIK-NRG,GRMK-EMP,37.84,30.6
BRIK-NRG,GRMK-CMP,25.52,21.3
BRIK-NRG,GRMK-LRT,23.53,21.5
BRIK-NRG,GRMK-BSD,46.8,42.9
BRIK-NRG,GRMK-GRH,42.49,39.4
BRIK-NRG,GRMK-CPNG,20.79,19.8
BRIK-NRG,GRMK-PLM,30.28,25.3
BRIK-NRG,GRMK-DTA,23.97,20.5
BRIK-NRG,GRMK-SOQ,26.41,24.2
BRIK-NRG,GRMK-XML,15.21,13.2
BRIK-NRG,GRMK-DMT,41.74,32.9
BRIK-NRG,BRIK-STR,26.1,20.4
BRIK-NRG,BRIK-ALS,52.44,41.3
BRIK-NRG,BRIK-GDB,157.24,116.3
BRIK-NRG,BRIK-CKR,28.38,24.8
BRIK-NRG,BRIK-NRG,0,0
BRIK-NRG,BRIK-LGK,59.25,46.8
BRIK-NRG,BRIK-BLR,79.52,59.1
BRIK-NRG,BRIK-STL,40.91,36
BRIK-NRG,BRIK-KRW,49.96,40.4
BRIK-NRG,BRIK-MTL,43.95,36.1
BRIK-NRG,YMY-BTB,42.02,34
BRIK-NRG,GLLR-GLLR,48.37,45.2
BRIK-NRG,CSRR-CSRR,38.99,31.7
BRIK-NRG,MTSJ-MTSJ,28.62,24.7
BRIK-NRG,CST-GLN,29.35,26.6
BRIK-NRG,MBG-MBG,24.98,24.5
BRIK-NRG,CST-MBG,11.4,11.8
BRIK-NRG,GDK-KGD,24.1,22
BRIK-NRG,GDK-SCBD,27.1,22.6
BRIK-NRG,CST-AYM,26.03,24.7
BRIK-NRG,WTC-WTC,25.13,23.2
BRIK-NRG,FYN-FYN,28.56,25.2
BRIK-NRG,CST-FDC,28.68,26.2
BRIK-NRG,MDS-MDS,29.67,25.6
BRIK-NRG,MDS-SCBD,27.07,22.7
BRIK-NRG,HKN-HKN,5.3,6.7
BRIK-LGK,GDS,4.82,6.6
BRIK-LGK,CRD,33.79,33.8
BRIK-LGK,KJT,45.89,35.9
BRIK-LGK,BKS,58.1,46.2
BRIK-LGK,CBR,52.59,47.1
BRIK-LGK,MPG,38.89,31.9
BRIK-LGK,RWG,44.08,38.5
BRIK-LGK,KBG,24.11,23.6
BRIK-LGK,BSD,17.67,19.5
BRIK-LGK,STB,36.74,31.1
BRIK-LGK,MBS,34.7,29.5
BRIK-LGK,DMT,21.37,21
BRIK-LGK,DMG,19.8,19.8
BRIK-LGK,KL_CKG,25.55,23
BRIK-LGK,KL_KJ,51.19,42.7
BRIK-LGK,ASTR-ASTR,56.82,46.7
BRIK-LGK,BRW-BRW,40.53,33
BRIK-LGK,MGL-MGL,32.85,27.7
BRIK-LGK,WSI-ANCB,32.64,28.2
BRIK-LGK,WSI-BTS,32.64,28.2
BRIK-LGK,WSI-PIK,33.78,33.3
BRIK-LGK,WSI-BSD,11.26,13.4
BRIK-LGK,WSI-ANC,38.62,33.5
BRIK-LGK,BKB-BKB,23.53,23.7
BRIK-LGK,RFS-HANG,33.77,29.6
BRIK-LGK,RFS-WOLT,36.79,31.6
BRIK-LGK,MBL-MBL,39.23,32.5
BRIK-LGK,ADS-ADS,35.32,29.4
BRIK-LGK,LML-LML,23.04,23.1
BRIK-LGK,HYP-HYP,37.03,31.3
BRIK-LGK,SDJ-CNRE,33.14,31.7
BRIK-LGK,SDJ-SDJE,40.88,35.9
BRIK-LGK,SDJ-PSBC,33.18,27.9
BRIK-LGK,SDJ-SCBD,35.18,28.7
BRIK-LGK,SDJ-BNTR,23.52,23.2
BRIK-LGK,SDJ-CJTA,47.75,39.3
BRIK-LGK,SDJ-PJTN,40.69,35.5
BRIK-LGK,SDJ-CBLH,23.3,22.8
BRIK-LGK,SDJ-KTBT,53.47,43.3
BRIK-LGK,SDJ-ODSS,35.43,29.1
BRIK-LGK,SDJ-SOET,23.3,22.8
BRIK-LGK,SDJ-SMB,59.35,49.7
BRIK-LGK,SDJ-CBS,34.78,34.2
BRIK-LGK,SDJ-PIM,35.7,31.6
BRIK-LGK,SDJ-CBN,23.3,22.8
BRIK-LGK,SDJ-BLV,30.71,31.2
BRIK-LGK,BFL-BFL,41.09,35
BRIK-LGK,BFL-KBY,37.31,31.2
BRIK-LGK,DCGL-BAR,19.89,18.6
BRIK-LGK,DCGS-BAR,6.73,9
BRIK-LGK,DCGL-KITC,19.89,18.6
BRIK-LGK,DCGS-KITC,19.89,18.6
BRIK-LGK,DCBM-BAR,37.75,31
BRIK-LGK,DCBM-KITC,37.75,31
BRIK-LGK,MXW-PGJ,36.11,31.2
BRIK-LGK,MXW-KGD,43.89,37.8
BRIK-LGK,PPY-MTG,33.81,28.3
BRIK-LGK,PPY-CTW,34.27,29.1
BRIK-LGK,PPY-PI,36.17,31.2
BRIK-LGK,PPY-GDS,5.05,6.5
BRIK-LGK,TRF-TRF,34.64,33.6
BRIK-LGK,TRF-CNRE,32.59,30.8
BRIK-LGK,JOEL-JOEL,36.52,31.1
BRIK-LGK,HMD-HMD,23.3,22.8
BRIK-LGK,GO_PPL,38.58,31.8
BRIK-LGK,GO_TBT,41.15,33.6
BRIK-LGK,MDV-KBY,37.46,31.4
BRIK-LGK,MDV-KGD,43.58,38.9
BRIK-LGK,MDV-PURI,22.73,21.1
BRIK-LGK,MDV-PDI,30.22,29.8
BRIK-LGK,MDV-BNTR,25.44,24.6
BRIK-LGK,MDV-PDHB,40.64,37.1
BRIK-LGK,MDV-GRVY,35.78,31.1
BRIK-LGK,SPHS-SPHS,31.59,26
BRIK-LGK,DRSR-DRSR,34.76,30
BRIK-LGK,EXP-EXP,34.1,28.4
BRIK-LGK,EXP-AEON,10.02,13.5
BRIK-LGK,HHP-HHP,35.69,29.8
BRIK-LGK,GDL-BSD,6.43,8.4
BRIK-LGK,GDL-PIK,32.98,31.7
BRIK-LGK,GDL-MOI,43.43,40.2
BRIK-LGK,GDL-KHI,51.92,43.5
BRIK-LGK,GDL-RDL,35.14,31.3
BRIK-LGK,GDL-PRGN,33.65,28.5
BRIK-LGK,GDL-CNRE,33.57,31.2
BRIK-LGK,GDL-PURI,22.08,20
BRIK-LGK,GDL-ANC,41.32,35
BRIK-LGK,GDL-GLC,19.44,18.9
BRIK-LGK,GDL-SCBD,35.17,28.7
BRIK-LGK,DDF-DDF,20.4,24
BRIK-LGK,FDMX-VDLM,35.77,33.3
BRIK-LGK,JIN-RST,43.88,37.6
BRIK-LGK,JIN-CKC,36.1,31.2
BRIK-LGK,PDLM-PDLM,35.59,29
BRIK-LGK,GOF-GD,29.43,28.5
BRIK-LGK,SMI-SMI,35.24,29.3
BRIK-LGK,CST-RTIW,37.13,33
BRIK-LGK,GRMK-PSQ,34.28,33
BRIK-LGK,GRMK-CBN,50.25,40.9
BRIK-LGK,GRMK-JUN,59.27,47.1
BRIK-LGK,GRMK-KMY,34.29,29.3
BRIK-LGK,GRMK-TJD,28.9,25.8
BRIK-LGK,GRMK-VTR,26.26,25.4
BRIK-LGK,GRMK-STBD,36.15,31.1
BRIK-LGK,GRMK-FTM,33.47,32.6
BRIK-LGK,GRMK-MRY,25.32,23.4
BRIK-LGK,GRMK-DWS,39.09,35.1
BRIK-LGK,GRMK-CBR,46.92,41.7
BRIK-LGK,GRMK-EMP,34.97,28.7
BRIK-LGK,GRMK-CMP,42.07,37.2
BRIK-LGK,GRMK-LRT,45.18,39.9
BRIK-LGK,GRMK-BSD,12.71,14.4
BRIK-LGK,GRMK-GRH,17.07,19.2
BRIK-LGK,GRMK-CPNG,41.51,36.5
BRIK-LGK,GRMK-PLM,33.22,27.9
BRIK-LGK,GRMK-DTA,40.38,32.5
BRIK-LGK,GRMK-SOQ,31.38,31.2
BRIK-LGK,GRMK-XML,50.82,41.1
BRIK-LGK,GRMK-DMT,26.46,23.7
BRIK-LGK,BRIK-STR,42.15,35.8
BRIK-LGK,BRIK-ALS,11.45,12.3
BRIK-LGK,BRIK-GDB,186.89,148.4
BRIK-LGK,BRIK-CKR,78.54,64.7
BRIK-LGK,BRIK-NRG,60.55,48.3
BRIK-LGK,BRIK-LGK,0,0
BRIK-LGK,BRIK-BLR,34.24,27.2
BRIK-LGK,BRIK-STL,62.76,51.5
BRIK-LGK,BRIK-KRW,99.7,77.8
BRIK-LGK,BRIK-MTL,19.18,18.4
BRIK-LGK,YMY-BTB,23.31,22.6
BRIK-LGK,GLLR-GLLR,13.52,17.9
BRIK-LGK,CSRR-CSRR,36.12,29.8
BRIK-LGK,MTSJ-MTSJ,34.34,28.8
BRIK-LGK,CST-GLN,35.91,31.6
BRIK-LGK,MBG-MBG,44.84,37.5
BRIK-LGK,CST-MBG,53.72,46
BRIK-LGK,GDK-KGD,44.52,38.6
BRIK-LGK,GDK-SCBD,34.83,28.3
BRIK-LGK,CST-AYM,37.42,35.9
BRIK-LGK,WTC-WTC,38.44,33.1
BRIK-LGK,FYN-FYN,34.1,30
BRIK-LGK,CST-FDC,34.19,30.3
BRIK-LGK,MDS-MDS,35.19,29.7
BRIK-LGK,MDS-SCBD,35.57,29.3
BRIK-LGK,HKN-HKN,56.73,47.6
BRIK-BLR,GDS,34.15,27.8
BRIK-BLR,CRD,56.08,44.5
BRIK-BLR,KJT,65.38,46.4
BRIK-BLR,BKS,77.59,56.8
BRIK-BLR,CBR,78.06,60.3
BRIK-BLR,MPG,58.38,42.5
BRIK-BLR,RWG,63.57,49
BRIK-BLR,KBG,43.6,34.1
BRIK-BLR,BSD,44.92,37.3
BRIK-BLR,STB,56.23,41.6
BRIK-BLR,MBS,54.19,40
BRIK-BLR,DMT,39.06,29.6
BRIK-BLR,DMG,37.48,28.4
BRIK-BLR,KL_CKG,45.04,33.5
BRIK-BLR,KL_KJ,70.68,53.2
BRIK-BLR,ASTR-ASTR,82.56,60.8
BRIK-BLR,BRW-BRW,60.02,43.5
BRIK-BLR,MGL-MGL,52.34,38.3
BRIK-BLR,WSI-ANCB,52.13,38.7
BRIK-BLR,WSI-BTS,52.13,38.7
BRIK-BLR,WSI-PIK,53.27,43.9
BRIK-BLR,WSI-BSD,37.31,28.6
BRIK-BLR,WSI-ANC,58.11,44
BRIK-BLR,BKB-BKB,46.63,37.5
BRIK-BLR,RFS-HANG,53.26,40.1
BRIK-BLR,RFS-WOLT,56.28,42.2
BRIK-BLR,MBL-MBL,58.72,43.1
BRIK-BLR,ADS-ADS,54.81,39.9
BRIK-BLR,LML-LML,46.14,36.8
BRIK-BLR,HYP-HYP,56.52,41.8
BRIK-BLR,SDJ-CNRE,58.88,45.9
BRIK-BLR,SDJ-SDJE,60.37,46.4
BRIK-BLR,SDJ-PSBC,52.68,38.4
BRIK-BLR,SDJ-SCBD,54.67,39.2
BRIK-BLR,SDJ-BNTR,49.46,38.8
BRIK-BLR,SDJ-CJTA,65.58,52.2
BRIK-BLR,SDJ-PJTN,60.18,46
BRIK-BLR,SDJ-CBLH,49.24,38.4
BRIK-BLR,SDJ-KTBT,72.96,53.8
BRIK-BLR,SDJ-ODSS,54.92,39.6
BRIK-BLR,SDJ-SOET,49.24,38.4
BRIK-BLR,SDJ-SMB,78.84,60.2
BRIK-BLR,SDJ-CBS,57.77,45.9
BRIK-BLR,SDJ-PIM,55.19,42.1
BRIK-BLR,SDJ-CBN,49.24,38.4
BRIK-BLR,SDJ-BLV,59.62,45.4
BRIK-BLR,BFL-BFL,66.83,49.2
BRIK-BLR,BFL-KBY,56.8,41.7
BRIK-BLR,DCGL-BAR,39.38,29.1
BRIK-BLR,DCGS-BAR,36.48,29.1
BRIK-BLR,DCGL-KITC,39.38,29.1
BRIK-BLR,DCGS-KITC,39.38,29.1
BRIK-BLR,DCBM-BAR,57.24,41.5
BRIK-BLR,DCBM-KITC,57.24,41.5
BRIK-BLR,MXW-PGJ,55.6,41.7
BRIK-BLR,MXW-KGD,63.38,48.3
BRIK-BLR,PPY-MTG,53.3,38.9
BRIK-BLR,PPY-CTW,53.76,39.6
BRIK-BLR,PPY-PI,55.66,41.7
BRIK-BLR,PPY-GDS,34.38,27.7
BRIK-BLR,TRF-TRF,57.63,45.3
BRIK-BLR,TRF-CNRE,58.33,44.9
BRIK-BLR,JOEL-JOEL,56.01,41.7
BRIK-BLR,HMD-HMD,49.24,38.4
BRIK-BLR,GO_PPL,58.08,42.3
BRIK-BLR,GO_TBT,60.64,44.2
BRIK-BLR,MDV-KBY,56.95,41.9
BRIK-BLR,MDV-KGD,63.07,49.4
BRIK-BLR,MDV-PURI,42.22,31.6
BRIK-BLR,MDV-PDI,57.11,42.4
BRIK-BLR,MDV-BNTR,48.52,38.7
BRIK-BLR,MDV-PDHB,60.13,47.6
BRIK-BLR,MDV-GRVY,55.27,41.6
BRIK-BLR,SPHS-SPHS,51.08,36.5
BRIK-BLR,DRSR-DRSR,54.25,40.5
BRIK-BLR,EXP-EXP,53.59,38.9
BRIK-BLR,EXP-AEON,41.13,33.8
BRIK-BLR,HHP-HHP,55.18,40.3
BRIK-BLR,GDL-BSD,37.38,31.5
BRIK-BLR,GDL-PIK,52.47,42.3
BRIK-BLR,GDL-MOI,62.92,50.8
BRIK-BLR,GDL-KHI,71.41,54.1
BRIK-BLR,GDL-RDL,54.63,41.8
BRIK-BLR,GDL-PRGN,53.14,39
BRIK-BLR,GDL-CNRE,59.32,45.3
BRIK-BLR,GDL-PURI,41.57,30.5
BRIK-BLR,GDL-ANC,60.81,45.5
BRIK-BLR,GDL-GLC,38.93,29.5
BRIK-BLR,GDL-SCBD,54.66,39.2
BRIK-BLR,DDF-DDF,46.63,37
BRIK-BLR,FDMX-VDLM,57.21,45.9
BRIK-BLR,JIN-RST,63.37,48.1
BRIK-BLR,JIN-CKC,55.59,41.7
BRIK-BLR,PDLM-PDLM,55.08,39.5
BRIK-BLR,GOF-GD,46.26,38.7
BRIK-BLR,SMI-SMI,54.73,39.9
BRIK-BLR,CST-RTIW,62.87,47.2
BRIK-BLR,GRMK-PSQ,57.27,44.7
BRIK-BLR,GRMK-CBN,75.99,55
BRIK-BLR,GRMK-JUN,78.76,57.7
BRIK-BLR,GRMK-KMY,53.78,39.8
BRIK-BLR,GRMK-TJD,48.39,36.4
BRIK-BLR,GRMK-VTR,50.49,40.7
BRIK-BLR,GRMK-STBD,55.64,41.7
BRIK-BLR,GRMK-FTM,56.46,44.3
BRIK-BLR,GRMK-MRY,44.82,33.9
BRIK-BLR,GRMK-DWS,64.84,49.2
BRIK-BLR,GRMK-CBR,72.66,55.9
BRIK-BLR,GRMK-EMP,54.46,39.2
BRIK-BLR,GRMK-CMP,61.56,47.7
BRIK-BLR,GRMK-LRT,64.67,50.5
BRIK-BLR,GRMK-BSD,35.52,26.7
BRIK-BLR,GRMK-GRH,38.43,31
BRIK-BLR,GRMK-CPNG,61,47.1
BRIK-BLR,GRMK-PLM,52.71,38.4
BRIK-BLR,GRMK-DTA,59.87,43.1
BRIK-BLR,GRMK-SOQ,54.38,42.8
BRIK-BLR,GRMK-XML,70.31,51.6
BRIK-BLR,GRMK-DMT,44.27,33.2
BRIK-BLR,BRIK-STR,61.64,46.3
BRIK-BLR,BRIK-ALS,32.27,23.8
BRIK-BLR,BRIK-GDB,221.27,163.2
BRIK-BLR,BRIK-CKR,98.03,75.2
BRIK-BLR,BRIK-NRG,80.04,58.9
BRIK-BLR,BRIK-LGK,35.07,26.9
BRIK-BLR,BRIK-BLR,0,0
BRIK-BLR,BRIK-STL,88.5,65.6
BRIK-BLR,BRIK-KRW,119.19,88.3
BRIK-BLR,BRIK-MTL,38.67,29
BRIK-BLR,YMY-BTB,42.8,33.1
BRIK-BLR,GLLR-GLLR,42.29,35.8
BRIK-BLR,CSRR-CSRR,55.61,40.3
BRIK-BLR,MTSJ-MTSJ,53.83,39.3
BRIK-BLR,CST-GLN,55.4,42.1
BRIK-BLR,MBG-MBG,64.33,48.1
BRIK-BLR,CST-MBG,73.21,56.5
BRIK-BLR,GDK-KGD,64.01,49.2
BRIK-BLR,GDK-SCBD,54.32,38.8
BRIK-BLR,CST-AYM,63.16,50
BRIK-BLR,WTC-WTC,57.93,43.6
BRIK-BLR,FYN-FYN,53.59,40.5
BRIK-BLR,CST-FDC,53.68,40.8
BRIK-BLR,MDS-MDS,54.68,40.2
BRIK-BLR,MDS-SCBD,55.06,39.8
BRIK-BLR,HKN-HKN,76.22,58.1
BRIK-STL,GDS,57.52,48.1
BRIK-STL,CRD,42.72,34.9
BRIK-STL,KJT,34.52,26.3
BRIK-STL,BKS,47.23,38.3
BRIK-STL,CBR,31.32,31.3
BRIK-STL,MPG,40.27,33.3
BRIK-STL,RWG,48.16,37.1
BRIK-STL,KBG,61.18,48.6
BRIK-STL,BSD,41.04,38.5
BRIK-STL,STB,47.62,37.5
BRIK-STL,MBS,52.21,43.3
BRIK-STL,DMT,67.65,50.6
BRIK-STL,DMG,67.69,50.4
BRIK-STL,KL_CKG,62.27,46.8
BRIK-STL,KL_KJ,58.04,45.1
BRIK-STL,ASTR-ASTR,7.09,8
BRIK-STL,BRW-BRW,39.82,31.4
BRIK-STL,MGL-MGL,50.39,41.4
BRIK-STL,WSI-ANCB,50.54,41.8
BRIK-STL,WSI-BTS,50.54,41.8
BRIK-STL,WSI-PIK,68.46,54.6
BRIK-STL,WSI-BSD,51.43,40.2
BRIK-STL,WSI-ANC,54.64,46.7
BRIK-STL,BKB-BKB,49.13,39.5
BRIK-STL,RFS-HANG,48.75,37.7
BRIK-STL,RFS-WOLT,46.32,36.9
BRIK-STL,MBL-MBL,47.97,38
BRIK-STL,ADS-ADS,48.72,37.7
BRIK-STL,LML-LML,48.64,38.8
BRIK-STL,HYP-HYP,46.58,35.9
BRIK-STL,SDJ-CNRE,36.94,31.6
BRIK-STL,SDJ-SDJE,39.25,33.5
BRIK-STL,SDJ-PSBC,49.4,40.4
BRIK-STL,SDJ-SCBD,46.5,35.2
BRIK-STL,SDJ-BNTR,44.38,36.5
BRIK-STL,SDJ-CJTA,29.57,23.2
BRIK-STL,SDJ-PJTN,39.94,34.4
BRIK-STL,SDJ-CBLH,44.16,36.1
BRIK-STL,SDJ-KTBT,48.42,38.4
BRIK-STL,SDJ-ODSS,46.99,35.9
BRIK-STL,SDJ-SOET,44.16,36.1
BRIK-STL,SDJ-SMB,53.43,46.3
BRIK-STL,SDJ-CBS,39.15,32.8
BRIK-STL,SDJ-PIM,44.61,36.5
BRIK-STL,SDJ-CBN,44.16,36.1
BRIK-STL,SDJ-BLV,40.81,35.9
BRIK-STL,BFL-BFL,25.54,20.5
BRIK-STL,BFL-KBY,45.98,35.9
BRIK-STL,DCGL-BAR,64.73,49.6
BRIK-STL,DCGS-BAR,56.12,45.6
BRIK-STL,DCGL-KITC,64.73,49.6
BRIK-STL,DCGS-KITC,64.73,49.6
BRIK-STL,DCBM-BAR,45.21,37.2
BRIK-STL,DCBM-KITC,45.21,37.2
BRIK-STL,MXW-PGJ,50.77,41.7
BRIK-STL,MXW-KGD,51.83,39.4
BRIK-STL,PPY-MTG,50.24,39.9
BRIK-STL,PPY-CTW,48.77,38.1
BRIK-STL,PPY-PI,44.22,35.4
BRIK-STL,PPY-GDS,57.38,47.8
BRIK-STL,TRF-TRF,41.41,33.5
BRIK-STL,TRF-CNRE,36.39,30.6
BRIK-STL,JOEL-JOEL,46.22,37
BRIK-STL,HMD-HMD,44.16,36.1
BRIK-STL,GO_PPL,43.69,35.6
BRIK-STL,GO_TBT,43.81,34.9
BRIK-STL,MDV-KBY,46.13,36.1
BRIK-STL,MDV-KGD,51.49,40.5
BRIK-STL,MDV-PURI,59.72,45.9
BRIK-STL,MDV-PDI,42.16,33.6
BRIK-STL,MDV-BNTR,47.26,39.7
BRIK-STL,MDV-PDHB,55.95,44.7
BRIK-STL,MDV-GRVY,44.79,35.9
BRIK-STL,SPHS-SPHS,49.52,37.8
BRIK-STL,DRSR-DRSR,50.26,39.7
BRIK-STL,EXP-EXP,47.5,36.7
BRIK-STL,EXP-AEON,51.78,42.3
BRIK-STL,HHP-HHP,47.26,36.5
BRIK-STL,GDL-BSD,55.08,45.4
BRIK-STL,GDL-PIK,67.66,53
BRIK-STL,GDL-MOI,51.37,41.8
BRIK-STL,GDL-KHI,57.7,44.8
BRIK-STL,GDL-RDL,45.82,36.9
BRIK-STL,GDL-PRGN,52.39,43.4
BRIK-STL,GDL-CNRE,37.37,31.1
BRIK-STL,GDL-PURI,60.27,46.2
BRIK-STL,GDL-ANC,53.87,45.5
BRIK-STL,GDL-GLC,64.29,50
BRIK-STL,GDL-SCBD,47.51,36.4
BRIK-STL,DDF-DDF,49.97,39.8
BRIK-STL,FDMX-VDLM,39.57,33.2
BRIK-STL,JIN-RST,51.82,39.2
BRIK-STL,JIN-CKC,50.76,41.7
BRIK-STL,PDLM-PDLM,45.91,36
BRIK-STL,GOF-GD,73,56.7
BRIK-STL,SMI-SMI,48.65,37.7
BRIK-STL,CST-RTIW,31.16,25.3
BRIK-STL,GRMK-PSQ,41.04,32.9
BRIK-STL,GRMK-CBN,12.52,10.8
BRIK-STL,GRMK-JUN,52.65,42.7
BRIK-STL,GRMK-KMY,48.87,40.1
BRIK-STL,GRMK-TJD,53.93,41.6
BRIK-STL,GRMK-VTR,44.78,36.7
BRIK-STL,GRMK-STBD,47.83,37.9
BRIK-STL,GRMK-FTM,40.3,32.6
BRIK-STL,GRMK-MRY,57.9,44.5
BRIK-STL,GRMK-DWS,30.46,25.4
BRIK-STL,GRMK-CBR,25.4,23.5
BRIK-STL,GRMK-EMP,57.91,44
BRIK-STL,GRMK-CMP,47.53,36.7
BRIK-STL,GRMK-LRT,53.1,41.6
BRIK-STL,GRMK-BSD,52.66,42.4
BRIK-STL,GRMK-GRH,55.23,43.8
BRIK-STL,GRMK-CPNG,42.99,33.2
BRIK-STL,GRMK-PLM,50.35,38.7
BRIK-STL,GRMK-DTA,40.16,31.5
BRIK-STL,GRMK-SOQ,41.98,34
BRIK-STL,GRMK-XML,47.59,37.6
BRIK-STL,GRMK-DMT,61.81,46.3
BRIK-STL,BRIK-STR,50.09,37.3
BRIK-STL,BRIK-ALS,56.54,46.2
BRIK-STL,BRIK-GDB,134.73,102.3
BRIK-STL,BRIK-CKR,62.29,53.3
BRIK-STL,BRIK-NRG,43.06,37.6
BRIK-STL,BRIK-LGK,62.2,51.2
BRIK-STL,BRIK-BLR,89.16,70.3
BRIK-STL,BRIK-STL,0,0
BRIK-STL,BRIK-KRW,82.26,66.1
BRIK-STL,BRIK-MTL,64.02,49.5
BRIK-STL,YMY-BTB,62.1,47.4
BRIK-STL,GLLR-GLLR,51.35,43.4
BRIK-STL,CSRR-CSRR,59.06,45.1
BRIK-STL,MTSJ-MTSJ,48.7,38.1
BRIK-STL,CST-GLN,44.93,36.4
BRIK-STL,MBG-MBG,37.17,32.2
BRIK-STL,CST-MBG,55.28,45.9
BRIK-STL,GDK-KGD,52.46,40.2
BRIK-STL,GDK-SCBD,47.17,36
BRIK-STL,CST-AYM,33.05,27.4
BRIK-STL,WTC-WTC,44.57,35.6
BRIK-STL,FYN-FYN,47.15,37.6
BRIK-STL,CST-FDC,48.75,39.6
BRIK-STL,MDS-MDS,49.74,39
BRIK-STL,MDS-SCBD,47.14,36.1
BRIK-STL,HKN-HKN,45.83,37.5
BRIK-KRW,GDS,95.21,73.8
BRIK-KRW,CRD,74.09,58.8
BRIK-KRW,KJT,61.45,47.7
BRIK-KRW,BKS,46.83,36.7
BRIK-KRW,CBR,59.38,49.7
BRIK-KRW,MPG,65.16,50.3
BRIK-KRW,RWG,60.8,49.3
BRIK-KRW,KBG,80.15,63.1
BRIK-KRW,BSD,90.18,70.4
BRIK-KRW,STB,66.58,51.9
BRIK-KRW,MBS,72.66,58.4
BRIK-KRW,DMT,86.61,65
BRIK-KRW,DMG,86.65,64.8
BRIK-KRW,KL_CKG,81.23,61.3
BRIK-KRW,KL_KJ,66.71,51.6
BRIK-KRW,ASTR-ASTR,78.2,60.3
BRIK-KRW,BRW-BRW,63.15,48.8
BRIK-KRW,MGL-MGL,69.99,56.9
BRIK-KRW,WSI-ANCB,70.14,57.2
BRIK-KRW,WSI-BTS,70.14,57.2
BRIK-KRW,WSI-PIK,87.4,68.9
BRIK-KRW,WSI-BSD,91.84,69.8
BRIK-KRW,WSI-ANC,78.63,60
BRIK-KRW,BKB-BKB,81.07,68
BRIK-KRW,RFS-HANG,67.72,52.1
BRIK-KRW,RFS-WOLT,65.29,51.4
BRIK-KRW,MBL-MBL,66.94,52.4
BRIK-KRW,ADS-ADS,67.69,52.1
BRIK-KRW,LML-LML,80.58,67.3
BRIK-KRW,HYP-HYP,65.55,50.3
BRIK-KRW,SDJ-CNRE,77.34,61.2
BRIK-KRW,SDJ-SDJE,67.15,54.3
BRIK-KRW,SDJ-PSBC,69,55.9
BRIK-KRW,SDJ-SCBD,65.46,49.6
BRIK-KRW,SDJ-BNTR,81.06,65.6
BRIK-KRW,SDJ-CJTA,64.32,50.6
BRIK-KRW,SDJ-PJTN,66.96,53.9
BRIK-KRW,SDJ-CBLH,80.85,65.2
BRIK-KRW,SDJ-KTBT,50.03,39.7
BRIK-KRW,SDJ-ODSS,65.96,50.3
BRIK-KRW,SDJ-SOET,80.85,65.2
BRIK-KRW,SDJ-SMB,48.45,40.4
BRIK-KRW,SDJ-CBS,70.52,56.7
BRIK-KRW,SDJ-PIM,71.26,56.7
BRIK-KRW,SDJ-CBN,80.85,65.2
BRIK-KRW,SDJ-BLV,75.27,61
BRIK-KRW,BFL-BFL,66.13,51.1
BRIK-KRW,BFL-KBY,64.95,50.3
BRIK-KRW,DCGL-BAR,83.7,64
BRIK-KRW,DCGS-BAR,96.38,74.4
BRIK-KRW,DCGL-KITC,83.7,64
BRIK-KRW,DCGS-KITC,83.7,64
BRIK-KRW,DCBM-BAR,66.39,51.7
BRIK-KRW,DCBM-KITC,66.39,51.7
BRIK-KRW,MXW-PGJ,71.22,56.8
BRIK-KRW,MXW-KGD,66.24,51.8
BRIK-KRW,PPY-MTG,69.21,54.4
BRIK-KRW,PPY-CTW,67.74,52.5
BRIK-KRW,PPY-PI,71.73,56.3
BRIK-KRW,PPY-GDS,95.45,73.7
BRIK-KRW,TRF-TRF,72.78,57.4
BRIK-KRW,TRF-CNRE,76.8,60.2
BRIK-KRW,JOEL-JOEL,65.19,51.4
BRIK-KRW,HMD-HMD,80.85,65.2
BRIK-KRW,GO_PPL,67.65,52.8
BRIK-KRW,GO_TBT,64.04,49.7
BRIK-KRW,MDV-KBY,65.09,50.5
BRIK-KRW,MDV-KGD,64.25,48.7
BRIK-KRW,MDV-PURI,78.69,60.3
BRIK-KRW,MDV-PDI,73.17,57
BRIK-KRW,MDV-BNTR,77.93,62.9
BRIK-KRW,MDV-PDHB,74.56,56.6
BRIK-KRW,MDV-GRVY,69.45,55.3
BRIK-KRW,SPHS-SPHS,68.49,52.2
BRIK-KRW,DRSR-DRSR,69.23,54.1
BRIK-KRW,EXP-EXP,66.47,51.2
BRIK-KRW,EXP-AEON,92.19,71.9
BRIK-KRW,HHP-HHP,66.23,51
BRIK-KRW,GDL-BSD,95.48,75
BRIK-KRW,GDL-PIK,86.6,67.3
BRIK-KRW,GDL-MOI,65.16,52.6
BRIK-KRW,GDL-KHI,53.96,42.6
BRIK-KRW,GDL-RDL,68.22,53.7
BRIK-KRW,GDL-PRGN,75.48,58.3
BRIK-KRW,GDL-CNRE,77.78,60.7
BRIK-KRW,GDL-PURI,79.24,60.7
BRIK-KRW,GDL-ANC,78.55,60.4
BRIK-KRW,GDL-GLC,83.25,64.4
BRIK-KRW,GDL-SCBD,66.48,50.8
BRIK-KRW,DDF-DDF,82.47,67.4
BRIK-KRW,FDMX-VDLM,74.28,60
BRIK-KRW,JIN-RST,66.23,51.6
BRIK-KRW,JIN-CKC,71.21,56.8
BRIK-KRW,PDLM-PDLM,64.87,50.4
BRIK-KRW,GOF-GD,91.94,71
BRIK-KRW,SMI-SMI,67.61,52.1
BRIK-KRW,CST-RTIW,71.75,55.9
BRIK-KRW,GRMK-PSQ,72.41,56.8
BRIK-KRW,GRMK-CBN,71.63,54.5
BRIK-KRW,GRMK-JUN,43.63,33.7
BRIK-KRW,GRMK-KMY,69.87,54.8
BRIK-KRW,GRMK-TJD,72.9,56
BRIK-KRW,GRMK-VTR,75.45,60
BRIK-KRW,GRMK-STBD,66.8,52.3
BRIK-KRW,GRMK-FTM,71.67,56.6
BRIK-KRW,GRMK-MRY,76.87,58.9
BRIK-KRW,GRMK-DWS,71.05,56
BRIK-KRW,GRMK-CBR,63.12,51.1
BRIK-KRW,GRMK-EMP,76.88,58.4
BRIK-KRW,GRMK-CMP,65.9,51.2
BRIK-KRW,GRMK-LRT,63.91,51.4
BRIK-KRW,GRMK-BSD,92.5,71.2
BRIK-KRW,GRMK-GRH,83.47,68.1
BRIK-KRW,GRMK-CPNG,61.76,47.9
BRIK-KRW,GRMK-PLM,69.32,53.1
BRIK-KRW,GRMK-DTA,63.01,48.3
BRIK-KRW,GRMK-SOQ,73.35,57.9
BRIK-KRW,GRMK-XML,54.01,42.8
BRIK-KRW,GRMK-DMT,80.78,60.7
BRIK-KRW,BRIK-STR,66.48,50.3
BRIK-KRW,BRIK-ALS,91.48,69.1
BRIK-KRW,BRIK-GDB,114.29,88.3
BRIK-KRW,BRIK-CKR,25.91,24.9
BRIK-KRW,BRIK-NRG,48.09,38
BRIK-KRW,BRIK-LGK,98.29,74.6
BRIK-KRW,BRIK-BLR,118.56,86.9
BRIK-KRW,BRIK-STL,78.64,62.1
BRIK-KRW,BRIK-KRW,0,0
BRIK-KRW,BRIK-MTL,82.99,63.9
BRIK-KRW,YMY-BTB,81.06,61.8
BRIK-KRW,GLLR-GLLR,91.76,73
BRIK-KRW,CSRR-CSRR,78.03,59.5
BRIK-KRW,MTSJ-MTSJ,67.66,52.5
BRIK-KRW,CST-GLN,69.37,55.6
BRIK-KRW,MBG-MBG,67.46,53.4
BRIK-KRW,CST-MBG,51.92,42.2
BRIK-KRW,GDK-KGD,64.48,51.9
BRIK-KRW,GDK-SCBD,66.14,50.4
BRIK-KRW,CST-AYM,73.64,58
BRIK-KRW,WTC-WTC,64.17,51
BRIK-KRW,FYN-FYN,67.6,53
BRIK-KRW,CST-FDC,67.72,54.1
BRIK-KRW,MDS-MDS,68.71,53.4
BRIK-KRW,MDS-SCBD,66.1,50.5
BRIK-KRW,HKN-HKN,48.86,39.2
BRIK-MTL,GDS,15.9,16.7
BRIK-MTL,CRD,20.38,20.8
BRIK-MTL,KJT,29.68,22.7
BRIK-MTL,BKS,41.89,33
BRIK-MTL,CBR,42.36,36.5
BRIK-MTL,MPG,22.68,18.7
BRIK-MTL,RWG,27.87,25.3
BRIK-MTL,KBG,7.9,10.4
BRIK-MTL,BSD,24.19,23.9
BRIK-MTL,STB,20.53,17.9
BRIK-MTL,MBS,18.49,16.2
BRIK-MTL,DMT,13.15,12.9
BRIK-MTL,DMG,13.19,12.7
BRIK-MTL,KL_CKG,6.39,7.8
BRIK-MTL,KL_KJ,34.98,29.5
BRIK-MTL,ASTR-ASTR,55.58,43.1
BRIK-MTL,BRW-BRW,24.32,19.8
BRIK-MTL,MGL-MGL,16.64,14.5
BRIK-MTL,WSI-ANCB,16.43,14.9
BRIK-MTL,WSI-BTS,16.43,14.9
BRIK-MTL,WSI-PIK,15.99,19.6
BRIK-MTL,WSI-BSD,14.98,16.1
BRIK-MTL,WSI-ANC,22.41,20.2
BRIK-MTL,BKB-BKB,15.1,17.9
BRIK-MTL,RFS-HANG,17.56,16.4
BRIK-MTL,RFS-WOLT,20.58,18.4
BRIK-MTL,MBL-MBL,23.02,19.3
BRIK-MTL,ADS-ADS,19.11,16.1
BRIK-MTL,LML-LML,14.61,17.2
BRIK-MTL,HYP-HYP,20.82,18
BRIK-MTL,SDJ-CNRE,31.9,28.1
BRIK-MTL,SDJ-SDJE,24.67,22.7
BRIK-MTL,SDJ-PSBC,16.98,14.6
BRIK-MTL,SDJ-SCBD,18.97,15.5
BRIK-MTL,SDJ-BNTR,16.9,19.8
BRIK-MTL,SDJ-CJTA,29.88,28.4
BRIK-MTL,SDJ-PJTN,24.48,22.3
BRIK-MTL,SDJ-CBLH,16.69,19.4
BRIK-MTL,SDJ-KTBT,37.26,30
BRIK-MTL,SDJ-ODSS,19.22,15.9
BRIK-MTL,SDJ-SOET,16.69,19.4
BRIK-MTL,SDJ-SMB,43.14,36.4
BRIK-MTL,SDJ-CBS,22.07,22.1
BRIK-MTL,SDJ-PIM,19.49,18.4
BRIK-MTL,SDJ-CBN,16.69,19.4
BRIK-MTL,SDJ-BLV,21.6,22.3
BRIK-MTL,BFL-BFL,39.85,31.4
BRIK-MTL,BFL-KBY,21.1,17.9
BRIK-MTL,DCGL-BAR,2.74,3.9
BRIK-MTL,DCGS-BAR,17.07,17.3
BRIK-MTL,DCGL-KITC,2.74,3.9
BRIK-MTL,DCGS-KITC,2.74,3.9
BRIK-MTL,DCBM-BAR,21.54,17.8
BRIK-MTL,DCBM-KITC,21.54,17.8
BRIK-MTL,MXW-PGJ,19.9,18
BRIK-MTL,MXW-KGD,27.68,24.6
BRIK-MTL,PPY-MTG,17.6,15.1
BRIK-MTL,PPY-CTW,18.06,15.8
BRIK-MTL,PPY-PI,19.96,18
BRIK-MTL,PPY-GDS,16.14,16.6
BRIK-MTL,TRF-TRF,21.93,21.6
BRIK-MTL,TRF-CNRE,31.35,27.1
BRIK-MTL,JOEL-JOEL,20.31,17.9
BRIK-MTL,HMD-HMD,16.69,19.4
BRIK-MTL,GO_PPL,22.37,18.6
BRIK-MTL,GO_TBT,24.94,20.4
BRIK-MTL,MDV-KBY,21.25,18.2
BRIK-MTL,MDV-KGD,27.37,25.6
BRIK-MTL,MDV-PURI,6.52,7.9
BRIK-MTL,MDV-PDI,21.41,18.6
BRIK-MTL,MDV-BNTR,15.44,18.3
BRIK-MTL,MDV-PDHB,24.43,23.9
BRIK-MTL,MDV-GRVY,19.57,17.8
BRIK-MTL,SPHS-SPHS,15.38,12.8
BRIK-MTL,DRSR-DRSR,18.55,16.7
BRIK-MTL,EXP-EXP,17.89,15.2
BRIK-MTL,EXP-AEON,18.8,21.3
BRIK-MTL,HHP-HHP,19.48,16.5
BRIK-MTL,GDL-BSD,19.14,20.4
BRIK-MTL,GDL-PIK,15.18,18
BRIK-MTL,GDL-MOI,27.22,27
BRIK-MTL,GDL-KHI,35.71,30.3
BRIK-MTL,GDL-RDL,18.93,18
BRIK-MTL,GDL-PRGN,17.44,15.3
BRIK-MTL,GDL-CNRE,24,25.1
BRIK-MTL,GDL-PURI,5.87,6.8
BRIK-MTL,GDL-ANC,25.11,21.8
BRIK-MTL,GDL-GLC,2.3,4.2
BRIK-MTL,GDL-SCBD,18.96,15.4
BRIK-MTL,DDF-DDF,14.39,16.8
BRIK-MTL,FDMX-VDLM,21.51,22.1
BRIK-MTL,JIN-RST,27.67,24.4
BRIK-MTL,JIN-CKC,19.89,18
BRIK-MTL,PDLM-PDLM,19.38,15.8
BRIK-MTL,GOF-GD,17.07,20.2
BRIK-MTL,SMI-SMI,19.03,16.1
BRIK-MTL,CST-RTIW,35.89,29.4
BRIK-MTL,GRMK-PSQ,21.57,21
BRIK-MTL,GRMK-CBN,49,37.3
BRIK-MTL,GRMK-JUN,43.06,33.9
BRIK-MTL,GRMK-KMY,18.08,16
BRIK-MTL,GRMK-TJD,12.69,12.6
BRIK-MTL,GRMK-VTR,15.83,17.1
BRIK-MTL,GRMK-STBD,19.94,17.9
BRIK-MTL,GRMK-FTM,20.76,20.5
BRIK-MTL,GRMK-MRY,9.11,10.1
BRIK-MTL,GRMK-DWS,37.85,31.5
BRIK-MTL,GRMK-CBR,40.77,33.7
BRIK-MTL,GRMK-EMP,18.76,15.4
BRIK-MTL,GRMK-CMP,25.86,23.9
BRIK-MTL,GRMK-LRT,28.97,26.7
BRIK-MTL,GRMK-BSD,13.2,14.2
BRIK-MTL,GRMK-GRH,7.56,9.2
BRIK-MTL,GRMK-CPNG,25.3,23.3
BRIK-MTL,GRMK-PLM,17.01,14.7
BRIK-MTL,GRMK-DTA,24.17,19.3
BRIK-MTL,GRMK-SOQ,18.68,19.1
BRIK-MTL,GRMK-XML,34.61,27.8
BRIK-MTL,GRMK-DMT,7.31,8.6
BRIK-MTL,BRIK-STR,25.94,22.5
BRIK-MTL,BRIK-ALS,12.17,12
BRIK-MTL,BRIK-GDB,190.77,140.4
BRIK-MTL,BRIK-CKR,62.33,51.4
BRIK-MTL,BRIK-NRG,44.34,35.1
BRIK-MTL,BRIK-LGK,18.98,17.5
BRIK-MTL,BRIK-BLR,39.25,29.8
BRIK-MTL,BRIK-STL,61.52,47.9
BRIK-MTL,BRIK-KRW,83.49,64.5
BRIK-MTL,BRIK-MTL,0,0
BRIK-MTL,YMY-BTB,4.29,6
BRIK-MTL,GLLR-GLLR,19.96,23.3
BRIK-MTL,CSRR-CSRR,19.91,16.5
BRIK-MTL,MTSJ-MTSJ,18.13,15.5
BRIK-MTL,CST-GLN,19.7,18.3
BRIK-MTL,MBG-MBG,28.63,24.3
BRIK-MTL,CST-MBG,37.51,32.7
BRIK-MTL,GDK-KGD,28.31,25.4
BRIK-MTL,GDK-SCBD,18.62,15
BRIK-MTL,CST-AYM,29.63,31
BRIK-MTL,WTC-WTC,22.23,19.9
BRIK-MTL,FYN-FYN,17.89,16.7
BRIK-MTL,CST-FDC,17.98,17.1
BRIK-MTL,MDS-MDS,18.98,16.5
BRIK-MTL,MDS-SCBD,19.36,16.1
BRIK-MTL,HKN-HKN,40.52,34.4
YMY-BTB,GDS,20.12,21.1
YMY-BTB,CRD,21.16,21.7
YMY-BTB,KJT,28.73,22.7
YMY-BTB,BKS,40.95,33.1
YMY-BTB,CBR,41.41,36.6
YMY-BTB,MPG,21.75,18.9
YMY-BTB,RWG,26.94,25.5
YMY-BTB,KBG,3.97,6.8
YMY-BTB,BSD,28.4,28.3
YMY-BTB,STB,19.6,18
YMY-BTB,MBS,15.6,14.9
YMY-BTB,DMT,9.55,9
YMY-BTB,DMG,9.59,8.8
YMY-BTB,KL_CKG,2.79,3.9
YMY-BTB,KL_KJ,28.08,26.6
YMY-BTB,ASTR-ASTR,56.21,46.7
YMY-BTB,BRW-BRW,23.37,19.8
YMY-BTB,MGL-MGL,15.7,14.7
YMY-BTB,WSI-ANCB,15.49,15.1
YMY-BTB,WSI-BTS,15.49,15.1
YMY-BTB,WSI-PIK,12.39,15.7
YMY-BTB,WSI-BSD,19.2,20.4
YMY-BTB,WSI-ANC,17.72,17.6
YMY-BTB,BKB-BKB,19.32,22.3
YMY-BTB,RFS-HANG,18.78,16.6
YMY-BTB,RFS-WOLT,19.65,18.6
YMY-BTB,MBL-MBL,22.09,19.5
YMY-BTB,ADS-ADS,18.18,16.3
YMY-BTB,LML-LML,18.83,21.6
YMY-BTB,HYP-HYP,19.89,18.2
YMY-BTB,SDJ-CNRE,29.92,32.1
YMY-BTB,SDJ-SDJE,23.73,22.9
YMY-BTB,SDJ-PSBC,16.04,14.8
YMY-BTB,SDJ-SCBD,18.04,15.7
YMY-BTB,SDJ-BNTR,21.12,24.2
YMY-BTB,SDJ-CJTA,32.81,28.6
YMY-BTB,SDJ-PJTN,23.55,22.4
YMY-BTB,SDJ-CBLH,20.91,23.8
YMY-BTB,SDJ-KTBT,36.31,30.1
YMY-BTB,SDJ-ODSS,18.29,16.1
YMY-BTB,SDJ-SOET,20.91,23.8
YMY-BTB,SDJ-SMB,42.2,36.5
YMY-BTB,SDJ-CBS,22.84,23.1
YMY-BTB,SDJ-PIM,19.68,19.4
YMY-BTB,SDJ-CBN,20.91,23.8
YMY-BTB,SDJ-BLV,22.37,23.2
YMY-BTB,BFL-BFL,40.04,34.5
YMY-BTB,BFL-KBY,20.17,18.1
YMY-BTB,DCGL-BAR,4.61,6
YMY-BTB,DCGS-BAR,21.29,21.7
YMY-BTB,DCGL-KITC,4.61,6
YMY-BTB,DCGS-KITC,4.61,6
YMY-BTB,DCBM-BAR,20.61,18
YMY-BTB,DCBM-KITC,20.61,18
YMY-BTB,MXW-PGJ,17.29,16.8
YMY-BTB,MXW-KGD,26.75,24.8
YMY-BTB,PPY-MTG,16.67,15.3
YMY-BTB,PPY-CTW,17.13,16
YMY-BTB,PPY-PI,20.15,19
YMY-BTB,PPY-GDS,20.36,21
YMY-BTB,TRF-TRF,22.7,22.5
YMY-BTB,TRF-CNRE,26.68,28.9
YMY-BTB,JOEL-JOEL,19.38,18.1
YMY-BTB,HMD-HMD,20.91,23.8
YMY-BTB,GO_PPL,21.44,18.7
YMY-BTB,GO_TBT,24,20.5
YMY-BTB,MDV-KBY,20.32,18.4
YMY-BTB,MDV-KGD,26.44,25.8
YMY-BTB,MDV-PURI,5.06,7
YMY-BTB,MDV-PDI,19.38,19.6
YMY-BTB,MDV-BNTR,19.08,21
YMY-BTB,MDV-PDHB,22.39,21.5
YMY-BTB,MDV-GRVY,19.75,18.9
YMY-BTB,SPHS-SPHS,14.45,13
YMY-BTB,DRSR-DRSR,17.61,16.9
YMY-BTB,EXP-EXP,16.95,15.4
YMY-BTB,EXP-AEON,23.02,25.7
YMY-BTB,HHP-HHP,18.55,16.7
YMY-BTB,GDL-BSD,23.35,24.8
YMY-BTB,GDL-PIK,11.58,14.1
YMY-BTB,GDL-MOI,26.29,27.2
YMY-BTB,GDL-KHI,34.78,30.5
YMY-BTB,GDL-RDL,19.11,19.1
YMY-BTB,GDL-PRGN,14.55,14
YMY-BTB,GDL-CNRE,24.77,26
YMY-BTB,GDL-PURI,4.41,5.9
YMY-BTB,GDL-ANC,18.21,18.9
YMY-BTB,GDL-GLC,4.92,6.8
YMY-BTB,GDL-SCBD,18.03,15.6
YMY-BTB,DDF-DDF,18.61,21.1
YMY-BTB,FDMX-VDLM,22.28,23.1
YMY-BTB,JIN-RST,26.73,24.6
YMY-BTB,JIN-CKC,17.28,16.8
YMY-BTB,PDLM-PDLM,18.45,16
YMY-BTB,GOF-GD,13.47,16.3
YMY-BTB,SMI-SMI,18.1,16.3
YMY-BTB,CST-RTIW,40.11,33.8
YMY-BTB,GRMK-PSQ,22.34,21.9
YMY-BTB,GRMK-CBN,49.64,40.9
YMY-BTB,GRMK-JUN,42.12,34
YMY-BTB,GRMK-KMY,17.14,16.3
YMY-BTB,GRMK-TJD,10.01,11.3
YMY-BTB,GRMK-VTR,16.6,18.1
YMY-BTB,GRMK-STBD,19,18.1
YMY-BTB,GRMK-FTM,21.53,21.5
YMY-BTB,GRMK-MRY,7.65,9.2
YMY-BTB,GRMK-DWS,42.07,35.9
YMY-BTB,GRMK-CBR,39.82,33.8
YMY-BTB,GRMK-EMP,14.07,12.8
YMY-BTB,GRMK-CMP,24.93,24.1
YMY-BTB,GRMK-LRT,28.04,26.9
YMY-BTB,GRMK-BSD,17.41,18.5
YMY-BTB,GRMK-GRH,10.73,12.2
YMY-BTB,GRMK-CPNG,24.36,23.5
YMY-BTB,GRMK-PLM,16.07,14.9
YMY-BTB,GRMK-DTA,23.22,19.4
YMY-BTB,GRMK-SOQ,19.45,20
YMY-BTB,GRMK-XML,33.67,27.9
YMY-BTB,GRMK-DMT,3.71,4.7
YMY-BTB,BRIK-STR,25.01,22.7
YMY-BTB,BRIK-ALS,16.39,16.4
YMY-BTB,BRIK-GDB,189.82,140.4
YMY-BTB,BRIK-CKR,61.38,51.5
YMY-BTB,BRIK-NRG,43.4,35.2
YMY-BTB,BRIK-LGK,23.2,21.9
YMY-BTB,BRIK-BLR,43.47,34.2
YMY-BTB,BRIK-STL,60.41,49.4
YMY-BTB,BRIK-KRW,82.54,64.6
YMY-BTB,BRIK-MTL,4.22,5.9
YMY-BTB,YMY-BTB,0,0
YMY-BTB,GLLR-GLLR,24.18,27.6
YMY-BTB,CSRR-CSRR,15.22,13.9
YMY-BTB,MTSJ-MTSJ,17.2,15.7
YMY-BTB,CST-GLN,19.89,19.4
YMY-BTB,MBG-MBG,27.68,24.4
YMY-BTB,CST-MBG,36.57,32.9
YMY-BTB,GDK-KGD,27.38,25.6
YMY-BTB,GDK-SCBD,17.69,15.2
YMY-BTB,CST-AYM,35.63,31.2
YMY-BTB,WTC-WTC,21.3,20.1
YMY-BTB,FYN-FYN,18.07,17.8
YMY-BTB,CST-FDC,17.05,17.3
YMY-BTB,MDS-MDS,18.04,16.6
YMY-BTB,MDS-SCBD,18.43,16.3
YMY-BTB,HKN-HKN,39.57,34.4
GLLR-GLLR,GDS,7.55,10.4
GLLR-GLLR,CRD,23.79,24.8
GLLR-GLLR,KJT,34.64,32
GLLR-GLLR,BKS,47.35,43.8
GLLR-GLLR,CBR,42.57,39.6
GLLR-GLLR,MPG,30.19,29.9
GLLR-GLLR,RWG,40.93,41.7
GLLR-GLLR,KBG,24.22,28.3
GLLR-GLLR,BSD,6.57,10.7
GLLR-GLLR,STB,33.16,34
GLLR-GLLR,MBS,34.82,34.1
GLLR-GLLR,DMT,23.95,25.1
GLLR-GLLR,DMG,22.38,24
GLLR-GLLR,KL_CKG,25.66,27.6
GLLR-GLLR,KL_KJ,51.31,47.4
GLLR-GLLR,ASTR-ASTR,46.79,39.2
GLLR-GLLR,BRW-BRW,32.47,32.6
GLLR-GLLR,MGL-MGL,32.97,32.4
GLLR-GLLR,WSI-ANCB,32.76,32.8
GLLR-GLLR,WSI-BTS,32.76,32.8
GLLR-GLLR,WSI-PIK,33.9,38
GLLR-GLLR,WSI-BSD,4.26,6.7
GLLR-GLLR,WSI-ANC,38.74,38.1
GLLR-GLLR,BKB-BKB,13.5,16.3
GLLR-GLLR,RFS-HANG,24.72,26.1
GLLR-GLLR,RFS-WOLT,26.13,31
GLLR-GLLR,MBL-MBL,25.79,29.2
GLLR-GLLR,ADS-ADS,28.76,30.5
GLLR-GLLR,LML-LML,13.02,15.6
GLLR-GLLR,HYP-HYP,32.37,33.2
GLLR-GLLR,SDJ-CNRE,23.11,24.3
GLLR-GLLR,SDJ-SDJE,28.05,29.4
GLLR-GLLR,SDJ-PSBC,33.3,32.5
GLLR-GLLR,SDJ-SCBD,28.8,30.5
GLLR-GLLR,SDJ-BNTR,13.49,15.7
GLLR-GLLR,SDJ-CJTA,37.72,31.9
GLLR-GLLR,SDJ-PJTN,28.32,29.6
GLLR-GLLR,SDJ-CBLH,13.28,15.3
GLLR-GLLR,SDJ-KTBT,48.54,43.9
GLLR-GLLR,SDJ-ODSS,26.35,30.3
GLLR-GLLR,SDJ-SOET,13.28,15.3
GLLR-GLLR,SDJ-SMB,52.97,51.7
GLLR-GLLR,SDJ-CBS,25.48,26.1
GLLR-GLLR,SDJ-PIM,21.91,24.8
GLLR-GLLR,SDJ-CBN,13.28,15.3
GLLR-GLLR,SDJ-BLV,20.52,23.1
GLLR-GLLR,BFL-BFL,31.06,27.6
GLLR-GLLR,BFL-KBY,25.22,29
GLLR-GLLR,DCGL-BAR,20.01,23.2
GLLR-GLLR,DCGS-BAR,6.16,7.9
GLLR-GLLR,DCGL-KITC,20.01,23.2
GLLR-GLLR,DCGS-KITC,20.01,23.2
GLLR-GLLR,DCBM-BAR,24.26,27.5
GLLR-GLLR,DCBM-KITC,24.26,27.5
GLLR-GLLR,MXW-PGJ,36.22,35.8
GLLR-GLLR,MXW-KGD,44.01,42.4
GLLR-GLLR,PPY-MTG,33.93,33
GLLR-GLLR,PPY-CTW,28.81,30.9
GLLR-GLLR,PPY-PI,21.51,23.8
GLLR-GLLR,PPY-GDS,7.41,10.1
GLLR-GLLR,TRF-TRF,25.34,25.6
GLLR-GLLR,TRF-CNRE,22.56,23.3
GLLR-GLLR,JOEL-JOEL,27.1,31.7
GLLR-GLLR,HMD-HMD,13.28,15.3
GLLR-GLLR,GO_PPL,27.57,27.4
GLLR-GLLR,GO_TBT,34.77,35.6
GLLR-GLLR,MDV-KBY,25.08,28.8
GLLR-GLLR,MDV-KGD,43.7,43.5
GLLR-GLLR,MDV-PURI,22.85,25.7
GLLR-GLLR,MDV-PDI,20.2,22.4
GLLR-GLLR,MDV-BNTR,15.41,17.2
GLLR-GLLR,MDV-PDHB,40.76,41.7
GLLR-GLLR,MDV-GRVY,22.09,24.2
GLLR-GLLR,SPHS-SPHS,29.04,30.2
GLLR-GLLR,DRSR-DRSR,34.87,34.6
GLLR-GLLR,EXP-EXP,27.54,29.6
GLLR-GLLR,EXP-AEON,1.82,4.6
GLLR-GLLR,HHP-HHP,26.62,30.9
GLLR-GLLR,GDL-BSD,5.11,7.7
GLLR-GLLR,GDL-PIK,33.1,36.4
GLLR-GLLR,GDL-MOI,43.55,44.9
GLLR-GLLR,GDL-KHI,52.04,48.2
GLLR-GLLR,GDL-RDL,23.12,25.3
GLLR-GLLR,GDL-PRGN,33.76,33.2
GLLR-GLLR,GDL-CNRE,23.55,23.7
GLLR-GLLR,GDL-PURI,22.2,24.6
GLLR-GLLR,GDL-ANC,41.44,39.6
GLLR-GLLR,GDL-GLC,19.56,23.6
GLLR-GLLR,GDL-SCBD,28.8,30.4
GLLR-GLLR,DDF-DDF,11.6,16.5
GLLR-GLLR,FDMX-VDLM,25.75,25.8
GLLR-GLLR,JIN-RST,43.99,42.2
GLLR-GLLR,JIN-CKC,36.22,35.8
GLLR-GLLR,PDLM-PDLM,29.22,30.8
GLLR-GLLR,GOF-GD,28.8,31.2
GLLR-GLLR,SMI-SMI,28.68,30.5
GLLR-GLLR,CST-RTIW,27.1,25.6
GLLR-GLLR,GRMK-PSQ,24.98,25
GLLR-GLLR,GRMK-CBN,40.22,33.4
GLLR-GLLR,GRMK-JUN,52.77,48.2
GLLR-GLLR,GRMK-KMY,34.4,33.9
GLLR-GLLR,GRMK-TJD,29.02,30.5
GLLR-GLLR,GRMK-VTR,16.24,17.9
GLLR-GLLR,GRMK-STBD,32.57,34.1
GLLR-GLLR,GRMK-FTM,24.17,24.5
GLLR-GLLR,GRMK-MRY,25.44,28
GLLR-GLLR,GRMK-DWS,29.07,27.7
GLLR-GLLR,GRMK-CBR,36.89,34.3
GLLR-GLLR,GRMK-EMP,35.09,33.3
GLLR-GLLR,GRMK-CMP,40.29,41.3
GLLR-GLLR,GRMK-LRT,45.3,44.6
GLLR-GLLR,GRMK-BSD,6.08,8.5
GLLR-GLLR,GRMK-GRH,14.93,17.4
GLLR-GLLR,GRMK-CPNG,39.84,38.7
GLLR-GLLR,GRMK-PLM,27.94,29.6
GLLR-GLLR,GRMK-DTA,31.89,32
GLLR-GLLR,GRMK-SOQ,22.09,23.1
GLLR-GLLR,GRMK-XML,44.44,43.1
GLLR-GLLR,GRMK-DMT,26.58,28.4
GLLR-GLLR,BRIK-STR,42.27,40.4
GLLR-GLLR,BRIK-ALS,9.96,12.3
GLLR-GLLR,BRIK-GDB,177.73,139.5
GLLR-GLLR,BRIK-CKR,73.54,61.6
GLLR-GLLR,BRIK-NRG,46.93,43.7
GLLR-GLLR,BRIK-LGK,10.99,14.5
GLLR-GLLR,BRIK-BLR,40.55,36.2
GLLR-GLLR,BRIK-STL,52.73,44
GLLR-GLLR,BRIK-KRW,93.51,74.4
GLLR-GLLR,BRIK-MTL,19.3,23.1
GLLR-GLLR,YMY-BTB,23.43,27.2
GLLR-GLLR,GLLR-GLLR,0,0
GLLR-GLLR,CSRR-CSRR,36.24,34.4
GLLR-GLLR,MTSJ-MTSJ,28.73,31
GLLR-GLLR,CST-GLN,22.22,24.7
GLLR-GLLR,MBG-MBG,29.29,30.2
GLLR-GLLR,CST-MBG,53.83,50.6
GLLR-GLLR,GDK-KGD,44.64,43.3
GLLR-GLLR,GDK-SCBD,28.46,30
GLLR-GLLR,CST-AYM,27.39,28.4
GLLR-GLLR,WTC-WTC,35.29,36.3
GLLR-GLLR,FYN-FYN,22.49,25.4
GLLR-GLLR,CST-FDC,26.69,30.7
GLLR-GLLR,MDS-MDS,26.25,28.8
GLLR-GLLR,MDS-SCBD,26.23,30
GLLR-GLLR,HKN-HKN,45.95,43
CSRR-CSRR,GDS,32.98,27.6
CSRR-CSRR,CRD,24.27,19.8
CSRR-CSRR,KJT,25.2,19
CSRR-CSRR,BKS,37.41,29.3
CSRR-CSRR,CBR,37.88,32.8
CSRR-CSRR,MPG,18.21,15.1
CSRR-CSRR,RWG,19.12,19.2
CSRR-CSRR,KBG,14.7,13.8
CSRR-CSRR,BSD,39.95,34.2
CSRR-CSRR,STB,16.06,14.3
CSRR-CSRR,MBS,6.85,8.5
CSRR-CSRR,DMT,20.8,16.1
CSRR-CSRR,DMG,20.84,15.9
CSRR-CSRR,KL_CKG,15.42,12.3
CSRR-CSRR,KL_KJ,16.4,15.4
CSRR-CSRR,ASTR-ASTR,52.68,42.9
CSRR-CSRR,BRW-BRW,19.84,16.1
CSRR-CSRR,MGL-MGL,8.74,10.6
CSRR-CSRR,WSI-ANCB,8.89,10.9
CSRR-CSRR,WSI-BTS,8.89,10.9
CSRR-CSRR,WSI-PIK,13.27,15.6
CSRR-CSRR,WSI-BSD,32.07,27
CSRR-CSRR,WSI-ANC,3.33,5.8
CSRR-CSRR,BKB-BKB,30.1,27.1
CSRR-CSRR,RFS-HANG,15.25,12.8
CSRR-CSRR,RFS-WOLT,16.11,14.8
CSRR-CSRR,MBL-MBL,18.56,15.7
CSRR-CSRR,ADS-ADS,14.64,12.6
CSRR-CSRR,LML-LML,29.61,26.4
CSRR-CSRR,HYP-HYP,16.35,14.5
CSRR-CSRR,SDJ-CNRE,30.46,29.3
CSRR-CSRR,SDJ-SDJE,20.2,19.1
CSRR-CSRR,SDJ-PSBC,10.28,10.2
CSRR-CSRR,SDJ-SCBD,14.5,11.9
CSRR-CSRR,SDJ-BNTR,30.14,25.7
CSRR-CSRR,SDJ-CJTA,29.28,24.8
CSRR-CSRR,SDJ-PJTN,20.02,18.7
CSRR-CSRR,SDJ-CBLH,29.93,25.3
CSRR-CSRR,SDJ-KTBT,32.78,26.3
CSRR-CSRR,SDJ-ODSS,14.75,12.3
CSRR-CSRR,SDJ-SOET,29.93,25.3
CSRR-CSRR,SDJ-SMB,35.28,30.1
CSRR-CSRR,SDJ-CBS,25.88,21.2
CSRR-CSRR,SDJ-PIM,19.18,16.1
CSRR-CSRR,SDJ-CBN,29.93,25.3
CSRR-CSRR,SDJ-BLV,25.49,21.3
CSRR-CSRR,BFL-BFL,36.51,30.8
CSRR-CSRR,BFL-KBY,16.64,14.4
CSRR-CSRR,DCGL-BAR,19.48,17.8
CSRR-CSRR,DCGS-BAR,34.16,28.3
CSRR-CSRR,DCGL-KITC,19.48,17.8
CSRR-CSRR,DCGS-KITC,19.48,17.8
CSRR-CSRR,DCBM-BAR,17.07,14.2
CSRR-CSRR,DCBM-KITC,17.07,14.2
CSRR-CSRR,MXW-PGJ,7.15,7.4
CSRR-CSRR,MXW-KGD,17.3,15.1
CSRR-CSRR,PPY-MTG,13.14,11.5
CSRR-CSRR,PPY-CTW,13.59,12.3
CSRR-CSRR,PPY-PI,19.65,15.7
CSRR-CSRR,PPY-GDS,33.22,27.6
CSRR-CSRR,TRF-TRF,25.74,20.6
CSRR-CSRR,TRF-CNRE,29.8,26.9
CSRR-CSRR,JOEL-JOEL,15.85,14.3
CSRR-CSRR,HMD-HMD,29.93,25.3
CSRR-CSRR,GO_PPL,17.91,15
CSRR-CSRR,GO_TBT,20.46,16.7
CSRR-CSRR,MDV-KBY,16.78,14.6
CSRR-CSRR,MDV-KGD,16.82,17.2
CSRR-CSRR,MDV-PURI,16.47,14.2
CSRR-CSRR,MDV-PDI,21.09,16.4
CSRR-CSRR,MDV-BNTR,25.85,22.3
CSRR-CSRR,MDV-PDHB,10.71,10.4
CSRR-CSRR,MDV-GRVY,19.25,15.6
CSRR-CSRR,SPHS-SPHS,10.92,9.2
CSRR-CSRR,DRSR-DRSR,14.08,13.2
CSRR-CSRR,EXP-EXP,13.42,11.6
CSRR-CSRR,EXP-AEON,35.89,32.3
CSRR-CSRR,HHP-HHP,15.02,13
CSRR-CSRR,GDL-BSD,36.22,31.3
CSRR-CSRR,GDL-PIK,12.46,14
CSRR-CSRR,GDL-MOI,17.7,18
CSRR-CSRR,GDL-KHI,29.65,23.8
CSRR-CSRR,GDL-RDL,18.61,15.8
CSRR-CSRR,GDL-PRGN,7.11,9
CSRR-CSRR,GDL-CNRE,27.89,24.1
CSRR-CSRR,GDL-PURI,17.21,14.3
CSRR-CSRR,GDL-ANC,6,7.6
CSRR-CSRR,GDL-GLC,21.03,18.3
CSRR-CSRR,GDL-SCBD,14.5,11.9
CSRR-CSRR,DDF-DDF,30.39,26.7
CSRR-CSRR,FDMX-VDLM,25.4,21.1
CSRR-CSRR,JIN-RST,17.28,14.8
CSRR-CSRR,JIN-CKC,7.15,7.4
CSRR-CSRR,PDLM-PDLM,14.92,12.2
CSRR-CSRR,GOF-GD,17.8,17.8
CSRR-CSRR,SMI-SMI,14.57,12.5
CSRR-CSRR,CST-RTIW,36.76,31.7
CSRR-CSRR,GRMK-PSQ,25.37,20
CSRR-CSRR,GRMK-CBN,46.11,37.1
CSRR-CSRR,GRMK-JUN,37.79,29.8
CSRR-CSRR,GRMK-KMY,9.15,9.2
CSRR-CSRR,GRMK-TJD,7.77,7.4
CSRR-CSRR,GRMK-VTR,23.37,19.4
CSRR-CSRR,GRMK-STBD,15.47,14.4
CSRR-CSRR,GRMK-FTM,24.57,19.6
CSRR-CSRR,GRMK-MRY,14.65,12.8
CSRR-CSRR,GRMK-DWS,37.58,32.7
CSRR-CSRR,GRMK-CBR,36.29,30
CSRR-CSRR,GRMK-EMP,2.2,4
CSRR-CSRR,GRMK-CMP,15.42,17.5
CSRR-CSRR,GRMK-LRT,20.04,18.6
CSRR-CSRR,GRMK-BSD,30.28,25.1
CSRR-CSRR,GRMK-GRH,26.29,23.2
CSRR-CSRR,GRMK-CPNG,17.05,17.3
CSRR-CSRR,GRMK-PLM,12.54,11.1
CSRR-CSRR,GRMK-DTA,19.69,15.6
CSRR-CSRR,GRMK-SOQ,22.48,18.1
CSRR-CSRR,GRMK-XML,30.13,24.1
CSRR-CSRR,GRMK-DMT,14.96,11.8
CSRR-CSRR,BRIK-STR,14.51,14.4
CSRR-CSRR,BRIK-ALS,29.26,23
CSRR-CSRR,BRIK-GDB,186.29,136.7
CSRR-CSRR,BRIK-CKR,57.85,47.7
CSRR-CSRR,BRIK-NRG,39.86,31.4
CSRR-CSRR,BRIK-LGK,36.06,28.5
CSRR-CSRR,BRIK-BLR,56.33,40.8
CSRR-CSRR,BRIK-STL,56.87,45.6
CSRR-CSRR,BRIK-KRW,79.01,60.8
CSRR-CSRR,BRIK-MTL,19.1,17.7
CSRR-CSRR,YMY-BTB,15.25,12.9
CSRR-CSRR,GLLR-GLLR,37.05,34.2
CSRR-CSRR,CSRR-CSRR,0,0
CSRR-CSRR,MTSJ-MTSJ,13.67,12
CSRR-CSRR,CST-GLN,19.39,16.1
CSRR-CSRR,MBG-MBG,24.15,20.6
CSRR-CSRR,CST-MBG,31.45,26.2
CSRR-CSRR,GDK-KGD,17.93,15.9
CSRR-CSRR,GDK-SCBD,14.16,11.5
CSRR-CSRR,CST-AYM,32.1,27.4
CSRR-CSRR,WTC-WTC,13.55,13.9
CSRR-CSRR,FYN-FYN,17.57,14.5
CSRR-CSRR,CST-FDC,13.52,13.5
CSRR-CSRR,MDS-MDS,14.51,12.9
CSRR-CSRR,MDS-SCBD,14.9,12.5
CSRR-CSRR,HKN-HKN,36.04,30.7
MTSJ-MTSJ,GDS,31.79,28
MTSJ-MTSJ,CRD,15.83,15.2
MTSJ-MTSJ,KJT,14.67,12.7
MTSJ-MTSJ,BKS,26.89,23
MTSJ-MTSJ,CBR,27.35,26.5
MTSJ-MTSJ,MPG,7.68,8.5
MTSJ-MTSJ,RWG,11.96,12.8
MTSJ-MTSJ,KBG,16.73,17.3
MTSJ-MTSJ,BSD,31.51,29.7
MTSJ-MTSJ,STB,4.86,6.4
MTSJ-MTSJ,MBS,8.08,8.8
MTSJ-MTSJ,DMT,23.19,19.2
MTSJ-MTSJ,DMG,23.23,19
MTSJ-MTSJ,KL_CKG,17.81,15.5
MTSJ-MTSJ,KL_KJ,21.82,20.9
MTSJ-MTSJ,ASTR-ASTR,42.15,36.6
MTSJ-MTSJ,BRW-BRW,9.31,9.7
MTSJ-MTSJ,MGL-MGL,6.22,7.1
MTSJ-MTSJ,WSI-ANCB,6.02,7.5
MTSJ-MTSJ,WSI-BTS,6.02,7.5
MTSJ-MTSJ,WSI-PIK,24.89,23.4
MTSJ-MTSJ,WSI-BSD,30.87,27.4
MTSJ-MTSJ,WSI-ANC,11.56,15
MTSJ-MTSJ,BKB-BKB,20.55,22.8
MTSJ-MTSJ,RFS-HANG,5.01,5.9
MTSJ-MTSJ,RFS-WOLT,5.38,7.5
MTSJ-MTSJ,MBL-MBL,7.83,8.4
MTSJ-MTSJ,ADS-ADS,0.67,1.7
MTSJ-MTSJ,LML-LML,20.06,22.1
MTSJ-MTSJ,HYP-HYP,3.32,4.7
MTSJ-MTSJ,SDJ-CNRE,19.73,22
MTSJ-MTSJ,SDJ-SDJE,9.67,12.5
MTSJ-MTSJ,SDJ-PSBC,6.56,7.2
MTSJ-MTSJ,SDJ-SCBD,3.77,4.6
MTSJ-MTSJ,SDJ-BNTR,21.7,21.2
MTSJ-MTSJ,SDJ-CJTA,18.75,18.5
MTSJ-MTSJ,SDJ-PJTN,9.48,12
MTSJ-MTSJ,SDJ-CBLH,21.49,20.8
MTSJ-MTSJ,SDJ-KTBT,19.4,19.7
MTSJ-MTSJ,SDJ-ODSS,4.02,5
MTSJ-MTSJ,SDJ-SOET,21.49,20.8
MTSJ-MTSJ,SDJ-SMB,25.42,25.9
MTSJ-MTSJ,SDJ-CBS,12.84,14
MTSJ-MTSJ,SDJ-PIM,10.74,11.5
MTSJ-MTSJ,SDJ-CBN,21.49,20.8
MTSJ-MTSJ,SDJ-BLV,17.05,16.7
MTSJ-MTSJ,BFL-BFL,25.98,24.4
MTSJ-MTSJ,BFL-KBY,5.91,7.1
MTSJ-MTSJ,DCGL-BAR,20.28,18.2
MTSJ-MTSJ,DCGS-BAR,32.96,28.6
MTSJ-MTSJ,DCGL-KITC,20.28,18.2
MTSJ-MTSJ,DCGS-KITC,20.28,18.2
MTSJ-MTSJ,DCBM-BAR,6.34,6.9
MTSJ-MTSJ,DCBM-KITC,6.34,6.9
MTSJ-MTSJ,MXW-PGJ,9.48,10.6
MTSJ-MTSJ,MXW-KGD,15.62,15.1
MTSJ-MTSJ,PPY-MTG,3.56,5
MTSJ-MTSJ,PPY-CTW,0.41,1.8
MTSJ-MTSJ,PPY-PI,11.21,11.1
MTSJ-MTSJ,PPY-GDS,32.02,27.9
MTSJ-MTSJ,TRF-TRF,15.19,15
MTSJ-MTSJ,TRF-CNRE,20.81,22.9
MTSJ-MTSJ,JOEL-JOEL,5.12,7
MTSJ-MTSJ,HMD-HMD,21.49,20.8
MTSJ-MTSJ,GO_PPL,7.18,7.7
MTSJ-MTSJ,GO_TBT,5.35,6.7
MTSJ-MTSJ,MDV-KBY,6.05,7.3
MTSJ-MTSJ,MDV-KGD,14.51,16.2
MTSJ-MTSJ,MDV-PURI,15.27,14.5
MTSJ-MTSJ,MDV-PDI,12.65,11.8
MTSJ-MTSJ,MDV-BNTR,17.41,17.8
MTSJ-MTSJ,MDV-PDHB,14.02,16.5
MTSJ-MTSJ,MDV-GRVY,8.98,10.2
MTSJ-MTSJ,SPHS-SPHS,5.07,6.4
MTSJ-MTSJ,DRSR-DRSR,4.66,6
MTSJ-MTSJ,EXP-EXP,3.92,5.5
MTSJ-MTSJ,EXP-AEON,30.66,31.9
MTSJ-MTSJ,HHP-HHP,4.29,5.6
MTSJ-MTSJ,GDL-BSD,35.02,31.7
MTSJ-MTSJ,GDL-PIK,24.08,21.8
MTSJ-MTSJ,GDL-MOI,15.16,17.6
MTSJ-MTSJ,GDL-KHI,21.5,20.5
MTSJ-MTSJ,GDL-RDL,7.75,8.7
MTSJ-MTSJ,GDL-PRGN,7.02,7.9
MTSJ-MTSJ,GDL-CNRE,18.9,20.1
MTSJ-MTSJ,GDL-PURI,15.82,14.9
MTSJ-MTSJ,GDL-ANC,12.58,14.4
MTSJ-MTSJ,GDL-GLC,19.83,18.6
MTSJ-MTSJ,GDL-SCBD,3.77,4.6
MTSJ-MTSJ,DDF-DDF,21.95,22.2
MTSJ-MTSJ,FDMX-VDLM,16.69,17.5
MTSJ-MTSJ,JIN-RST,15.6,14.9
MTSJ-MTSJ,JIN-CKC,9.47,10.6
MTSJ-MTSJ,PDLM-PDLM,3.02,4.6
MTSJ-MTSJ,GOF-GD,29.42,25.5
MTSJ-MTSJ,SMI-SMI,0.59,1.6
MTSJ-MTSJ,CST-RTIW,26.03,24.4
MTSJ-MTSJ,GRMK-PSQ,14.82,14.4
MTSJ-MTSJ,GRMK-CBN,35.58,30.8
MTSJ-MTSJ,GRMK-JUN,26.57,23.5
MTSJ-MTSJ,GRMK-KMY,7.66,8.7
MTSJ-MTSJ,GRMK-TJD,9.47,10.2
MTSJ-MTSJ,GRMK-VTR,14.93,14.8
MTSJ-MTSJ,GRMK-STBD,4.75,5.9
MTSJ-MTSJ,GRMK-FTM,11.92,13.1
MTSJ-MTSJ,GRMK-MRY,13.45,13.1
MTSJ-MTSJ,GRMK-DWS,27.05,26.4
MTSJ-MTSJ,GRMK-CBR,25.76,23.7
MTSJ-MTSJ,GRMK-EMP,13.46,12.6
MTSJ-MTSJ,GRMK-CMP,11.32,12.4
MTSJ-MTSJ,GRMK-LRT,16.11,17.3
MTSJ-MTSJ,GRMK-BSD,29.08,25.4
MTSJ-MTSJ,GRMK-GRH,22.95,23
MTSJ-MTSJ,GRMK-CPNG,9.61,10.2
MTSJ-MTSJ,GRMK-PLM,5.89,7.3
MTSJ-MTSJ,GRMK-DTA,9.17,9.3
MTSJ-MTSJ,GRMK-SOQ,14.04,13.6
MTSJ-MTSJ,GRMK-XML,16.8,16.4
MTSJ-MTSJ,GRMK-DMT,17.36,14.9
MTSJ-MTSJ,BRIK-STR,13.88,13.1
MTSJ-MTSJ,BRIK-ALS,28.06,23.3
MTSJ-MTSJ,BRIK-GDB,175.76,130.4
MTSJ-MTSJ,BRIK-CKR,47.32,41.4
MTSJ-MTSJ,BRIK-NRG,29.34,25.1
MTSJ-MTSJ,BRIK-LGK,34.86,28.8
MTSJ-MTSJ,BRIK-BLR,55.13,41.1
MTSJ-MTSJ,BRIK-STL,46.35,39.3
MTSJ-MTSJ,BRIK-KRW,68.49,54.5
MTSJ-MTSJ,BRIK-MTL,19.57,18.1
MTSJ-MTSJ,YMY-BTB,17.64,16
MTSJ-MTSJ,GLLR-GLLR,30.24,33
MTSJ-MTSJ,CSRR-CSRR,14.61,13.7
MTSJ-MTSJ,MTSJ-MTSJ,0,0
MTSJ-MTSJ,CST-GLN,8.91,10.6
MTSJ-MTSJ,MBG-MBG,13.62,14.3
MTSJ-MTSJ,CST-MBG,23.3,22.9
MTSJ-MTSJ,GDK-KGD,16.25,16
MTSJ-MTSJ,GDK-SCBD,3.43,4.2
MTSJ-MTSJ,CST-AYM,21.57,21.1
MTSJ-MTSJ,WTC-WTC,6.33,7.4
MTSJ-MTSJ,FYN-FYN,7.13,7.9
MTSJ-MTSJ,CST-FDC,5.18,8.4
MTSJ-MTSJ,MDS-MDS,6.17,7.8
MTSJ-MTSJ,MDS-SCBD,4.16,5.2
MTSJ-MTSJ,HKN-HKN,24.02,23.9
CST-GLN,GDS,27.75,29.7
CST-GLN,CRD,6.72,7.1
CST-GLN,KJT,17.49,14.4
CST-GLN,BKS,28.49,26.2
CST-GLN,CBR,26.57,25.5
CST-GLN,MPG,8.79,10.8
CST-GLN,RWG,21.77,20.5
CST-GLN,KBG,15.25,16.1
CST-GLN,BSD,22.4,21.6
CST-GLN,STB,14.52,13.8
CST-GLN,MBS,18.09,16.6
CST-GLN,DMT,25.7,22.1
CST-GLN,DMG,25.73,21.9
CST-GLN,KL_CKG,20.31,18.3
CST-GLN,KL_KJ,31.65,28.5
CST-GLN,ASTR-ASTR,39.45,34.6
CST-GLN,BRW-BRW,9.82,12.3
CST-GLN,MGL-MGL,16.24,14.9
CST-GLN,WSI-ANCB,16.03,15.3
CST-GLN,WSI-BTS,16.03,15.3
CST-GLN,WSI-PIK,28.99,26.5
CST-GLN,WSI-BSD,20.13,21.9
CST-GLN,WSI-ANC,22.09,20.6
CST-GLN,BKB-BKB,12.55,14.4
CST-GLN,RFS-HANG,4.92,6
CST-GLN,RFS-WOLT,5.5,8.3
CST-GLN,MBL-MBL,5.16,6.5
CST-GLN,ADS-ADS,8.96,10.4
CST-GLN,LML-LML,12.06,13.8
CST-GLN,HYP-HYP,9.52,11.1
CST-GLN,SDJ-CNRE,15.4,17.5
CST-GLN,SDJ-SDJE,6.85,10.4
CST-GLN,SDJ-PSBC,16.57,15
CST-GLN,SDJ-SCBD,6.49,8.6
CST-GLN,SDJ-BNTR,12.6,13.1
CST-GLN,SDJ-CJTA,16.14,14.8
CST-GLN,SDJ-PJTN,7.12,10.6
CST-GLN,SDJ-CBLH,12.38,12.7
CST-GLN,SDJ-KTBT,23.85,23.2
CST-GLN,SDJ-ODSS,5.71,7.5
CST-GLN,SDJ-SOET,12.38,12.7
CST-GLN,SDJ-SMB,29.74,29.6
CST-GLN,SDJ-CBS,8.33,8.5
CST-GLN,SDJ-PIM,1.63,3.4
CST-GLN,SDJ-CBN,12.38,12.7
CST-GLN,SDJ-BLV,7.94,8.6
CST-GLN,BFL-BFL,24.28,22.7
CST-GLN,BFL-KBY,4.59,6.3
CST-GLN,DCGL-BAR,21.96,20.3
CST-GLN,DCGS-BAR,26.35,27.2
CST-GLN,DCGL-KITC,21.96,20.3
CST-GLN,DCGS-KITC,21.96,20.3
CST-GLN,DCBM-BAR,3.63,4.8
CST-GLN,DCBM-KITC,3.63,4.8
CST-GLN,MXW-PGJ,19.49,18.3
CST-GLN,MXW-KGD,25.45,22.8
CST-GLN,PPY-MTG,11.85,13.7
CST-GLN,PPY-CTW,9.01,10.8
CST-GLN,PPY-PI,2.1,3
CST-GLN,PPY-GDS,27.61,29.3
CST-GLN,TRF-TRF,8.19,8
CST-GLN,TRF-CNRE,12.25,14.2
CST-GLN,JOEL-JOEL,6.47,8.9
CST-GLN,HMD-HMD,12.38,12.7
CST-GLN,GO_PPL,3.03,4.3
CST-GLN,GO_TBT,11.54,13.6
CST-GLN,MDV-KBY,4.44,6
CST-GLN,MDV-KGD,25.11,23.9
CST-GLN,MDV-PURI,15.61,15.5
CST-GLN,MDV-PDI,3.54,3.7
CST-GLN,MDV-BNTR,8.3,9.7
CST-GLN,MDV-PDHB,24.03,24.2
CST-GLN,MDV-GRVY,0.69,1.8
CST-GLN,SPHS-SPHS,10.39,10
CST-GLN,DRSR-DRSR,12.95,14.7
CST-GLN,EXP-EXP,7.74,9.4
CST-GLN,EXP-AEON,22.01,23.9
CST-GLN,HHP-HHP,5.98,8.2
CST-GLN,GDL-BSD,25.31,26.9
CST-GLN,GDL-PIK,28.19,24.9
CST-GLN,GDL-MOI,24.99,25.2
CST-GLN,GDL-KHI,31.31,28.2
CST-GLN,GDL-RDL,1.32,2.2
CST-GLN,GDL-PRGN,17.03,15.6
CST-GLN,GDL-CNRE,10.34,11.4
CST-GLN,GDL-PURI,16.15,15.8
CST-GLN,GDL-ANC,24.79,21.9
CST-GLN,GDL-GLC,21.51,20.7
CST-GLN,GDL-SCBD,6.34,8.6
CST-GLN,DDF-DDF,12.84,14.1
CST-GLN,FDMX-VDLM,7.85,8.4
CST-GLN,JIN-RST,25.43,22.5
CST-GLN,JIN-CKC,19.49,18.3
CST-GLN,PDLM-PDLM,9.42,10.6
CST-GLN,GOF-GD,33.53,28.6
CST-GLN,SMI-SMI,8.88,10.3
CST-GLN,CST-RTIW,21.7,19.9
CST-GLN,GRMK-PSQ,7.82,7.4
CST-GLN,GRMK-CBN,32.88,28.8
CST-GLN,GRMK-JUN,29.66,27.1
CST-GLN,GRMK-KMY,17.67,16.4
CST-GLN,GRMK-TJD,14.45,13.4
CST-GLN,GRMK-VTR,5.82,6.7
CST-GLN,GRMK-STBD,13.92,13.9
CST-GLN,GRMK-FTM,4.47,6
CST-GLN,GRMK-MRY,13.36,13
CST-GLN,GRMK-DWS,23.67,22
CST-GLN,GRMK-CBR,25.31,23.5
CST-GLN,GRMK-EMP,18.44,15.7
CST-GLN,GRMK-CMP,21.15,20.1
CST-GLN,GRMK-LRT,26.71,25
CST-GLN,GRMK-BSD,25.28,24.2
CST-GLN,GRMK-GRH,18.26,19.5
CST-GLN,GRMK-CPNG,16.61,16.6
CST-GLN,GRMK-PLM,9.3,9.4
CST-GLN,GRMK-DTA,10.77,12.5
CST-GLN,GRMK-SOQ,4.93,5.5
CST-GLN,GRMK-XML,21.21,21
CST-GLN,GRMK-DMT,19.86,17.8
CST-GLN,BRIK-STR,23.71,20.7
CST-GLN,BRIK-ALS,29.74,25.4
CST-GLN,BRIK-GDB,177.37,133.5
CST-GLN,BRIK-CKR,48.93,44.6
CST-GLN,BRIK-NRG,29.78,26.1
CST-GLN,BRIK-LGK,36.54,30.9
CST-GLN,BRIK-BLR,56.81,43.2
CST-GLN,BRIK-STL,45.9,39.1
CST-GLN,BRIK-KRW,70.09,57.7
CST-GLN,BRIK-MTL,21.25,20.2
CST-GLN,YMY-BTB,20.14,18.9
CST-GLN,GLLR-GLLR,21.58,25
CST-GLN,CSRR-CSRR,19.59,16.8
CST-GLN,MTSJ-MTSJ,8.93,10.8
CST-GLN,CST-GLN,0,0
CST-GLN,MBG-MBG,12.14,12.6
CST-GLN,CST-MBG,28.9,29.2
CST-GLN,GDK-KGD,26.08,23.6
CST-GLN,GDK-SCBD,6.83,9.4
CST-GLN,CST-AYM,15.89,17.4
CST-GLN,WTC-WTC,16.65,16
CST-GLN,FYN-FYN,2.28,3.2
CST-GLN,CST-FDC,6.89,10.5
CST-GLN,MDS-MDS,6.45,8.6
CST-GLN,MDS-SCBD,5.6,7.2
CST-GLN,HKN-HKN,28.8,25.4
MBG-MBG,GDS,39.89,34
MBG-MBG,CRD,9.53,9.8
MBG-MBG,KJT,9.22,8.6
MBG-MBG,BKS,21.93,20.4
MBG-MBG,CBR,18.3,19.7
MBG-MBG,MPG,5.17,6.3
MBG-MBG,RWG,19.11,17.4
MBG-MBG,KBG,24.82,23.3
MBG-MBG,BSD,26.31,25
MBG-MBG,STB,11.27,12.1
MBG-MBG,MBS,21.21,19.5
MBG-MBG,DMT,31.29,25.2
MBG-MBG,DMG,31.33,25.1
MBG-MBG,KL_CKG,25.91,21.5
MBG-MBG,KL_KJ,28.99,25.4
MBG-MBG,ASTR-ASTR,31.28,27.1
MBG-MBG,BRW-BRW,4.69,5.7
MBG-MBG,MGL-MGL,19.36,17.8
MBG-MBG,WSI-ANCB,19.15,18.2
MBG-MBG,WSI-BTS,19.15,18.2
MBG-MBG,WSI-PIK,32.11,29.2
MBG-MBG,WSI-BSD,30.83,26.6
MBG-MBG,WSI-ANC,25.21,23.4
MBG-MBG,BKB-BKB,18.32,19.3
MBG-MBG,RFS-HANG,12.4,12.4
MBG-MBG,RFS-WOLT,9.96,11.6
MBG-MBG,MBL-MBL,7.2,10.8
MBG-MBG,ADS-ADS,12.37,12.4
MBG-MBG,LML-LML,17.84,18.6
MBG-MBG,HYP-HYP,10.23,10.5
MBG-MBG,SDJ-CNRE,12.71,15.5
MBG-MBG,SDJ-SDJE,4.15,6.5
MBG-MBG,SDJ-PSBC,15.58,16.3
MBG-MBG,SDJ-SCBD,10.14,9.8
MBG-MBG,SDJ-BNTR,16.5,16.5
MBG-MBG,SDJ-CJTA,7.87,9
MBG-MBG,SDJ-PJTN,4.84,7.4
MBG-MBG,SDJ-CBLH,16.29,16.1
MBG-MBG,SDJ-KTBT,19.82,20.2
MBG-MBG,SDJ-ODSS,10.64,10.5
MBG-MBG,SDJ-SOET,16.29,16.1
MBG-MBG,SDJ-SMB,27.13,27.2
MBG-MBG,SDJ-CBS,5.96,7.7
MBG-MBG,SDJ-PIM,11.42,11.3
MBG-MBG,SDJ-CBN,16.29,16.1
MBG-MBG,SDJ-BLV,10.71,11.9
MBG-MBG,BFL-BFL,15.1,14.9
MBG-MBG,BFL-KBY,9.62,10.6
MBG-MBG,DCGL-BAR,28.38,24.3
MBG-MBG,DCGS-BAR,33.21,32
MBG-MBG,DCGL-KITC,28.38,24.3
MBG-MBG,DCGS-KITC,28.38,24.3
MBG-MBG,DCBM-BAR,8.97,11.6
MBG-MBG,DCBM-KITC,8.97,11.6
MBG-MBG,MXW-PGJ,18.73,19.4
MBG-MBG,MXW-KGD,22.78,19.6
MBG-MBG,PPY-MTG,13.88,14.6
MBG-MBG,PPY-CTW,12.42,12.7
MBG-MBG,PPY-PI,11.03,10.3
MBG-MBG,PPY-GDS,40.12,34
MBG-MBG,TRF-TRF,8.22,8.4
MBG-MBG,TRF-CNRE,13.84,16.3
MBG-MBG,JOEL-JOEL,9.86,11.6
MBG-MBG,HMD-HMD,16.29,16.1
MBG-MBG,GO_PPL,10.5,10.4
MBG-MBG,GO_TBT,8.73,9.9
MBG-MBG,MDV-KBY,9.77,10.8
MBG-MBG,MDV-KGD,22.44,20.8
MBG-MBG,MDV-PURI,23.37,20.6
MBG-MBG,MDV-PDI,8.97,8.5
MBG-MBG,MDV-BNTR,14.08,14.5
MBG-MBG,MDV-PDHB,26.9,25
MBG-MBG,MDV-GRVY,11.6,10.7
MBG-MBG,SPHS-SPHS,13.17,12.4
MBG-MBG,DRSR-DRSR,13.9,14.3
MBG-MBG,EXP-EXP,11.14,11.4
MBG-MBG,EXP-AEON,31.18,28.8
MBG-MBG,HHP-HHP,10.9,11.2
MBG-MBG,GDL-BSD,32.19,31.7
MBG-MBG,GDL-PIK,31.3,27.6
MBG-MBG,GDL-MOI,22.32,22.1
MBG-MBG,GDL-KHI,28.65,25.1
MBG-MBG,GDL-RDL,12.63,11.8
MBG-MBG,GDL-PRGN,20.15,18.5
MBG-MBG,GDL-CNRE,11.93,13.4
MBG-MBG,GDL-PURI,23.92,20.9
MBG-MBG,GDL-ANC,21.84,23.3
MBG-MBG,GDL-GLC,27.93,24.6
MBG-MBG,GDL-SCBD,11.16,11.1
MBG-MBG,DDF-DDF,18.62,19
MBG-MBG,FDMX-VDLM,9.72,10.9
MBG-MBG,JIN-RST,22.77,19.4
MBG-MBG,JIN-CKC,18.73,19.4
MBG-MBG,PDLM-PDLM,9.55,10.6
MBG-MBG,GOF-GD,36.64,31.3
MBG-MBG,SMI-SMI,12.29,12.3
MBG-MBG,CST-RTIW,16.88,16.8
MBG-MBG,GRMK-PSQ,7.85,7.8
MBG-MBG,GRMK-CBN,24.71,21.3
MBG-MBG,GRMK-JUN,26.99,24
MBG-MBG,GRMK-KMY,16.68,17.7
MBG-MBG,GRMK-TJD,17.57,16.2
MBG-MBG,GRMK-VTR,11.59,11.6
MBG-MBG,GRMK-STBD,11.48,12.5
MBG-MBG,GRMK-FTM,7.11,7.5
MBG-MBG,GRMK-MRY,21.55,19.2
MBG-MBG,GRMK-DWS,16.17,16.9
MBG-MBG,GRMK-CBR,17.05,17.7
MBG-MBG,GRMK-EMP,21.56,18.6
MBG-MBG,GRMK-CMP,18.48,16.9
MBG-MBG,GRMK-LRT,24.05,21.9
MBG-MBG,GRMK-BSD,29.19,27.6
MBG-MBG,GRMK-GRH,24.87,24
MBG-MBG,GRMK-CPNG,13.94,13.5
MBG-MBG,GRMK-PLM,13.99,13.4
MBG-MBG,GRMK-DTA,3.73,4.8
MBG-MBG,GRMK-SOQ,8.8,8.9
MBG-MBG,GRMK-XML,18.54,17.9
MBG-MBG,GRMK-DMT,25.45,21
MBG-MBG,BRIK-STR,21.04,17.6
MBG-MBG,BRIK-ALS,36.16,29.3
MBG-MBG,BRIK-GDB,170.56,129.1
MBG-MBG,BRIK-CKR,46.32,42.2
MBG-MBG,BRIK-NRG,21.52,20.2
MBG-MBG,BRIK-LGK,42.96,34.8
MBG-MBG,BRIK-BLR,63.23,47.1
MBG-MBG,BRIK-STL,37.22,31.9
MBG-MBG,BRIK-KRW,67.48,55.3
MBG-MBG,BRIK-MTL,27.67,24.1
MBG-MBG,YMY-BTB,25.74,22
MBG-MBG,GLLR-GLLR,30.75,29.9
MBG-MBG,CSRR-CSRR,22.71,19.7
MBG-MBG,MTSJ-MTSJ,12.34,12.8
MBG-MBG,CST-GLN,11.74,11.3
MBG-MBG,MBG-MBG,0,0
MBG-MBG,CST-MBG,26.23,26.1
MBG-MBG,GDK-KGD,23.41,20.5
MBG-MBG,GDK-SCBD,10.82,10.7
MBG-MBG,CST-AYM,10.7,11.6
MBG-MBG,WTC-WTC,12.54,13.3
MBG-MBG,FYN-FYN,13.96,12.4
MBG-MBG,CST-FDC,12.4,14.3
MBG-MBG,MDS-MDS,13.39,13.7
MBG-MBG,MDS-SCBD,10.78,10.8
MBG-MBG,HKN-HKN,20.53,19.5
CST-MBG,GDS,50.02,45.1
CST-MBG,CRD,35.81,34
CST-MBG,KJT,22.16,21.5
CST-MBG,BKS,9,10.1
CST-MBG,CBR,20.63,23.7
CST-MBG,MPG,25.87,25.2
CST-MBG,RWG,12.83,13.6
CST-MBG,KBG,34.95,34.4
CST-MBG,BSD,52.59,49.2
CST-MBG,STB,24.02,22
CST-MBG,MBS,22.79,22.2
CST-MBG,DMT,40.37,35.8
CST-MBG,DMG,40.4,35.6
CST-MBG,KL_CKG,34.98,32
CST-MBG,KL_KJ,16.91,16.1
CST-MBG,ASTR-ASTR,50.38,45
CST-MBG,BRW-BRW,23.59,23.5
CST-MBG,MGL-MGL,22.07,20.7
CST-MBG,WSI-ANCB,22.22,21
CST-MBG,WSI-BTS,22.22,21
CST-MBG,WSI-PIK,42.81,37
CST-MBG,WSI-BSD,49.1,44.5
CST-MBG,WSI-ANC,28.83,24.6
CST-MBG,BKB-BKB,41.78,42.8
CST-MBG,RFS-HANG,28.75,26.7
CST-MBG,RFS-WOLT,26,26.2
CST-MBG,MBL-MBL,27.65,27.2
CST-MBG,ADS-ADS,25.97,25
CST-MBG,LML-LML,41.29,42.1
CST-MBG,HYP-HYP,24.95,22.7
CST-MBG,SDJ-CNRE,39,39.4
CST-MBG,SDJ-SDJE,27.86,29.2
CST-MBG,SDJ-PSBC,20.96,19.9
CST-MBG,SDJ-SCBD,26.18,24.4
CST-MBG,SDJ-BNTR,42.78,40.7
CST-MBG,SDJ-CJTA,26.04,25.8
CST-MBG,SDJ-PJTN,27.68,28.7
CST-MBG,SDJ-CBLH,42.57,40.3
CST-MBG,SDJ-KTBT,7.98,11.6
CST-MBG,SDJ-ODSS,26.67,25.1
CST-MBG,SDJ-SOET,42.57,40.3
CST-MBG,SDJ-SMB,5.14,9.6
CST-MBG,SDJ-CBS,32.24,31.9
CST-MBG,SDJ-PIM,31.97,31.5
CST-MBG,SDJ-CBN,42.57,40.3
CST-MBG,SDJ-BLV,36.99,36.1
CST-MBG,BFL-BFL,38.31,35.7
CST-MBG,BFL-KBY,25.66,25.2
CST-MBG,DCGL-BAR,38.51,35.3
CST-MBG,DCGS-BAR,51.19,45.7
CST-MBG,DCGL-KITC,38.51,35.3
CST-MBG,DCGS-KITC,38.51,35.3
CST-MBG,DCBM-BAR,27.1,26.5
CST-MBG,DCBM-KITC,27.1,26.5
CST-MBG,MXW-PGJ,21.35,20.6
CST-MBG,MXW-KGD,15.12,15.8
CST-MBG,PPY-MTG,23.19,22.2
CST-MBG,PPY-CTW,25.42,24.7
CST-MBG,PPY-PI,32.44,31.1
CST-MBG,PPY-GDS,50.25,45
CST-MBG,TRF-TRF,34.5,32.6
CST-MBG,TRF-CNRE,40.12,40.5
CST-MBG,JOEL-JOEL,25.9,26.2
CST-MBG,HMD-HMD,42.57,40.3
CST-MBG,GO_PPL,28.36,27.7
CST-MBG,GO_TBT,19.61,20.4
CST-MBG,MDV-KBY,25.81,25.4
CST-MBG,MDV-KGD,14.39,13.4
CST-MBG,MDV-PURI,33.5,31.6
CST-MBG,MDV-PDI,33.89,31.8
CST-MBG,MDV-BNTR,38.64,37.8
CST-MBG,MDV-PDHB,24.76,21.2
CST-MBG,MDV-GRVY,30.16,30.1
CST-MBG,SPHS-SPHS,27.93,26.7
CST-MBG,DRSR-DRSR,22.87,21.9
CST-MBG,EXP-EXP,27.18,26
CST-MBG,EXP-AEON,52.92,49.7
CST-MBG,HHP-HHP,26.94,25.8
CST-MBG,GDL-BSD,53.25,48.8
CST-MBG,GDL-PIK,42.01,35.4
CST-MBG,GDL-MOI,15.31,17.2
CST-MBG,GDL-KHI,3.95,5.8
CST-MBG,GDL-RDL,28.93,28.5
CST-MBG,GDL-PRGN,23.27,22.9
CST-MBG,GDL-CNRE,38.21,37.7
CST-MBG,GDL-PURI,34.05,32
CST-MBG,GDL-ANC,24.45,24.5
CST-MBG,GDL-GLC,38.06,35.7
CST-MBG,GDL-SCBD,27.51,25.3
CST-MBG,DDF-DDF,43.19,42.2
CST-MBG,FDMX-VDLM,36,35.2
CST-MBG,JIN-RST,15.1,15.6
CST-MBG,JIN-CKC,21.35,20.6
CST-MBG,PDLM-PDLM,22.53,24.4
CST-MBG,GOF-GD,47.35,39.1
CST-MBG,SMI-SMI,25.65,24.9
CST-MBG,CST-RTIW,40.88,38.8
CST-MBG,GRMK-PSQ,34.14,32
CST-MBG,GRMK-CBN,43.81,39.2
CST-MBG,GRMK-JUN,8.22,9
CST-MBG,GRMK-KMY,20.01,18.6
CST-MBG,GRMK-TJD,27.61,27.3
CST-MBG,GRMK-VTR,36.16,34.8
CST-MBG,GRMK-STBD,24.24,22.3
CST-MBG,GRMK-FTM,33.39,31.7
CST-MBG,GRMK-MRY,31.68,30.2
CST-MBG,GRMK-DWS,40.18,38.9
CST-MBG,GRMK-CBR,30.13,29.6
CST-MBG,GRMK-EMP,32.56,27
CST-MBG,GRMK-CMP,16.03,15
CST-MBG,GRMK-LRT,14.04,15.2
CST-MBG,GRMK-BSD,47.31,42.5
CST-MBG,GRMK-GRH,43.32,40.7
CST-MBG,GRMK-CPNG,16.25,17.1
CST-MBG,GRMK-PLM,28.89,27.8
CST-MBG,GRMK-DTA,23.72,23.2
CST-MBG,GRMK-SOQ,35.08,33.1
CST-MBG,GRMK-XML,13.05,13.8
CST-MBG,GRMK-DMT,34.53,31.5
CST-MBG,BRIK-STR,16.62,14.1
CST-MBG,BRIK-ALS,46.29,40.4
CST-MBG,BRIK-GDB,158.58,120.4
CST-MBG,BRIK-CKR,29.84,27.9
CST-MBG,BRIK-NRG,11.45,12.2
CST-MBG,BRIK-LGK,53.09,45.9
CST-MBG,BRIK-BLR,73.36,58.2
CST-MBG,BRIK-STL,50.71,45.2
CST-MBG,BRIK-KRW,51.3,44.6
CST-MBG,BRIK-MTL,37.8,35.2
CST-MBG,YMY-BTB,34.81,32.6
CST-MBG,GLLR-GLLR,54.08,51.7
CST-MBG,CSRR-CSRR,31.53,25.8
CST-MBG,MTSJ-MTSJ,25.49,24.4
CST-MBG,CST-GLN,30.09,30.4
CST-MBG,MBG-MBG,28.17,28.2
CST-MBG,CST-MBG,0,0
CST-MBG,GDK-KGD,14.62,15.7
CST-MBG,GDK-SCBD,27.17,24.9
CST-MBG,CST-AYM,34.7,33.6
CST-MBG,WTC-WTC,19.99,17.3
CST-MBG,FYN-FYN,28.31,27.8
CST-MBG,CST-FDC,28.43,28.9
CST-MBG,MDS-MDS,29.42,28.3
CST-MBG,MDS-SCBD,26.82,25.3
CST-MBG,HKN-HKN,11.03,12.6
GDK-KGD,GDS,40.81,38
GDK-KGD,CRD,31.46,27.9
GDK-KGD,KJT,18.14,14.8
GDK-KGD,BKS,22.03,20.7
GDK-KGD,CBR,30.82,28.6
GDK-KGD,MPG,21.85,18.5
GDK-KGD,RWG,8.51,10.2
GDK-KGD,KBG,25.75,27.3
GDK-KGD,BSD,48.73,42.9
GDK-KGD,STB,14.85,14.6
GDK-KGD,MBS,13.02,14.7
GDK-KGD,DMT,31.16,28.7
GDK-KGD,DMG,31.2,28.5
GDK-KGD,KL_CKG,25.78,24.9
GDK-KGD,KL_KJ,9,11.6
GDK-KGD,ASTR-ASTR,46.54,41
GDK-KGD,BRW-BRW,19.57,16.7
GDK-KGD,MGL-MGL,12.87,13.6
GDK-KGD,WSI-ANCB,13.01,13.9
GDK-KGD,WSI-BTS,13.01,13.9
GDK-KGD,WSI-PIK,28.3,28.2
GDK-KGD,WSI-BSD,39.9,37.4
GDK-KGD,WSI-ANC,14.32,15.8
GDK-KGD,BKB-BKB,37.76,36.1
GDK-KGD,RFS-HANG,19.57,19.3
GDK-KGD,RFS-WOLT,21.98,19.5
GDK-KGD,MBL-MBL,23.63,20.5
GDK-KGD,ADS-ADS,16.8,17.7
GDK-KGD,LML-LML,37.27,35.4
GDK-KGD,HYP-HYP,15.78,15.4
GDK-KGD,SDJ-CNRE,34.64,33.6
GDK-KGD,SDJ-SDJE,23.84,22.5
GDK-KGD,SDJ-PSBC,11.76,12.8
GDK-KGD,SDJ-SCBD,22.16,17.7
GDK-KGD,SDJ-BNTR,38.92,34.4
GDK-KGD,SDJ-CJTA,23.22,21.1
GDK-KGD,SDJ-PJTN,23.66,22
GDK-KGD,SDJ-CBLH,38.7,34
GDK-KGD,SDJ-KTBT,16.06,17.6
GDK-KGD,SDJ-ODSS,22.65,18.4
GDK-KGD,SDJ-SOET,38.7,34
GDK-KGD,SDJ-SMB,18.74,19.8
GDK-KGD,SDJ-CBS,27.88,25.8
GDK-KGD,SDJ-PIM,27.95,24.8
GDK-KGD,SDJ-CBN,38.7,34
GDK-KGD,SDJ-BLV,32.64,30
GDK-KGD,BFL-BFL,36.51,31.6
GDK-KGD,BFL-KBY,21.64,18.4
GDK-KGD,DCGL-BAR,29.3,28.2
GDK-KGD,DCGS-BAR,41.99,38.6
GDK-KGD,DCGL-KITC,29.3,28.2
GDK-KGD,DCGS-KITC,29.3,28.2
GDK-KGD,DCBM-BAR,23.08,19.8
GDK-KGD,DCBM-KITC,23.08,19.8
GDK-KGD,MXW-PGJ,11.58,13.1
GDK-KGD,MXW-KGD,1.25,2.2
GDK-KGD,PPY-MTG,13.99,15.1
GDK-KGD,PPY-CTW,16.24,17.4
GDK-KGD,PPY-PI,28.42,24.4
GDK-KGD,PPY-GDS,41.05,37.9
GDK-KGD,TRF-TRF,30.14,26.5
GDK-KGD,TRF-CNRE,35.76,34.4
GDK-KGD,JOEL-JOEL,21.88,19.5
GDK-KGD,HMD-HMD,38.7,34
GDK-KGD,GO_PPL,24.34,21
GDK-KGD,GO_TBT,16.25,15.2
GDK-KGD,MDV-KBY,21.79,18.7
GDK-KGD,MDV-KGD,3.23,4.7
GDK-KGD,MDV-PURI,24.3,24.5
GDK-KGD,MDV-PDI,29.87,25.1
GDK-KGD,MDV-BNTR,34.62,31
GDK-KGD,MDV-PDHB,9.1,11.8
GDK-KGD,MDV-GRVY,26.14,23.4
GDK-KGD,SPHS-SPHS,18.88,19.6
GDK-KGD,DRSR-DRSR,13.67,14.8
GDK-KGD,EXP-EXP,18.49,19
GDK-KGD,EXP-AEON,43.72,42.6
GDK-KGD,HHP-HHP,22.92,19.1
GDK-KGD,GDL-BSD,44.05,41.7
GDK-KGD,GDL-PIK,27.5,26.6
GDK-KGD,GDL-MOI,2.98,6.6
GDK-KGD,GDL-KHI,13.11,13.5
GDK-KGD,GDL-RDL,24.91,21.8
GDK-KGD,GDL-PRGN,13.5,15.4
GDK-KGD,GDL-CNRE,33.85,31.5
GDK-KGD,GDL-PURI,24.84,24.9
GDK-KGD,GDL-ANC,14.24,16.2
GDK-KGD,GDL-GLC,28.86,28.6
GDK-KGD,GDL-SCBD,18.33,18
GDK-KGD,DDF-DDF,39.17,35.5
GDK-KGD,FDMX-VDLM,31.64,29
GDK-KGD,JIN-RST,1.24,2
GDK-KGD,JIN-CKC,11.57,13.1
GDK-KGD,PDLM-PDLM,21.57,18.5
GDK-KGD,GOF-GD,32.84,30.3
GDK-KGD,SMI-SMI,16.47,17.6
GDK-KGD,CST-RTIW,38.29,33.5
GDK-KGD,GRMK-PSQ,29.78,25.9
GDK-KGD,GRMK-CBN,39.97,35.2
GDK-KGD,GRMK-JUN,21.24,19.6
GDK-KGD,GRMK-KMY,10.81,11.4
GDK-KGD,GRMK-TJD,18.41,20.2
GDK-KGD,GRMK-VTR,32.14,28.1
GDK-KGD,GRMK-STBD,15.06,15
GDK-KGD,GRMK-FTM,28.48,25.3
GDK-KGD,GRMK-MRY,22.48,23.1
GDK-KGD,GRMK-DWS,37.59,33.6
GDK-KGD,GRMK-CBR,29.23,25.8
GDK-KGD,GRMK-EMP,18.05,18.2
GDK-KGD,GRMK-CMP,6.85,7.7
GDK-KGD,GRMK-LRT,2.39,3.9
GDK-KGD,GRMK-BSD,38.11,35.4
GDK-KGD,GRMK-GRH,34.12,33.6
GDK-KGD,GRMK-CPNG,11.43,10.5
GDK-KGD,GRMK-PLM,19.71,20.5
GDK-KGD,GRMK-DTA,19.7,16.5
GDK-KGD,GRMK-SOQ,31.26,26.8
GDK-KGD,GRMK-XML,14.92,15.9
GDK-KGD,GRMK-DMT,25.33,24.4
GDK-KGD,BRIK-STR,3.24,4.6
GDK-KGD,BRIK-ALS,37.09,33.3
GDK-KGD,BRIK-GDB,171.61,131
GDK-KGD,BRIK-CKR,42.87,38.5
GDK-KGD,BRIK-NRG,24.47,22.8
GDK-KGD,BRIK-LGK,43.89,38.8
GDK-KGD,BRIK-BLR,64.16,51.1
GDK-KGD,BRIK-STL,49.81,41.4
GDK-KGD,BRIK-KRW,64.33,55.1
GDK-KGD,BRIK-MTL,28.59,28.1
GDK-KGD,YMY-BTB,25.61,25.5
GDK-KGD,GLLR-GLLR,44.88,44.6
GDK-KGD,CSRR-CSRR,17.02,17
GDK-KGD,MTSJ-MTSJ,16.31,17.1
GDK-KGD,CST-GLN,26.07,23.7
GDK-KGD,MBG-MBG,24.15,21.5
GDK-KGD,CST-MBG,14.9,16
GDK-KGD,GDK-KGD,0,0
GDK-KGD,GDK-SCBD,17.99,17.6
GDK-KGD,CST-AYM,32.11,28.3
GDK-KGD,WTC-WTC,10.82,10
GDK-KGD,FYN-FYN,24.29,21.1
GDK-KGD,CST-FDC,19.74,21.9
GDK-KGD,MDS-MDS,20.73,21.3
GDK-KGD,MDS-SCBD,22.8,18.6
GDK-KGD,HKN-HKN,24.06,23.2
GDK-SCBD,GDS,31.83,27.3
GDK-SCBD,CRD,12.45,11.4
GDK-SCBD,KJT,13.94,12.4
GDK-SCBD,BKS,26.16,22.8
GDK-SCBD,CBR,26.62,26.3
GDK-SCBD,MPG,6.46,7.4
GDK-SCBD,RWG,15.91,16.3
GDK-SCBD,KBG,16.76,16.6
GDK-SCBD,BSD,28.13,25.9
GDK-SCBD,STB,8.59,9.4
GDK-SCBD,MBS,12.03,12.4
GDK-SCBD,DMT,23.23,18.5
GDK-SCBD,DMG,23.27,18.4
GDK-SCBD,KL_CKG,17.85,14.8
GDK-SCBD,KL_KJ,25.78,24.4
GDK-SCBD,ASTR-ASTR,42.42,36
GDK-SCBD,BRW-BRW,7.49,8.9
GDK-SCBD,MGL-MGL,10.18,10.7
GDK-SCBD,WSI-ANCB,9.97,11.1
GDK-SCBD,WSI-BTS,9.97,11.1
GDK-SCBD,WSI-PIK,24.05,22.5
GDK-SCBD,WSI-BSD,25.86,26.2
GDK-SCBD,WSI-ANC,17.15,16.8
GDK-SCBD,BKB-BKB,17.16,19
GDK-SCBD,RFS-HANG,1.62,2.1
GDK-SCBD,RFS-WOLT,3.14,4.8
GDK-SCBD,MBL-MBL,4.45,4.6
GDK-SCBD,ADS-ADS,4.62,5.2
GDK-SCBD,LML-LML,16.68,18.3
GDK-SCBD,HYP-HYP,7.18,7.7
GDK-SCBD,SDJ-CNRE,16.35,18.2
GDK-SCBD,SDJ-SDJE,8.13,9.9
GDK-SCBD,SDJ-PSBC,10.51,10.8
GDK-SCBD,SDJ-SCBD,1.18,2
GDK-SCBD,SDJ-BNTR,18.32,17.4
GDK-SCBD,SDJ-CJTA,17.27,16.5
GDK-SCBD,SDJ-PJTN,8.4,10.2
GDK-SCBD,SDJ-CBLH,18.11,17
GDK-SCBD,SDJ-KTBT,21.52,19.8
GDK-SCBD,SDJ-ODSS,1.87,2.4
GDK-SCBD,SDJ-SOET,18.11,17
GDK-SCBD,SDJ-SMB,27.41,26.2
GDK-SCBD,SDJ-CBS,9.46,10.2
GDK-SCBD,SDJ-PIM,7.35,7.7
GDK-SCBD,SDJ-CBN,18.11,17
GDK-SCBD,SDJ-BLV,13.66,12.9
GDK-SCBD,BFL-BFL,25.25,24.2
GDK-SCBD,BFL-KBY,3.67,4.3
GDK-SCBD,DCGL-BAR,20.32,17.6
GDK-SCBD,DCGS-BAR,33,28
GDK-SCBD,DCGL-KITC,20.32,17.6
GDK-SCBD,DCGS-KITC,20.32,17.6
GDK-SCBD,DCBM-BAR,2.96,3.1
GDK-SCBD,DCBM-KITC,2.96,3.1
GDK-SCBD,MXW-PGJ,13.43,14.1
GDK-SCBD,MXW-KGD,19.57,18.7
GDK-SCBD,PPY-MTG,7.51,8.5
GDK-SCBD,PPY-CTW,4.67,5.6
GDK-SCBD,PPY-PI,7.82,7.3
GDK-SCBD,PPY-GDS,32.06,27.3
GDK-SCBD,TRF-TRF,11.81,11.2
GDK-SCBD,TRF-CNRE,17.43,19.1
GDK-SCBD,JOEL-JOEL,2.88,4.3
GDK-SCBD,HMD-HMD,18.11,17
GDK-SCBD,GO_PPL,3.8,3.9
GDK-SCBD,GO_TBT,9.21,10.2
GDK-SCBD,MDV-KBY,3.73,4.3
GDK-SCBD,MDV-KGD,18.46,19.8
GDK-SCBD,MDV-PURI,15.31,13.9
GDK-SCBD,MDV-PDI,9.27,8
GDK-SCBD,MDV-BNTR,14.03,14
GDK-SCBD,MDV-PDHB,17.97,20
GDK-SCBD,MDV-GRVY,5.6,6.4
GDK-SCBD,SPHS-SPHS,5.11,5.7
GDK-SCBD,DRSR-DRSR,8.61,9.5
GDK-SCBD,EXP-EXP,3.39,4.3
GDK-SCBD,EXP-AEON,27.28,28.1
GDK-SCBD,HHP-HHP,2.14,3.1
GDK-SCBD,GDL-BSD,35.06,31
GDK-SCBD,GDL-PIK,23.24,20.9
GDK-SCBD,GDL-MOI,19.11,21.1
GDK-SCBD,GDL-KHI,25.45,24.1
GDK-SCBD,GDL-RDL,4.37,4.9
GDK-SCBD,GDL-PRGN,10.97,11.4
GDK-SCBD,GDL-CNRE,15.52,16.3
GDK-SCBD,GDL-PURI,15.86,14.2
GDK-SCBD,GDL-ANC,19.85,17.9
GDK-SCBD,GDL-GLC,19.87,17.9
GDK-SCBD,GDL-SCBD,0.38,0.8
GDK-SCBD,DDF-DDF,18.57,18.4
GDK-SCBD,FDMX-VDLM,13.31,13.7
GDK-SCBD,JIN-RST,19.56,18.4
GDK-SCBD,JIN-CKC,13.43,14.1
GDK-SCBD,PDLM-PDLM,5.08,5.5
GDK-SCBD,GOF-GD,28.58,24.7
GDK-SCBD,SMI-SMI,4.54,5.2
GDK-SCBD,CST-RTIW,22.65,20.6
GDK-SCBD,GRMK-PSQ,11.44,10.6
GDK-SCBD,GRMK-CBN,35.85,30.2
GDK-SCBD,GRMK-JUN,27.33,23.7
GDK-SCBD,GRMK-KMY,11.61,12.2
GDK-SCBD,GRMK-TJD,9.51,9.6
GDK-SCBD,GRMK-VTR,11.54,11
GDK-SCBD,GRMK-STBD,8.7,9.4
GDK-SCBD,GRMK-FTM,8.54,9.3
GDK-SCBD,GRMK-MRY,13.49,12.5
GDK-SCBD,GRMK-DWS,24.62,22.7
GDK-SCBD,GRMK-CBR,25.03,23.4
GDK-SCBD,GRMK-EMP,13.5,11.9
GDK-SCBD,GRMK-CMP,15.27,16
GDK-SCBD,GRMK-LRT,20.06,20.8
GDK-SCBD,GRMK-BSD,29.12,24.8
GDK-SCBD,GRMK-GRH,19.57,19.2
GDK-SCBD,GRMK-CPNG,14.27,13.2
GDK-SCBD,GRMK-PLM,5.93,6.7
GDK-SCBD,GRMK-DTA,8.44,9.1
GDK-SCBD,GRMK-SOQ,10.66,9.8
GDK-SCBD,GRMK-XML,18.88,17.6
GDK-SCBD,GRMK-DMT,17.39,14.3
GDK-SCBD,BRIK-STR,17.83,16.6
GDK-SCBD,BRIK-ALS,28.1,22.7
GDK-SCBD,BRIK-GDB,175.04,130.1
GDK-SCBD,BRIK-CKR,46.59,41.2
GDK-SCBD,BRIK-NRG,28.61,24.8
GDK-SCBD,BRIK-LGK,34.9,28.1
GDK-SCBD,BRIK-BLR,55.17,40.4
GDK-SCBD,BRIK-STL,45.62,39
GDK-SCBD,BRIK-KRW,67.76,54.3
GDK-SCBD,BRIK-MTL,19.61,17.4
GDK-SCBD,YMY-BTB,17.68,15.4
GDK-SCBD,GLLR-GLLR,26.85,29.2
GDK-SCBD,CSRR-CSRR,14.65,13
GDK-SCBD,MTSJ-MTSJ,4.59,5.6
GDK-SCBD,CST-GLN,5.52,6.8
GDK-SCBD,MBG-MBG,11.77,13.6
GDK-SCBD,CST-MBG,26.57,25.8
GDK-SCBD,GDK-KGD,20.2,19.5
GDK-SCBD,GDK-SCBD,0,0
GDK-SCBD,CST-AYM,15.76,17.8
GDK-SCBD,WTC-WTC,10.28,10.9
GDK-SCBD,FYN-FYN,3.75,4.1
GDK-SCBD,CST-FDC,3.59,6.6
GDK-SCBD,MDS-MDS,3.17,4.7
GDK-SCBD,MDS-SCBD,2,2.5
GDK-SCBD,HKN-HKN,24.78,24.1
CST-AYM,GDS,34.9,33.1
CST-AYM,CRD,12.4,12.6
CST-AYM,KJT,12.37,11.9
CST-AYM,BKS,25.08,23.7
CST-AYM,CBR,21.45,23
CST-AYM,MPG,9.94,11.1
CST-AYM,RWG,26.01,22.7
CST-AYM,KBG,26.71,27.6
CST-AYM,BSD,27.15,25.8
CST-AYM,STB,17.5,17.7
CST-AYM,MBS,27.44,25.1
CST-AYM,DMT,37.52,30.9
CST-AYM,DMG,37.56,30.7
CST-AYM,KL_CKG,32.14,27.2
CST-AYM,KL_KJ,35.89,30.7
CST-AYM,ASTR-ASTR,26.57,23.7
CST-AYM,BRW-BRW,10.91,11.4
CST-AYM,MGL-MGL,25.58,23.4
CST-AYM,WSI-ANCB,25.38,23.8
CST-AYM,WSI-BTS,25.38,23.8
CST-AYM,WSI-PIK,38.33,34.9
CST-AYM,WSI-BSD,28.81,25.2
CST-AYM,WSI-ANC,31.43,29.1
CST-AYM,BKB-BKB,21.19,22.2
CST-AYM,RFS-HANG,18.78,16.7
CST-AYM,RFS-WOLT,14.4,16.6
CST-AYM,MBL-MBL,15.89,15.9
CST-AYM,ADS-ADS,18.59,18
CST-AYM,LML-LML,20.7,21.5
CST-AYM,HYP-HYP,15.12,15.9
CST-AYM,SDJ-CNRE,6.19,10.2
CST-AYM,SDJ-SDJE,8.93,11.3
CST-AYM,SDJ-PSBC,21.81,21.9
CST-AYM,SDJ-SCBD,16.37,15.5
CST-AYM,SDJ-BNTR,19.37,19.4
CST-AYM,SDJ-CJTA,11.02,12.3
CST-AYM,SDJ-PJTN,9.61,12.2
CST-AYM,SDJ-CBLH,19.15,19
CST-AYM,SDJ-KTBT,26.27,23.7
CST-AYM,SDJ-ODSS,16.86,16.2
CST-AYM,SDJ-SOET,19.15,19
CST-AYM,SDJ-SMB,31.29,31.7
CST-AYM,SDJ-CBS,8.82,10.5
CST-AYM,SDJ-PIM,14.29,14.2
CST-AYM,SDJ-CBN,19.15,19
CST-AYM,SDJ-BLV,13.58,14.8
CST-AYM,BFL-BFL,10.39,11.5
CST-AYM,BFL-KBY,14.06,15.6
CST-AYM,DCGL-BAR,28.84,28.4
CST-AYM,DCGS-BAR,33.5,30.6
CST-AYM,DCGL-KITC,28.84,28.4
CST-AYM,DCGS-KITC,28.84,28.4
CST-AYM,DCBM-BAR,14.88,15
CST-AYM,DCBM-KITC,14.88,15
CST-AYM,MXW-PGJ,24.96,25.1
CST-AYM,MXW-KGD,29.69,24.9
CST-AYM,PPY-MTG,18.77,20
CST-AYM,PPY-CTW,18.64,18.4
CST-AYM,PPY-PI,13.9,13.2
CST-AYM,PPY-GDS,34.76,32.8
CST-AYM,TRF-TRF,11.08,11.2
CST-AYM,TRF-CNRE,7.46,12.3
CST-AYM,JOEL-JOEL,14.3,16.6
CST-AYM,HMD-HMD,19.15,19
CST-AYM,GO_PPL,13.37,13.3
CST-AYM,GO_TBT,14.95,15.5
CST-AYM,MDV-KBY,14.2,15.8
CST-AYM,MDV-KGD,29.35,26.1
CST-AYM,MDV-PURI,25.26,24.9
CST-AYM,MDV-PDI,11.83,11.3
CST-AYM,MDV-BNTR,16.94,17.4
CST-AYM,MDV-PDHB,33.8,30.3
CST-AYM,MDV-GRVY,14.47,13.6
CST-AYM,SPHS-SPHS,19.39,18.1
CST-AYM,DRSR-DRSR,18.79,19.7
CST-AYM,EXP-EXP,17.37,17.1
CST-AYM,EXP-AEON,29.16,27.3
CST-AYM,HHP-HHP,17.13,16.9
CST-AYM,GDL-BSD,32.46,30.4
CST-AYM,GDL-PIK,37.53,33.3
CST-AYM,GDL-MOI,29.23,27.4
CST-AYM,GDL-KHI,35.55,30.4
CST-AYM,GDL-RDL,15.5,14.7
CST-AYM,GDL-PRGN,26.38,24.2
CST-AYM,GDL-CNRE,7.14,10.6
CST-AYM,GDL-PURI,25.8,25.2
CST-AYM,GDL-ANC,28.06,28.9
CST-AYM,GDL-GLC,28.39,28.7
CST-AYM,GDL-SCBD,17.38,16.7
CST-AYM,DDF-DDF,21.48,21.8
CST-AYM,FDMX-VDLM,9.34,12.7
CST-AYM,JIN-RST,29.67,24.7
CST-AYM,JIN-CKC,24.96,25.1
CST-AYM,PDLM-PDLM,14.44,16
CST-AYM,GOF-GD,42.87,37
CST-AYM,SMI-SMI,18.52,18
CST-AYM,CST-RTIW,8.97,10.1
CST-AYM,GRMK-PSQ,10.72,10.7
CST-AYM,GRMK-CBN,20,17.9
CST-AYM,GRMK-JUN,30.5,28.1
CST-AYM,GRMK-KMY,22.91,23.4
CST-AYM,GRMK-TJD,23.8,21.9
CST-AYM,GRMK-VTR,14.46,14.5
CST-AYM,GRMK-STBD,17.71,18.1
CST-AYM,GRMK-FTM,9.97,10.4
CST-AYM,GRMK-MRY,26.01,23.6
CST-AYM,GRMK-DWS,9.68,11.3
CST-AYM,GRMK-CBR,17.47,20.4
CST-AYM,GRMK-EMP,27.78,24.3
CST-AYM,GRMK-CMP,25.39,22.3
CST-AYM,GRMK-LRT,30.95,27.2
CST-AYM,GRMK-BSD,30.04,27.4
CST-AYM,GRMK-GRH,27.74,26.9
CST-AYM,GRMK-CPNG,20.85,18.8
CST-AYM,GRMK-PLM,20.22,19
CST-AYM,GRMK-DTA,9.96,10.4
CST-AYM,GRMK-SOQ,11.66,11.7
CST-AYM,GRMK-XML,25.45,23.2
CST-AYM,GRMK-DMT,31.68,26.6
CST-AYM,BRIK-STR,27.95,22.9
CST-AYM,BRIK-ALS,33.92,31.2
CST-AYM,BRIK-GDB,165.27,126.1
CST-AYM,BRIK-CKR,51.57,46.8
CST-AYM,BRIK-NRG,24.67,23.5
CST-AYM,BRIK-LGK,39.58,36.2
CST-AYM,BRIK-BLR,63.7,51.2
CST-AYM,BRIK-STL,32.51,28.5
CST-AYM,BRIK-KRW,72.73,59.9
CST-AYM,BRIK-MTL,28.13,28.2
CST-AYM,YMY-BTB,31.97,27.7
CST-AYM,GLLR-GLLR,28.73,28.4
CST-AYM,CSRR-CSRR,28.93,25.4
CST-AYM,MTSJ-MTSJ,18.57,18.4
CST-AYM,CST-GLN,14.6,14.1
CST-AYM,MBG-MBG,7.42,8.9
CST-AYM,CST-MBG,33.47,31.3
CST-AYM,GDK-KGD,30.32,25.8
CST-AYM,GDK-SCBD,17.04,16.3
CST-AYM,CST-AYM,0,0
CST-AYM,WTC-WTC,18.76,19
CST-AYM,FYN-FYN,16.82,15.3
CST-AYM,CST-FDC,18.62,20
CST-AYM,MDS-MDS,19.61,19.4
CST-AYM,MDS-SCBD,17.01,16.4
CST-AYM,HKN-HKN,23.68,22.8
WTC-WTC,GDS,33.93,29.9
WTC-WTC,CRD,20.51,20.6
WTC-WTC,KJT,13.2,12
WTC-WTC,BKS,22.41,22.4
WTC-WTC,CBR,25.88,25.8
WTC-WTC,MPG,11.23,12.3
WTC-WTC,RWG,7.98,8.5
WTC-WTC,KBG,18.87,19.2
WTC-WTC,BSD,36.19,35.1
WTC-WTC,STB,5.59,7.6
WTC-WTC,MBS,7.68,8
WTC-WTC,DMT,24.3,20.5
WTC-WTC,DMG,24.34,20.3
WTC-WTC,KL_CKG,18.92,16.8
WTC-WTC,KL_KJ,17.13,16.1
WTC-WTC,ASTR-ASTR,41.6,38.1
WTC-WTC,BRW-BRW,9.87,11.7
WTC-WTC,MGL-MGL,5.86,6.2
WTC-WTC,WSI-ANCB,6,6.5
WTC-WTC,WSI-BTS,6,6.5
WTC-WTC,WSI-PIK,25.02,24.7
WTC-WTC,WSI-BSD,33.02,29.3
WTC-WTC,WSI-ANC,10.11,11.5
WTC-WTC,BKB-BKB,25.23,28.2
WTC-WTC,RFS-HANG,9.69,11.3
WTC-WTC,RFS-WOLT,10.06,12.9
WTC-WTC,MBL-MBL,12.51,13.8
WTC-WTC,ADS-ADS,7.42,10
WTC-WTC,LML-LML,24.74,27.5
WTC-WTC,HYP-HYP,6.29,7.5
WTC-WTC,SDJ-CNRE,24.41,27.4
WTC-WTC,SDJ-SDJE,13.22,16.3
WTC-WTC,SDJ-PSBC,4.86,5.2
WTC-WTC,SDJ-SCBD,8.45,10
WTC-WTC,SDJ-BNTR,26.38,26.6
WTC-WTC,SDJ-CJTA,18.28,18.3
WTC-WTC,SDJ-PJTN,13.03,15.9
WTC-WTC,SDJ-CBLH,26.17,26.2
WTC-WTC,SDJ-KTBT,17.68,18.3
WTC-WTC,SDJ-ODSS,8.7,10.4
WTC-WTC,SDJ-SOET,26.17,26.2
WTC-WTC,SDJ-SMB,24.58,22.4
WTC-WTC,SDJ-CBS,17.52,19.4
WTC-WTC,SDJ-PIM,15.42,16.9
WTC-WTC,SDJ-CBN,26.17,26.2
WTC-WTC,SDJ-BLV,21.73,22.1
WTC-WTC,BFL-BFL,26.54,26.4
WTC-WTC,BFL-KBY,10.59,12.5
WTC-WTC,DCGL-BAR,22.42,20.2
WTC-WTC,DCGS-BAR,35.1,30.6
WTC-WTC,DCGL-KITC,22.42,20.2
WTC-WTC,DCGS-KITC,22.42,20.2
WTC-WTC,DCBM-BAR,11.02,12.3
WTC-WTC,DCBM-KITC,11.02,12.3
WTC-WTC,MXW-PGJ,6.23,6.4
WTC-WTC,MXW-KGD,10.93,10.3
WTC-WTC,PPY-MTG,5.21,5.9
WTC-WTC,PPY-CTW,6.87,9.7
WTC-WTC,PPY-PI,15.89,16.5
WTC-WTC,PPY-GDS,34.17,29.9
WTC-WTC,TRF-TRF,19.87,20.4
WTC-WTC,TRF-CNRE,25.49,28.3
WTC-WTC,JOEL-JOEL,9.8,12.4
WTC-WTC,HMD-HMD,26.17,26.2
WTC-WTC,GO_PPL,11.86,13.1
WTC-WTC,GO_TBT,6.77,8.6
WTC-WTC,MDV-KBY,10.73,12.7
WTC-WTC,MDV-KGD,10.61,11.4
WTC-WTC,MDV-PURI,17.42,16.5
WTC-WTC,MDV-PDI,17.33,17.2
WTC-WTC,MDV-BNTR,22.09,23.2
WTC-WTC,MDV-PDHB,10.77,12.4
WTC-WTC,MDV-GRVY,13.66,15.6
WTC-WTC,SPHS-SPHS,9.13,10.4
WTC-WTC,DRSR-DRSR,4.89,5.5
WTC-WTC,EXP-EXP,8.6,10.9
WTC-WTC,EXP-AEON,36.84,34.6
WTC-WTC,HHP-HHP,8.97,11
WTC-WTC,GDL-BSD,37.17,33.6
WTC-WTC,GDL-PIK,24.21,23.1
WTC-WTC,GDL-MOI,10.47,12.8
WTC-WTC,GDL-KHI,18.96,16.1
WTC-WTC,GDL-RDL,12.43,14.1
WTC-WTC,GDL-PRGN,7.86,8.2
WTC-WTC,GDL-CNRE,23.58,25.5
WTC-WTC,GDL-PURI,17.96,16.8
WTC-WTC,GDL-ANC,9.34,10.3
WTC-WTC,GDL-GLC,21.98,20.6
WTC-WTC,GDL-SCBD,8.45,10
WTC-WTC,DDF-DDF,26.63,27.6
WTC-WTC,FDMX-VDLM,21.37,22.9
WTC-WTC,JIN-RST,10.91,10.1
WTC-WTC,JIN-CKC,6.23,6.4
WTC-WTC,PDLM-PDLM,9.07,10.9
WTC-WTC,GOF-GD,29.55,26.9
WTC-WTC,SMI-SMI,7.09,9.9
WTC-WTC,CST-RTIW,28.31,28.2
WTC-WTC,GRMK-PSQ,19.5,19.8
WTC-WTC,GRMK-CBN,35.03,32.3
WTC-WTC,GRMK-JUN,22.32,21.5
WTC-WTC,GRMK-KMY,4.34,4.8
WTC-WTC,GRMK-TJD,11.53,12.2
WTC-WTC,GRMK-VTR,19.61,20.2
WTC-WTC,GRMK-STBD,5.92,7.4
WTC-WTC,GRMK-FTM,16.6,18.5
WTC-WTC,GRMK-MRY,15.6,15.1
WTC-WTC,GRMK-DWS,27.61,28.3
WTC-WTC,GRMK-CBR,24.29,23
WTC-WTC,GRMK-EMP,12.86,13.6
WTC-WTC,GRMK-CMP,7.34,8.1
WTC-WTC,GRMK-LRT,12.22,12.5
WTC-WTC,GRMK-BSD,31.23,27.4
WTC-WTC,GRMK-GRH,27.24,25.5
WTC-WTC,GRMK-CPNG,5.91,6.6
WTC-WTC,GRMK-PLM,11.41,12.5
WTC-WTC,GRMK-DTA,9.72,11.2
WTC-WTC,GRMK-SOQ,18.72,19
WTC-WTC,GRMK-XML,15.25,15.1
WTC-WTC,GRMK-DMT,18.46,16.2
WTC-WTC,BRIK-STR,9.19,8.3
WTC-WTC,BRIK-ALS,30.2,25.3
WTC-WTC,BRIK-GDB,174.4,130.4
WTC-WTC,BRIK-CKR,43.94,40.4
WTC-WTC,BRIK-NRG,25.55,24.7
WTC-WTC,BRIK-LGK,37.01,30.8
WTC-WTC,BRIK-BLR,57.28,43
WTC-WTC,BRIK-STL,44.87,38.6
WTC-WTC,BRIK-KRW,67.12,54.6
WTC-WTC,BRIK-MTL,21.71,20.1
WTC-WTC,YMY-BTB,18.75,17.3
WTC-WTC,GLLR-GLLR,38,36.5
WTC-WTC,CSRR-CSRR,12.8,12.7
WTC-WTC,MTSJ-MTSJ,6.94,9.4
WTC-WTC,CST-GLN,13.59,16
WTC-WTC,MBG-MBG,14.18,16.2
WTC-WTC,CST-MBG,20.75,18.5
WTC-WTC,GDK-KGD,11.55,11.2
WTC-WTC,GDK-SCBD,8.11,9.6
WTC-WTC,CST-AYM,22.13,23
WTC-WTC,WTC-WTC,0,0
WTC-WTC,FYN-FYN,11.81,13.3
WTC-WTC,CST-FDC,9.86,13.8
WTC-WTC,MDS-MDS,10.85,13.2
WTC-WTC,MDS-SCBD,8.84,10.6
WTC-WTC,HKN-HKN,22.31,22.5
FYN-FYN,GDS,30.66,28
FYN-FYN,CRD,8.63,7.7
FYN-FYN,KJT,14.42,13.2
FYN-FYN,BKS,26.63,23.5
FYN-FYN,CBR,28.47,26.1
FYN-FYN,MPG,6.94,8.2
FYN-FYN,RWG,19.92,17.8
FYN-FYN,KBG,12.44,14.1
FYN-FYN,BSD,24.31,22.2
FYN-FYN,STB,10.66,11.3
FYN-FYN,MBS,14.09,14.3
FYN-FYN,DMT,22.89,20
FYN-FYN,DMG,22.93,19.8
FYN-FYN,KL_CKG,17.51,16.3
FYN-FYN,KL_KJ,29.8,25.8
FYN-FYN,ASTR-ASTR,41.35,35.2
FYN-FYN,BRW-BRW,7.96,9.7
FYN-FYN,MGL-MGL,12.24,12.6
FYN-FYN,WSI-ANCB,12.04,13
FYN-FYN,WSI-BTS,12.04,13
FYN-FYN,WSI-PIK,27.14,24.6
FYN-FYN,WSI-BSD,22.03,22.5
FYN-FYN,WSI-ANC,20.24,18.6
FYN-FYN,BKB-BKB,14.45,15
FYN-FYN,RFS-HANG,2.64,2.8
FYN-FYN,RFS-WOLT,3.64,5.6
FYN-FYN,MBL-MBL,3.3,3.9
FYN-FYN,ADS-ADS,6.68,7.2
FYN-FYN,LML-LML,13.96,14.4
FYN-FYN,HYP-HYP,7.66,8.4
FYN-FYN,SDJ-CNRE,15.2,17.4
FYN-FYN,SDJ-SDJE,6.98,9.2
FYN-FYN,SDJ-PSBC,12.58,12.7
FYN-FYN,SDJ-SCBD,4.63,6
FYN-FYN,SDJ-BNTR,14.5,13.7
FYN-FYN,SDJ-CJTA,18.04,15.4
FYN-FYN,SDJ-PJTN,7.25,9.4
FYN-FYN,SDJ-CBLH,14.28,13.3
FYN-FYN,SDJ-KTBT,22,20.5
FYN-FYN,SDJ-ODSS,3.86,4.9
FYN-FYN,SDJ-SOET,14.28,13.3
FYN-FYN,SDJ-SMB,27.89,26.9
FYN-FYN,SDJ-CBS,10.23,9.1
FYN-FYN,SDJ-PIM,3.53,4
FYN-FYN,SDJ-CBN,14.28,13.3
FYN-FYN,SDJ-BLV,9.84,9.2
FYN-FYN,BFL-BFL,26.19,23.3
FYN-FYN,BFL-KBY,2.73,3.6
FYN-FYN,DCGL-BAR,19.15,18.2
FYN-FYN,DCGS-BAR,28.25,27.8
FYN-FYN,DCGL-KITC,19.15,18.2
FYN-FYN,DCGS-KITC,19.15,18.2
FYN-FYN,DCBM-BAR,1.77,2.1
FYN-FYN,DCBM-KITC,1.77,2.1
FYN-FYN,MXW-PGJ,15.5,16.1
FYN-FYN,MXW-KGD,23.59,20.1
FYN-FYN,PPY-MTG,9.57,10.5
FYN-FYN,PPY-CTW,6.73,7.5
FYN-FYN,PPY-PI,4,3.6
FYN-FYN,PPY-GDS,30.9,27.9
FYN-FYN,TRF-TRF,10.09,8.6
FYN-FYN,TRF-CNRE,14.15,14.8
FYN-FYN,JOEL-JOEL,4.61,6.3
FYN-FYN,HMD-HMD,14.28,13.3
FYN-FYN,GO_PPL,1.89,2.2
FYN-FYN,GO_TBT,9.68,10.9
FYN-FYN,MDV-KBY,2.59,3.4
FYN-FYN,MDV-KGD,23.25,21.3
FYN-FYN,MDV-PURI,12.8,13.4
FYN-FYN,MDV-PDI,5.45,4.3
FYN-FYN,MDV-BNTR,10.2,10.3
FYN-FYN,MDV-PDHB,20.04,22
FYN-FYN,MDV-GRVY,2.27,2.8
FYN-FYN,SPHS-SPHS,7.41,7.6
FYN-FYN,DRSR-DRSR,10.68,11.5
FYN-FYN,EXP-EXP,5.46,6.2
FYN-FYN,EXP-AEON,23.91,24.5
FYN-FYN,HHP-HHP,4.13,5.5
FYN-FYN,GDL-BSD,27.21,27.5
FYN-FYN,GDL-PIK,26.34,23
FYN-FYN,GDL-MOI,23.13,22.5
FYN-FYN,GDL-KHI,29.46,25.5
FYN-FYN,GDL-RDL,1.04,1.3
FYN-FYN,GDL-PRGN,13.04,13.4
FYN-FYN,GDL-CNRE,12.24,12
FYN-FYN,GDL-PURI,13.35,13.7
FYN-FYN,GDL-ANC,18.6,19.9
FYN-FYN,GDL-GLC,18.71,18.6
FYN-FYN,GDL-SCBD,4.49,5.9
FYN-FYN,DDF-DDF,14.75,14.7
FYN-FYN,FDMX-VDLM,9.75,9
FYN-FYN,JIN-RST,23.58,19.9
FYN-FYN,JIN-CKC,15.49,16
FYN-FYN,PDLM-PDLM,7.14,7.4
FYN-FYN,GOF-GD,31.68,26.7
FYN-FYN,SMI-SMI,6.61,7.1
FYN-FYN,CST-RTIW,21.51,19.8
FYN-FYN,GRMK-PSQ,9.73,8
FYN-FYN,GRMK-CBN,34.78,29.4
FYN-FYN,GRMK-JUN,27.8,24.4
FYN-FYN,GRMK-KMY,13.68,14.1
FYN-FYN,GRMK-TJD,12.6,11.4
FYN-FYN,GRMK-VTR,7.72,7.3
FYN-FYN,GRMK-STBD,10.77,11.4
FYN-FYN,GRMK-FTM,8.92,7.5
FYN-FYN,GRMK-MRY,10.56,10.9
FYN-FYN,GRMK-DWS,23.47,21.9
FYN-FYN,GRMK-CBR,27.22,24.1
FYN-FYN,GRMK-EMP,16.59,13.8
FYN-FYN,GRMK-CMP,19.29,17.4
FYN-FYN,GRMK-LRT,24.86,22.3
FYN-FYN,GRMK-BSD,24.43,23.7
FYN-FYN,GRMK-GRH,16.81,16.5
FYN-FYN,GRMK-CPNG,14.75,14
FYN-FYN,GRMK-PLM,7.45,7.5
FYN-FYN,GRMK-DTA,8.91,9.8
FYN-FYN,GRMK-SOQ,6.84,6.1
FYN-FYN,GRMK-XML,19.35,18.3
FYN-FYN,GRMK-DMT,17.06,15.7
FYN-FYN,BRIK-STR,21.85,18
FYN-FYN,BRIK-ALS,23.21,23.1
FYN-FYN,BRIK-GDB,175.51,130.9
FYN-FYN,BRIK-CKR,47.07,41.9
FYN-FYN,BRIK-NRG,29.08,25.6
FYN-FYN,BRIK-LGK,33.74,28.8
FYN-FYN,BRIK-BLR,54.01,41.1
FYN-FYN,BRIK-STL,47.8,39.7
FYN-FYN,BRIK-KRW,68.23,55
FYN-FYN,BRIK-MTL,18.44,18.1
FYN-FYN,YMY-BTB,17.34,16.8
FYN-FYN,GLLR-GLLR,23.49,25.6
FYN-FYN,CSRR-CSRR,17.74,14.9
FYN-FYN,MTSJ-MTSJ,6.66,7.6
FYN-FYN,CST-GLN,2.19,3.2
FYN-FYN,MBG-MBG,14.04,13.2
FYN-FYN,CST-MBG,27.04,26.6
FYN-FYN,GDK-KGD,24.22,20.9
FYN-FYN,GDK-SCBD,6.38,6.7
FYN-FYN,CST-AYM,17.79,18
FYN-FYN,WTC-WTC,12.34,12.9
FYN-FYN,FYN-FYN,0,0
FYN-FYN,CST-FDC,4.61,7.3
FYN-FYN,MDS-MDS,4.17,5.4
FYN-FYN,MDS-SCBD,3.74,4.6
FYN-FYN,HKN-HKN,25.26,24.9
CST-FDC,GDS,30.69,26.8
CST-FDC,CRD,12.34,11.9
CST-FDC,KJT,15.33,13
CST-FDC,BKS,27.55,23.3
CST-FDC,CBR,28.01,26.8
CST-FDC,MPG,8.34,8.8
CST-FDC,RWG,15.55,17
CST-FDC,KBG,11.39,14
CST-FDC,BSD,28.02,26.4
CST-FDC,STB,8.22,10.1
CST-FDC,MBS,12.02,12.3
CST-FDC,DMT,22.1,18
CST-FDC,DMG,22.14,17.8
CST-FDC,KL_CKG,16.72,14.3
CST-FDC,KL_KJ,24.66,24.6
CST-FDC,ASTR-ASTR,42.81,36.9
CST-FDC,BRW-BRW,9.97,10.1
CST-FDC,MGL-MGL,10.17,10.5
CST-FDC,WSI-ANCB,9.96,10.9
CST-FDC,WSI-BTS,9.96,10.9
CST-FDC,WSI-PIK,22.92,22.2
CST-FDC,WSI-BSD,29.78,26.2
CST-FDC,WSI-ANC,16.02,16.2
CST-FDC,BKB-BKB,18.17,19.3
CST-FDC,RFS-HANG,1.82,3.1
CST-FDC,RFS-WOLT,6.24,8.5
CST-FDC,MBL-MBL,5.46,7.2
CST-FDC,ADS-ADS,4.25,5.9
CST-FDC,LML-LML,17.68,18.6
CST-FDC,HYP-HYP,8.2,8.3
CST-FDC,SDJ-CNRE,17.36,20.7
CST-FDC,SDJ-SDJE,9.14,12.5
CST-FDC,SDJ-PSBC,10.5,10.6
CST-FDC,SDJ-SCBD,4.63,5.6
CST-FDC,SDJ-BNTR,18.22,17.9
CST-FDC,SDJ-CJTA,19.41,18.8
CST-FDC,SDJ-PJTN,10.14,12.3
CST-FDC,SDJ-CBLH,18,17.5
CST-FDC,SDJ-KTBT,22.91,20.3
CST-FDC,SDJ-ODSS,4.88,6
CST-FDC,SDJ-SOET,18,17.5
CST-FDC,SDJ-SMB,28.8,26.7
CST-FDC,SDJ-CBS,10.47,12.8
CST-FDC,SDJ-PIM,7.25,8.3
CST-FDC,SDJ-CBN,18,17.5
CST-FDC,SDJ-BLV,13.56,13.4
CST-FDC,BFL-BFL,26.64,24.8
CST-FDC,BFL-KBY,4.89,7.1
CST-FDC,DCGL-BAR,19.18,17
CST-FDC,DCGS-BAR,31.86,27.4
CST-FDC,DCGL-KITC,19.18,17
CST-FDC,DCGS-KITC,19.18,17
CST-FDC,DCBM-BAR,3.98,5.7
CST-FDC,DCBM-KITC,3.98,5.7
CST-FDC,MXW-PGJ,13.42,14
CST-FDC,MXW-KGD,18.45,18.8
CST-FDC,PPY-MTG,7.14,9.2
CST-FDC,PPY-CTW,4.3,6.3
CST-FDC,PPY-PI,7.72,7.9
CST-FDC,PPY-GDS,30.93,26.7
CST-FDC,TRF-TRF,13.81,12.8
CST-FDC,TRF-CNRE,17.87,19.1
CST-FDC,JOEL-JOEL,5.97,8
CST-FDC,HMD-HMD,18,17.5
CST-FDC,GO_PPL,4.35,5.8
CST-FDC,GO_TBT,10.6,10.7
CST-FDC,MDV-KBY,4.75,6.9
CST-FDC,MDV-KGD,18.14,19.9
CST-FDC,MDV-PURI,11.75,13.3
CST-FDC,MDV-PDI,9.16,8.5
CST-FDC,MDV-BNTR,13.92,14.5
CST-FDC,MDV-PDHB,17.96,19.9
CST-FDC,MDV-GRVY,7.32,7.7
CST-FDC,SPHS-SPHS,3.97,5.2
CST-FDC,DRSR-DRSR,8.24,10.3
CST-FDC,EXP-EXP,3.03,5
CST-FDC,EXP-AEON,27.63,28.7
CST-FDC,HHP-HHP,5.14,6.6
CST-FDC,GDL-BSD,33.93,30.5
CST-FDC,GDL-PIK,22.11,20.6
CST-FDC,GDL-MOI,18,21.3
CST-FDC,GDL-KHI,26.48,24.6
CST-FDC,GDL-RDL,4.7,6.6
CST-FDC,GDL-PRGN,10.96,11.3
CST-FDC,GDL-CNRE,15.96,16.2
CST-FDC,GDL-PURI,12.3,13.7
CST-FDC,GDL-ANC,18.72,17.6
CST-FDC,GDL-GLC,18.74,17.4
CST-FDC,GDL-SCBD,4.62,5.5
CST-FDC,DDF-DDF,18.46,18.9
CST-FDC,FDMX-VDLM,13.47,13.3
CST-FDC,JIN-RST,18.44,18.6
CST-FDC,JIN-CKC,13.42,14
CST-FDC,PDLM-PDLM,5.04,5.9
CST-FDC,GOF-GD,27.45,24.3
CST-FDC,SMI-SMI,4.17,5.9
CST-FDC,CST-RTIW,23.67,23.1
CST-FDC,GRMK-PSQ,13.44,12.2
CST-FDC,GRMK-CBN,36.24,31.1
CST-FDC,GRMK-JUN,28.72,24.2
CST-FDC,GRMK-KMY,11.6,12.1
CST-FDC,GRMK-TJD,8.38,9
CST-FDC,GRMK-VTR,11.44,11.6
CST-FDC,GRMK-STBD,8.33,10.1
CST-FDC,GRMK-FTM,9.1,11.2
CST-FDC,GRMK-MRY,9.51,10.8
CST-FDC,GRMK-DWS,25.63,25.2
CST-FDC,GRMK-CBR,26.42,24
CST-FDC,GRMK-EMP,12.36,11.4
CST-FDC,GRMK-CMP,14.9,16.7
CST-FDC,GRMK-LRT,19.74,21
CST-FDC,GRMK-BSD,27.99,24.3
CST-FDC,GRMK-GRH,16.83,19.3
CST-FDC,GRMK-CPNG,15.66,13.8
CST-FDC,GRMK-PLM,4.8,6.1
CST-FDC,GRMK-DTA,9.82,9.6
CST-FDC,GRMK-SOQ,10.55,10.3
CST-FDC,GRMK-XML,20.26,18.2
CST-FDC,GRMK-DMT,16.26,13.7
CST-FDC,BRIK-STR,16.71,16.8
CST-FDC,BRIK-ALS,26.96,22.1
CST-FDC,BRIK-GDB,176.42,130.7
CST-FDC,BRIK-CKR,47.98,41.7
CST-FDC,BRIK-NRG,29.99,25.4
CST-FDC,BRIK-LGK,33.77,27.6
CST-FDC,BRIK-BLR,54.04,39.9
CST-FDC,BRIK-STL,47.01,39.6
CST-FDC,BRIK-KRW,69.14,54.8
CST-FDC,BRIK-MTL,18.47,16.9
CST-FDC,YMY-BTB,16.55,14.8
CST-FDC,GLLR-GLLR,27.2,29.8
CST-FDC,CSRR-CSRR,13.51,12.5
CST-FDC,MTSJ-MTSJ,4.22,6.4
CST-FDC,CST-GLN,7.46,8.2
CST-FDC,MBG-MBG,14.28,14.6
CST-FDC,CST-MBG,27.95,26.4
CST-FDC,GDK-KGD,19.08,19.7
CST-FDC,GDK-SCBD,4.28,5.1
CST-FDC,CST-AYM,22.23,21.4
CST-FDC,WTC-WTC,9.91,11.6
CST-FDC,FYN-FYN,4.35,5.3
CST-FDC,CST-FDC,0,0
CST-FDC,MDS-MDS,1.08,3.2
CST-FDC,MDS-SCBD,5.02,6.2
CST-FDC,HKN-HKN,26.17,24.7
MDS-MDS,GDS,31.8,27.1
MDS-MDS,CRD,11.6,10.8
MDS-MDS,KJT,14.83,12.2
MDS-MDS,BKS,27.05,22.5
MDS-MDS,CBR,27.51,26
MDS-MDS,MPG,7.84,8
MDS-MDS,RWG,15.38,15.9
MDS-MDS,KBG,12.26,14.4
MDS-MDS,BSD,27.28,25.2
MDS-MDS,STB,8.06,9
MDS-MDS,MBS,11.5,12
MDS-MDS,DMT,23.2,18.3
MDS-MDS,DMG,23.24,18.1
MDS-MDS,KL_CKG,17.82,14.6
MDS-MDS,KL_KJ,25.24,24
MDS-MDS,ASTR-ASTR,42.31,36.1
MDS-MDS,BRW-BRW,9.47,9.3
MDS-MDS,MGL-MGL,9.64,10.3
MDS-MDS,WSI-ANCB,9.44,10.7
MDS-MDS,WSI-BTS,9.44,10.7
MDS-MDS,WSI-PIK,24.02,22.3
MDS-MDS,WSI-BSD,25.01,25.5
MDS-MDS,WSI-ANC,17.12,16.5
MDS-MDS,BKB-BKB,16.32,18.4
MDS-MDS,RFS-HANG,0.78,1.4
MDS-MDS,RFS-WOLT,5.07,7.6
MDS-MDS,MBL-MBL,4.42,5.5
MDS-MDS,ADS-ADS,4.09,4.8
MDS-MDS,LML-LML,15.83,17.7
MDS-MDS,HYP-HYP,7.7,7.4
MDS-MDS,SDJ-CNRE,16.32,19.1
MDS-MDS,SDJ-SDJE,8.1,10.8
MDS-MDS,SDJ-PSBC,9.98,10.4
MDS-MDS,SDJ-SCBD,4.13,4.8
MDS-MDS,SDJ-BNTR,17.48,16.7
MDS-MDS,SDJ-CJTA,17.24,17.4
MDS-MDS,SDJ-PJTN,8.37,11.1
MDS-MDS,SDJ-CBLH,17.26,16.3
MDS-MDS,SDJ-KTBT,22.41,19.5
MDS-MDS,SDJ-ODSS,4.38,5.1
MDS-MDS,SDJ-SOET,17.26,16.3
MDS-MDS,SDJ-SMB,28.3,25.9
MDS-MDS,SDJ-CBS,9.43,11.1
MDS-MDS,SDJ-PIM,6.51,7.1
MDS-MDS,SDJ-CBN,17.26,16.3
MDS-MDS,SDJ-BLV,12.82,12.3
MDS-MDS,BFL-BFL,26.14,24
MDS-MDS,BFL-KBY,3.85,5.4
MDS-MDS,DCGL-BAR,20.29,17.3
MDS-MDS,DCGS-BAR,32.97,27.7
MDS-MDS,DCGL-KITC,20.29,17.3
MDS-MDS,DCGS-KITC,20.29,17.3
MDS-MDS,DCBM-BAR,2.94,4
MDS-MDS,DCBM-KITC,2.94,4
MDS-MDS,MXW-PGJ,12.9,13.7
MDS-MDS,MXW-KGD,19.04,18.3
MDS-MDS,PPY-MTG,6.98,8.1
MDS-MDS,PPY-CTW,4.14,5.2
MDS-MDS,PPY-PI,6.98,6.7
MDS-MDS,PPY-GDS,32.03,27
MDS-MDS,TRF-TRF,13.07,11.6
MDS-MDS,TRF-CNRE,17.13,17.9
MDS-MDS,JOEL-JOEL,4.8,7.1
MDS-MDS,HMD-HMD,17.26,16.3
MDS-MDS,GO_PPL,3.31,4.2
MDS-MDS,GO_TBT,10.1,9.9
MDS-MDS,MDV-KBY,3.71,5.2
MDS-MDS,MDV-KGD,17.93,19.4
MDS-MDS,MDV-PURI,15.28,13.6
MDS-MDS,MDV-PDI,8.42,7.4
MDS-MDS,MDV-BNTR,13.18,13.3
MDS-MDS,MDV-PDHB,17.44,19.6
MDS-MDS,MDV-GRVY,4.89,6.5
MDS-MDS,SPHS-SPHS,5.08,5.5
MDS-MDS,DRSR-DRSR,8.08,9.1
MDS-MDS,EXP-EXP,2.86,3.9
MDS-MDS,EXP-AEON,26.43,27.5
MDS-MDS,HHP-HHP,4.64,5.8
MDS-MDS,GDL-BSD,29.73,30.6
MDS-MDS,GDL-PIK,23.21,20.7
MDS-MDS,GDL-MOI,18.58,20.7
MDS-MDS,GDL-KHI,24.92,23.7
MDS-MDS,GDL-RDL,3.66,4.9
MDS-MDS,GDL-PRGN,10.44,11
MDS-MDS,GDL-CNRE,15.22,15.1
MDS-MDS,GDL-PURI,15.83,14
MDS-MDS,GDL-ANC,16,17.6
MDS-MDS,GDL-GLC,19.84,17.7
MDS-MDS,GDL-SCBD,4.12,4.7
MDS-MDS,DDF-DDF,17.72,17.8
MDS-MDS,FDMX-VDLM,12.73,12.1
MDS-MDS,JIN-RST,19.02,18
MDS-MDS,JIN-CKC,12.9,13.7
MDS-MDS,PDLM-PDLM,4.54,5.1
MDS-MDS,GOF-GD,28.55,24.4
MDS-MDS,SMI-SMI,4.01,4.8
MDS-MDS,CST-RTIW,22.63,21.5
MDS-MDS,GRMK-PSQ,12.7,11
MDS-MDS,GRMK-CBN,35.74,30.3
MDS-MDS,GRMK-JUN,28.22,23.4
MDS-MDS,GRMK-KMY,11.08,11.8
MDS-MDS,GRMK-TJD,9.48,9.3
MDS-MDS,GRMK-VTR,10.7,10.4
MDS-MDS,GRMK-STBD,8.17,9
MDS-MDS,GRMK-FTM,8.06,9.6
MDS-MDS,GRMK-MRY,10.38,11.3
MDS-MDS,GRMK-DWS,24.59,23.6
MDS-MDS,GRMK-CBR,25.92,23.2
MDS-MDS,GRMK-EMP,13.47,11.7
MDS-MDS,GRMK-CMP,14.74,15.6
MDS-MDS,GRMK-LRT,19.53,20.4
MDS-MDS,GRMK-BSD,29.09,24.5
MDS-MDS,GRMK-GRH,18.72,18.5
MDS-MDS,GRMK-CPNG,15.16,13
MDS-MDS,GRMK-PLM,5.9,6.4
MDS-MDS,GRMK-DTA,9.32,8.8
MDS-MDS,GRMK-SOQ,9.81,9.1
MDS-MDS,GRMK-XML,19.76,17.3
MDS-MDS,GRMK-DMT,17.37,14
MDS-MDS,BRIK-STR,17.3,16.2
MDS-MDS,BRIK-ALS,28.07,22.4
MDS-MDS,BRIK-GDB,175.92,129.9
MDS-MDS,BRIK-CKR,47.48,40.9
MDS-MDS,BRIK-NRG,29.49,24.6
MDS-MDS,BRIK-LGK,34.88,27.9
MDS-MDS,BRIK-BLR,55.15,40.2
MDS-MDS,BRIK-STL,46.51,38.8
MDS-MDS,BRIK-KRW,68.64,54
MDS-MDS,BRIK-MTL,19.58,17.2
MDS-MDS,YMY-BTB,17.65,15.1
MDS-MDS,GLLR-GLLR,26.01,28.6
MDS-MDS,CSRR-CSRR,14.62,12.8
MDS-MDS,MTSJ-MTSJ,4.06,5.2
MDS-MDS,CST-GLN,4.81,6.8
MDS-MDS,MBG-MBG,13.78,13.8
MDS-MDS,CST-MBG,27.45,25.6
MDS-MDS,GDK-KGD,19.67,19.1
MDS-MDS,GDK-SCBD,3.78,4.3
MDS-MDS,CST-AYM,15.74,18.7
MDS-MDS,WTC-WTC,9.75,10.5
MDS-MDS,FYN-FYN,3.32,3.7
MDS-MDS,CST-FDC,2.04,5.3
MDS-MDS,MDS-MDS,0,0
MDS-MDS,MDS-SCBD,3.93,5.3
MDS-MDS,HKN-HKN,25.67,23.9
MDS-SCBD,GDS,32.09,27.7
MDS-SCBD,CRD,13.23,13.2
MDS-SCBD,KJT,12.32,10.6
MDS-SCBD,BKS,24.53,21
MDS-SCBD,CBR,25,24.5
MDS-SCBD,MPG,4.83,5.6
MDS-SCBD,RWG,17.81,15.3
MDS-SCBD,KBG,17.02,17
MDS-SCBD,BSD,28.81,26.8
MDS-SCBD,STB,8.42,9.6
MDS-SCBD,MBS,13.41,13.2
MDS-SCBD,DMT,23.49,18.9
MDS-SCBD,DMG,23.53,18.8
MDS-SCBD,KL_CKG,18.11,15.2
MDS-SCBD,KL_KJ,27.69,23.3
MDS-SCBD,ASTR-ASTR,39.8,34.6
MDS-SCBD,BRW-BRW,5.86,7.1
MDS-SCBD,MGL-MGL,11.56,11.5
MDS-SCBD,WSI-ANCB,11.35,11.9
MDS-SCBD,WSI-BTS,11.35,11.9
MDS-SCBD,WSI-PIK,24.31,22.9
MDS-SCBD,WSI-BSD,31.17,27.1
MDS-SCBD,WSI-ANC,17.41,17.2
MDS-SCBD,BKB-BKB,17.85,20
MDS-SCBD,RFS-HANG,2.31,3
MDS-SCBD,RFS-WOLT,1.51,3
MDS-SCBD,MBL-MBL,4.56,5.2
MDS-SCBD,ADS-ADS,4.57,6.1
MDS-SCBD,LML-LML,17.36,19.3
MDS-SCBD,HYP-HYP,5.56,5.9
MDS-SCBD,SDJ-CNRE,16.46,18.7
MDS-SCBD,SDJ-SDJE,6.82,9.6
MDS-SCBD,SDJ-PSBC,11.89,11.6
MDS-SCBD,SDJ-SCBD,1.17,1.9
MDS-SCBD,SDJ-BNTR,19.01,18.3
MDS-SCBD,SDJ-CJTA,15.92,15.8
MDS-SCBD,SDJ-PJTN,6.64,9.2
MDS-SCBD,SDJ-CBLH,18.79,17.9
MDS-SCBD,SDJ-KTBT,19.89,18
MDS-SCBD,SDJ-ODSS,0.12,0.3
MDS-SCBD,SDJ-SOET,18.79,17.9
MDS-SCBD,SDJ-SMB,25.78,24.4
MDS-SCBD,SDJ-CBS,9.57,10.8
MDS-SCBD,SDJ-PIM,8.04,8.7
MDS-SCBD,SDJ-CBN,18.79,17.9
MDS-SCBD,SDJ-BLV,14.35,13.9
MDS-SCBD,BFL-BFL,23.62,22.4
MDS-SCBD,BFL-KBY,2.04,2.5
MDS-SCBD,DCGL-BAR,20.58,18
MDS-SCBD,DCGS-BAR,33.26,28.4
MDS-SCBD,DCGL-KITC,20.58,18
MDS-SCBD,DCGS-KITC,20.58,18
MDS-SCBD,DCBM-BAR,3.48,3.8
MDS-SCBD,DCBM-KITC,3.48,3.8
MDS-SCBD,MXW-PGJ,14.82,14.9
MDS-SCBD,MXW-KGD,21.49,17.6
MDS-SCBD,PPY-MTG,7.46,9.4
MDS-SCBD,PPY-CTW,4.62,6.4
MDS-SCBD,PPY-PI,8.51,8.3
MDS-SCBD,PPY-GDS,32.32,27.7
MDS-SCBD,TRF-TRF,11.92,11.8
MDS-SCBD,TRF-CNRE,17.54,19.7
MDS-SCBD,JOEL-JOEL,1.25,2.5
MDS-SCBD,HMD-HMD,18.79,17.9
MDS-SCBD,GO_PPL,4.48,4.8
MDS-SCBD,GO_TBT,7.58,8.4
MDS-SCBD,MDV-KBY,2.18,2.7
MDS-SCBD,MDV-KGD,21.15,18.7
MDS-SCBD,MDV-PURI,15.57,14.3
MDS-SCBD,MDV-PDI,9.95,8.9
MDS-SCBD,MDV-BNTR,14.71,14.9
MDS-SCBD,MDV-PDHB,19.35,20.8
MDS-SCBD,MDV-GRVY,6.28,7.4
MDS-SCBD,SPHS-SPHS,5.37,6.1
MDS-SCBD,DRSR-DRSR,9.23,9.7
MDS-SCBD,EXP-EXP,3.34,5.1
MDS-SCBD,EXP-AEON,27.97,29.1
MDS-SCBD,HHP-HHP,0.39,1
MDS-SCBD,GDL-BSD,35.32,31.4
MDS-SCBD,GDL-PIK,23.5,21.3
MDS-SCBD,GDL-MOI,21.03,20
MDS-SCBD,GDL-KHI,27.35,23
MDS-SCBD,GDL-RDL,5.05,5.8
MDS-SCBD,GDL-PRGN,12.35,12.2
MDS-SCBD,GDL-CNRE,15.63,16.8
MDS-SCBD,GDL-PURI,16.12,14.6
MDS-SCBD,GDL-ANC,20.11,18.4
MDS-SCBD,GDL-GLC,20.13,18.3
MDS-SCBD,GDL-SCBD,0.75,1.3
MDS-SCBD,DDF-DDF,19.25,19.3
MDS-SCBD,FDMX-VDLM,13.42,14.3
MDS-SCBD,JIN-RST,21.47,17.3
MDS-SCBD,JIN-CKC,14.81,14.9
MDS-SCBD,PDLM-PDLM,4.88,6
MDS-SCBD,GOF-GD,28.84,25.1
MDS-SCBD,SMI-SMI,4.49,6
MDS-SCBD,CST-RTIW,22.76,21.2
MDS-SCBD,GRMK-PSQ,11.55,11.2
MDS-SCBD,GRMK-CBN,33.23,28.8
MDS-SCBD,GRMK-JUN,25.7,21.9
MDS-SCBD,GRMK-KMY,12.99,13
MDS-SCBD,GRMK-TJD,9.77,10
MDS-SCBD,GRMK-VTR,12.23,12
MDS-SCBD,GRMK-STBD,8.01,9
MDS-SCBD,GRMK-FTM,9.41,9.9
MDS-SCBD,GRMK-MRY,13.75,12.9
MDS-SCBD,GRMK-DWS,24.73,23.3
MDS-SCBD,GRMK-CBR,23.41,21.7
MDS-SCBD,GRMK-EMP,13.76,12.3
MDS-SCBD,GRMK-CMP,17.19,14.9
MDS-SCBD,GRMK-LRT,22.75,19.8
MDS-SCBD,GRMK-BSD,29.38,25.2
MDS-SCBD,GRMK-GRH,20.25,20.1
MDS-SCBD,GRMK-CPNG,12.65,11.4
MDS-SCBD,GRMK-PLM,6.19,7.1
MDS-SCBD,GRMK-DTA,6.81,7.3
MDS-SCBD,GRMK-SOQ,11.34,10.7
MDS-SCBD,GRMK-XML,17.25,15.8
MDS-SCBD,GRMK-DMT,17.65,14.7
MDS-SCBD,BRIK-STR,19.75,15.5
MDS-SCBD,BRIK-ALS,28.36,23.1
MDS-SCBD,BRIK-GDB,173.41,128.4
MDS-SCBD,BRIK-CKR,44.97,39.4
MDS-SCBD,BRIK-NRG,26.98,23.1
MDS-SCBD,BRIK-LGK,35.16,28.5
MDS-SCBD,BRIK-BLR,55.43,40.8
MDS-SCBD,BRIK-STL,43.99,37.3
MDS-SCBD,BRIK-KRW,66.13,52.5
MDS-SCBD,BRIK-MTL,19.87,17.9
MDS-SCBD,YMY-BTB,17.94,15.8
MDS-SCBD,GLLR-GLLR,27.54,30.2
MDS-SCBD,CSRR-CSRR,14.91,13.4
MDS-SCBD,MTSJ-MTSJ,4.54,6.5
MDS-SCBD,CST-GLN,6.21,7.7
MDS-SCBD,MBG-MBG,10.15,11.9
MDS-SCBD,CST-MBG,24.94,24
MDS-SCBD,GDK-KGD,22.12,18.4
MDS-SCBD,GDK-SCBD,1.24,2.2
MDS-SCBD,CST-AYM,15.78,18.5
MDS-SCBD,WTC-WTC,10.9,11.2
MDS-SCBD,FYN-FYN,4.43,5.1
MDS-SCBD,CST-FDC,4.28,7.5
MDS-SCBD,MDS-MDS,3.85,5.6
MDS-SCBD,MDS-SCBD,0,0
MDS-SCBD,HKN-HKN,23.16,22.3
HKN-HKN,GDS,55.54,45.9
HKN-HKN,CRD,25.98,23.9
HKN-HKN,KJT,15.09,14.9
HKN-HKN,BKS,1.84,2.3
HKN-HKN,CBR,10.1,12.7
HKN-HKN,MPG,22.65,22.3
HKN-HKN,RWG,21.69,20
HKN-HKN,KBG,40.48,35.2
HKN-HKN,BSD,42.76,39.2
HKN-HKN,STB,26.91,24
HKN-HKN,MBS,31.65,28.5
HKN-HKN,DMT,46.94,37.1
HKN-HKN,DMG,46.98,37
HKN-HKN,KL_CKG,41.56,33.4
HKN-HKN,KL_KJ,25.76,22.5
HKN-HKN,ASTR-ASTR,40.55,34.9
HKN-HKN,BRW-BRW,20.4,20
HKN-HKN,MGL-MGL,30.92,27
HKN-HKN,WSI-ANCB,31.07,27.4
HKN-HKN,WSI-BTS,31.07,27.4
HKN-HKN,WSI-PIK,47.73,41.1
HKN-HKN,WSI-BSD,47.28,40.8
HKN-HKN,WSI-ANC,37.69,30.9
HKN-HKN,BKB-BKB,34.77,33.5
HKN-HKN,RFS-HANG,28.05,24.3
HKN-HKN,RFS-WOLT,25.62,23.5
HKN-HKN,MBL-MBL,27.26,24.6
HKN-HKN,ADS-ADS,28.02,24.3
HKN-HKN,LML-LML,34.28,32.8
HKN-HKN,HYP-HYP,25.88,22.4
HKN-HKN,SDJ-CNRE,29.16,29.4
HKN-HKN,SDJ-SDJE,22.51,22.6
HKN-HKN,SDJ-PSBC,29.81,26.2
HKN-HKN,SDJ-SCBD,25.79,21.7
HKN-HKN,SDJ-BNTR,32.95,30.7
HKN-HKN,SDJ-CJTA,16.21,15.7
HKN-HKN,SDJ-PJTN,23.2,23.5
HKN-HKN,SDJ-CBLH,32.73,30.3
HKN-HKN,SDJ-KTBT,6.58,10.5
HKN-HKN,SDJ-ODSS,26.29,22.4
HKN-HKN,SDJ-SOET,32.73,30.3
HKN-HKN,SDJ-SMB,8.04,10.3
HKN-HKN,SDJ-CBS,22.4,21.8
HKN-HKN,SDJ-PIM,27.87,25.5
HKN-HKN,SDJ-CBN,32.73,30.3
HKN-HKN,SDJ-BLV,27.16,26.1
HKN-HKN,BFL-BFL,28.48,25.7
HKN-HKN,BFL-KBY,25.28,22.5
HKN-HKN,DCGL-BAR,44.03,36.2
HKN-HKN,DCGS-BAR,49.66,46.2
HKN-HKN,DCGL-KITC,44.03,36.2
HKN-HKN,DCGS-KITC,44.03,36.2
HKN-HKN,DCBM-BAR,26.71,23.8
HKN-HKN,DCBM-KITC,26.71,23.8
HKN-HKN,MXW-PGJ,30.21,26.9
HKN-HKN,MXW-KGD,23.97,22.2
HKN-HKN,PPY-MTG,29.53,26.5
HKN-HKN,PPY-CTW,28.07,24.6
HKN-HKN,PPY-PI,27.48,24.5
HKN-HKN,PPY-GDS,55.77,45.9
HKN-HKN,TRF-TRF,24.67,22.5
HKN-HKN,TRF-CNRE,30.29,30.4
HKN-HKN,JOEL-JOEL,25.52,23.5
HKN-HKN,HMD-HMD,32.73,30.3
HKN-HKN,GO_PPL,26.95,24.6
HKN-HKN,GO_TBT,19.6,21.2
HKN-HKN,MDV-KBY,25.42,22.7
HKN-HKN,MDV-KGD,23.25,19.7
HKN-HKN,MDV-PURI,39.02,32.5
HKN-HKN,MDV-PDI,25.42,22.6
HKN-HKN,MDV-BNTR,30.52,28.7
HKN-HKN,MDV-PDHB,33.62,27.5
HKN-HKN,MDV-GRVY,28.05,24.9
HKN-HKN,SPHS-SPHS,28.82,24.3
HKN-HKN,DRSR-DRSR,29.55,26.2
HKN-HKN,EXP-EXP,26.8,23.3
HKN-HKN,EXP-AEON,47.62,42.9
HKN-HKN,HHP-HHP,26.56,23.1
HKN-HKN,GDL-BSD,48.64,45.9
HKN-HKN,GDL-PIK,46.93,39.5
HKN-HKN,GDL-MOI,24.16,23.5
HKN-HKN,GDL-KHI,12.81,12.2
HKN-HKN,GDL-RDL,28.54,25.9
HKN-HKN,GDL-PRGN,32.13,29.2
HKN-HKN,GDL-CNRE,28.38,27.6
HKN-HKN,GDL-PURI,39.57,32.8
HKN-HKN,GDL-ANC,33.31,30.9
HKN-HKN,GDL-GLC,43.58,36.5
HKN-HKN,GDL-SCBD,26.81,23
HKN-HKN,DDF-DDF,35.07,33.1
HKN-HKN,FDMX-VDLM,26.17,25.1
HKN-HKN,JIN-RST,23.96,21.9
HKN-HKN,JIN-CKC,30.2,26.9
HKN-HKN,PDLM-PDLM,25.2,22.5
HKN-HKN,GOF-GD,52.27,43.2
HKN-HKN,SMI-SMI,27.94,24.2
HKN-HKN,CST-RTIW,31.05,28.7
HKN-HKN,GRMK-PSQ,24.3,21.9
HKN-HKN,GRMK-CBN,33.98,29.1
HKN-HKN,GRMK-JUN,7.25,6.7
HKN-HKN,GRMK-KMY,28.86,24.9
HKN-HKN,GRMK-TJD,33.22,28.2
HKN-HKN,GRMK-VTR,28.04,25.8
HKN-HKN,GRMK-STBD,27.12,24.4
HKN-HKN,GRMK-FTM,23.56,21.7
HKN-HKN,GRMK-MRY,37.2,31.1
HKN-HKN,GRMK-DWS,30.35,28.8
HKN-HKN,GRMK-CBR,20.3,19.5
HKN-HKN,GRMK-EMP,37.21,30.5
HKN-HKN,GRMK-CMP,24.88,21.3
HKN-HKN,GRMK-LRT,22.9,21.5
HKN-HKN,GRMK-BSD,45.64,41.8
HKN-HKN,GRMK-GRH,41.32,38.2
HKN-HKN,GRMK-CPNG,17.78,19.5
HKN-HKN,GRMK-PLM,29.64,25.3
HKN-HKN,GRMK-DTA,20.73,20.1
HKN-HKN,GRMK-SOQ,25.24,23
HKN-HKN,GRMK-XML,9.98,12.1
HKN-HKN,GRMK-DMT,41.11,32.9
HKN-HKN,BRIK-STR,25.47,20.4
HKN-HKN,BRIK-ALS,51.81,41.3
HKN-HKN,BRIK-GDB,156.6,116.2
HKN-HKN,BRIK-CKR,28.88,25.7
HKN-HKN,BRIK-NRG,5.73,6.5
HKN-HKN,BRIK-LGK,58.62,46.7
HKN-HKN,BRIK-BLR,78.89,59
HKN-HKN,BRIK-STL,40.88,35.1
HKN-HKN,BRIK-KRW,49.32,40.4
HKN-HKN,BRIK-MTL,43.32,36
HKN-HKN,YMY-BTB,41.39,33.9
HKN-HKN,GLLR-GLLR,47.2,44
HKN-HKN,CSRR-CSRR,38.36,31.6
HKN-HKN,MTSJ-MTSJ,27.99,24.7
HKN-HKN,CST-GLN,28.18,25.4
HKN-HKN,MBG-MBG,23.81,23.3
HKN-HKN,CST-MBG,10.76,11.8
HKN-HKN,GDK-KGD,23.47,22
HKN-HKN,GDK-SCBD,26.47,22.6
HKN-HKN,CST-AYM,24.87,23.5
HKN-HKN,WTC-WTC,20.65,22.7
HKN-HKN,FYN-FYN,27.93,25.1
HKN-HKN,CST-FDC,28.05,26.2
HKN-HKN,MDS-MDS,29.04,25.6
HKN-HKN,MDS-SCBD,26.43,22.7
HKN-HKN,HKN-HKN,0,0